-- MariaDB dump 10.19  Distrib 10.4.28-MariaDB, for Win64 (AMD64)
--
-- Host: localhost    Database: mrp
-- ------------------------------------------------------
-- Server version	10.4.28-MariaDB

/*!40101 SET @OLD_CHARACTER_SET_CLIENT=@@CHARACTER_SET_CLIENT */;
/*!40101 SET @OLD_CHARACTER_SET_RESULTS=@@CHARACTER_SET_RESULTS */;
/*!40101 SET @OLD_COLLATION_CONNECTION=@@COLLATION_CONNECTION */;
/*!40101 SET NAMES utf8mb4 */;
/*!40103 SET @OLD_TIME_ZONE=@@TIME_ZONE */;
/*!40103 SET TIME_ZONE='+00:00' */;
/*!40014 SET @OLD_UNIQUE_CHECKS=@@UNIQUE_CHECKS, UNIQUE_CHECKS=0 */;
/*!40014 SET @OLD_FOREIGN_KEY_CHECKS=@@FOREIGN_KEY_CHECKS, FOREIGN_KEY_CHECKS=0 */;
/*!40101 SET @OLD_SQL_MODE=@@SQL_MODE, SQL_MODE='NO_AUTO_VALUE_ON_ZERO' */;
/*!40111 SET @OLD_SQL_NOTES=@@SQL_NOTES, SQL_NOTES=0 */;

--
-- Table structure for table `assetcategory`
--

DROP TABLE IF EXISTS `assetcategory`;
/*!40101 SET @saved_cs_client     = @@character_set_client */;
/*!40101 SET character_set_client = utf8 */;
CREATE TABLE `assetcategory` (
  `id` bigint(20) NOT NULL AUTO_INCREMENT,
  `name` varchar(50) NOT NULL,
  `code` varchar(50) NOT NULL,
  `description` varchar(50) NOT NULL,
  `priority` int(11) DEFAULT NULL,
  `isPartOf_id` bigint(20) DEFAULT NULL,
  PRIMARY KEY (`id`),
  KEY `assetcategory_isPartOf_id_114f99d9_fk_assetcategory_id` (`isPartOf_id`),
  CONSTRAINT `assetcategory_isPartOf_id_114f99d9_fk_assetcategory_id` FOREIGN KEY (`isPartOf_id`) REFERENCES `assetcategory` (`id`)
) ENGINE=InnoDB AUTO_INCREMENT=11 DEFAULT CHARSET=utf8 COLLATE=utf8_unicode_ci;
/*!40101 SET character_set_client = @saved_cs_client */;

--
-- Dumping data for table `assetcategory`
--

LOCK TABLES `assetcategory` WRITE;
/*!40000 ALTER TABLE `assetcategory` DISABLE KEYS */;
INSERT INTO `assetcategory` VALUES (1,'کاردینگ','','',2,NULL),(2,'پاساژ','','',3,NULL),(3,'فینیشر','','',4,NULL),(4,'رینگ','','',5,NULL),(5,'اتوکنر','','',6,NULL),(6,'لاکنی','','',7,NULL),(7,'دولاتاب','','',8,NULL),(8,'هیت ست','','',9,NULL),(9,'حلاجی','','',1,NULL),(10,'آزاد','','',10,NULL);
/*!40000 ALTER TABLE `assetcategory` ENABLE KEYS */;
UNLOCK TABLES;

--
-- Table structure for table `assetrandemaninit`
--

DROP TABLE IF EXISTS `assetrandemaninit`;
/*!40101 SET @saved_cs_client     = @@character_set_client */;
/*!40101 SET character_set_client = utf8 */;
CREATE TABLE `assetrandemaninit` (
  `id` bigint(20) NOT NULL AUTO_INCREMENT,
  `operator_count` int(11) NOT NULL,
  `max_randeman` decimal(10,0) NOT NULL,
  `randeman_yek_dastgah` decimal(10,0) NOT NULL,
  `randeman_mazrab_3` decimal(10,0) NOT NULL,
  `mablaghe_kole_randeman` decimal(10,0) NOT NULL,
  `mablaghe_kole_randeman_round` decimal(10,0) NOT NULL,
  `randeman_tolid` decimal(10,0) NOT NULL,
  `asset_category_id` bigint(20) NOT NULL,
  PRIMARY KEY (`id`),
  KEY `assetrandemaninit_asset_category_id_5ebcf7b2_fk_assetcategory_id` (`asset_category_id`),
  CONSTRAINT `assetrandemaninit_asset_category_id_5ebcf7b2_fk_assetcategory_id` FOREIGN KEY (`asset_category_id`) REFERENCES `assetcategory` (`id`)
) ENGINE=InnoDB AUTO_INCREMENT=11 DEFAULT CHARSET=utf8 COLLATE=utf8_unicode_ci;
/*!40101 SET character_set_client = @saved_cs_client */;

--
-- Dumping data for table `assetrandemaninit`
--

LOCK TABLES `assetrandemaninit` WRITE;
/*!40000 ALTER TABLE `assetrandemaninit` DISABLE KEYS */;
INSERT INTO `assetrandemaninit` VALUES (1,1,6800000,6800000,20400000,0,0,0,9),(2,1,4900000,4900000,14700000,24054545,24050000,19240000,1),(3,1,4900000,4900000,14700000,24054545,24050000,19240000,2),(4,1,4900000,4900000,14700000,24054545,24050000,19240000,3),(5,8,5900000,47200000,141600000,231709091,231710000,185368000,4),(6,3,4900000,14700000,44100000,72163636,72160000,57728000,5),(7,3,4900000,14700000,44100000,72163636,72160000,57728000,6),(8,3,4900000,14700000,44100000,72163636,72160000,57728000,7),(9,3,4900000,14700000,44100000,72163636,72160000,57728000,8),(10,1,5400000,5400000,16200000,26509091,26510000,21208000,10);
/*!40000 ALTER TABLE `assetrandemaninit` ENABLE KEYS */;
UNLOCK TABLES;

--
-- Table structure for table `assetrandemanlist`
--

DROP TABLE IF EXISTS `assetrandemanlist`;
/*!40101 SET @saved_cs_client     = @@character_set_client */;
/*!40101 SET character_set_client = utf8 */;
CREATE TABLE `assetrandemanlist` (
  `id` bigint(20) NOT NULL AUTO_INCREMENT,
  `mah` int(11) NOT NULL,
  `sal` int(11) NOT NULL,
  PRIMARY KEY (`id`)
) ENGINE=InnoDB AUTO_INCREMENT=30 DEFAULT CHARSET=utf8 COLLATE=utf8_unicode_ci;
/*!40101 SET character_set_client = @saved_cs_client */;

--
-- Dumping data for table `assetrandemanlist`
--

LOCK TABLES `assetrandemanlist` WRITE;
/*!40000 ALTER TABLE `assetrandemanlist` DISABLE KEYS */;
INSERT INTO `assetrandemanlist` VALUES (26,9,1402),(29,10,1402);
/*!40000 ALTER TABLE `assetrandemanlist` ENABLE KEYS */;
UNLOCK TABLES;

--
-- Table structure for table `assetrandemanpermonth`
--

DROP TABLE IF EXISTS `assetrandemanpermonth`;
/*!40101 SET @saved_cs_client     = @@character_set_client */;
/*!40101 SET character_set_client = utf8 */;
CREATE TABLE `assetrandemanpermonth` (
  `id` bigint(20) NOT NULL AUTO_INCREMENT,
  `tolid_value` decimal(10,2) NOT NULL,
  `mah` int(11) NOT NULL,
  `sal` int(11) NOT NULL,
  `asset_category_id` bigint(20) NOT NULL,
  `shift_id` bigint(20) NOT NULL,
  PRIMARY KEY (`id`),
  KEY `assetrandemanpermont_asset_category_id_cc9b6e91_fk_assetcate` (`asset_category_id`),
  KEY `assetrandemanpermonth_shift_id_4a7979c4_fk_shift_id` (`shift_id`),
  CONSTRAINT `assetrandemanpermont_asset_category_id_cc9b6e91_fk_assetcate` FOREIGN KEY (`asset_category_id`) REFERENCES `assetcategory` (`id`),
  CONSTRAINT `assetrandemanpermonth_shift_id_4a7979c4_fk_shift_id` FOREIGN KEY (`shift_id`) REFERENCES `shift` (`id`)
) ENGINE=InnoDB AUTO_INCREMENT=514 DEFAULT CHARSET=utf8 COLLATE=utf8_unicode_ci;
/*!40101 SET character_set_client = @saved_cs_client */;

--
-- Dumping data for table `assetrandemanpermonth`
--

LOCK TABLES `assetrandemanpermonth` WRITE;
/*!40000 ALTER TABLE `assetrandemanpermonth` DISABLE KEYS */;
INSERT INTO `assetrandemanpermonth` VALUES (460,20695691.09,9,1402,5,1),(461,16069129.23,9,1402,5,2),(462,20963179.68,9,1402,5,3),(463,7834300.21,9,1402,2,1),(464,4048670.90,9,1402,2,2),(465,7357028.89,9,1402,2,3),(466,19242666.67,9,1402,7,1),(467,19242666.67,9,1402,7,2),(468,19242666.67,9,1402,7,3),(469,67792781.27,9,1402,4,1),(470,50890766.32,9,1402,4,2),(471,66684452.42,9,1402,4,3),(472,6382911.36,9,1402,3,1),(473,6499845.84,9,1402,3,2),(474,6357242.81,9,1402,3,3),(475,8756742.47,9,1402,1,1),(476,2208401.97,9,1402,1,2),(477,8274855.56,9,1402,1,3),(478,19621706.16,9,1402,6,1),(479,19296815.17,9,1402,6,2),(480,18809478.67,9,1402,6,3),(481,16203107.99,9,1402,8,1),(482,20605576.44,9,1402,8,2),(483,20919315.57,9,1402,8,3),(490,32075703.85,10,1402,5,1),(491,12516138.05,10,1402,5,2),(492,13136158.10,10,1402,5,3),(493,994327.74,10,1402,2,1),(494,1689031.28,10,1402,2,2),(495,16556640.98,10,1402,2,3),(496,19313822.33,10,1402,7,1),(497,19100355.34,10,1402,7,2),(498,19313822.33,10,1402,7,3),(499,63960455.98,10,1402,4,1),(500,61345749.38,10,1402,4,2),(501,60061794.64,10,1402,4,3),(502,111550.33,10,1402,3,1),(503,18985.01,10,1402,3,2),(504,19109464.67,10,1402,3,3),(505,4006080.31,10,1402,1,1),(506,7616959.85,10,1402,1,2),(507,7616959.85,10,1402,1,3),(508,27755425.32,10,1402,6,1),(509,1751821.72,10,1402,6,2),(510,28220752.96,10,1402,6,3),(511,55527287.92,10,1402,8,1),(512,1207938.97,10,1402,8,2),(513,992773.10,10,1402,8,3);
/*!40000 ALTER TABLE `assetrandemanpermonth` ENABLE KEYS */;
UNLOCK TABLES;

--
-- Table structure for table `assets`
--

DROP TABLE IF EXISTS `assets`;
/*!40101 SET @saved_cs_client     = @@character_set_client */;
/*!40101 SET character_set_client = utf8 */;
CREATE TABLE `assets` (
  `id` bigint(20) NOT NULL AUTO_INCREMENT,
  `assetTypes` int(11) DEFAULT NULL,
  `assetName` varchar(100) NOT NULL,
  `assetDescription` varchar(100) DEFAULT NULL,
  `assetCode` varchar(50) DEFAULT NULL,
  `assetAddress` varchar(100) DEFAULT NULL,
  `assetCity` varchar(50) DEFAULT NULL,
  `assetState` varchar(50) DEFAULT NULL,
  `assetZipcode` varchar(50) DEFAULT NULL,
  `assetCountry` varchar(100) DEFAULT NULL,
  `assetAccount` varchar(100) DEFAULT NULL,
  `assetChargeDepartment` varchar(100) DEFAULT NULL,
  `assetNotes` varchar(100) DEFAULT NULL,
  `assetBarcode` int(11) DEFAULT NULL,
  `assetHasPartOf` tinyint(1) NOT NULL,
  `assetAisel` int(11) DEFAULT NULL,
  `assetRow` int(11) DEFAULT NULL,
  `assetBin` int(11) DEFAULT NULL,
  `assetManufacture` varchar(50) DEFAULT NULL,
  `assetModel` varchar(50) DEFAULT NULL,
  `assetSerialNumber` varchar(50) DEFAULT NULL,
  `assetStatus` tinyint(1) NOT NULL,
  `assetIsStock` tinyint(1) NOT NULL,
  `assetTavali` int(11) DEFAULT NULL,
  `assetCategory_id` bigint(20) DEFAULT NULL,
  `assetIsLocatedAt_id` bigint(20) DEFAULT NULL,
  `assetIsPartOf_id` bigint(20) DEFAULT NULL,
  `assetMachineCategory_id` bigint(20) DEFAULT NULL,
  PRIMARY KEY (`id`),
  KEY `assets_assetCategory_id_c2ac8995_fk_assetcategory_id` (`assetCategory_id`),
  KEY `assets_assetIsLocatedAt_id_5d718c44_fk_assets_id` (`assetIsLocatedAt_id`),
  KEY `assets_assetIsPartOf_id_c24c9bca_fk_assets_id` (`assetIsPartOf_id`),
  KEY `assets_assetMachineCategory_id_29b0595a_fk_machinecategory_id` (`assetMachineCategory_id`),
  CONSTRAINT `assets_assetCategory_id_c2ac8995_fk_assetcategory_id` FOREIGN KEY (`assetCategory_id`) REFERENCES `assetcategory` (`id`),
  CONSTRAINT `assets_assetIsLocatedAt_id_5d718c44_fk_assets_id` FOREIGN KEY (`assetIsLocatedAt_id`) REFERENCES `assets` (`id`),
  CONSTRAINT `assets_assetIsPartOf_id_c24c9bca_fk_assets_id` FOREIGN KEY (`assetIsPartOf_id`) REFERENCES `assets` (`id`),
  CONSTRAINT `assets_assetMachineCategory_id_29b0595a_fk_machinecategory_id` FOREIGN KEY (`assetMachineCategory_id`) REFERENCES `machinecategory` (`id`)
) ENGINE=InnoDB AUTO_INCREMENT=23 DEFAULT CHARSET=utf8 COLLATE=utf8_unicode_ci;
/*!40101 SET character_set_client = @saved_cs_client */;

--
-- Dumping data for table `assets`
--

LOCK TABLES `assets` WRITE;
/*!40000 ALTER TABLE `assets` DISABLE KEYS */;
INSERT INTO `assets` VALUES (2,1,'ریسندگی',NULL,'ln1',NULL,NULL,NULL,NULL,NULL,NULL,NULL,NULL,NULL,0,NULL,NULL,NULL,NULL,NULL,NULL,1,0,NULL,NULL,NULL,NULL,NULL),(3,2,'کاردینگ',NULL,'carding_ln1',NULL,NULL,NULL,NULL,NULL,NULL,NULL,NULL,NULL,0,NULL,NULL,NULL,NULL,NULL,NULL,1,0,1,1,2,NULL,NULL),(4,2,'پاساژ',NULL,'pasag_ln1',NULL,NULL,NULL,NULL,NULL,NULL,NULL,NULL,NULL,0,NULL,NULL,NULL,NULL,NULL,NULL,1,0,2,2,2,NULL,NULL),(5,2,'فینیشر',NULL,'finisher_ln1',NULL,NULL,NULL,NULL,NULL,NULL,NULL,NULL,NULL,0,NULL,NULL,NULL,NULL,NULL,NULL,1,0,3,3,2,NULL,NULL),(6,2,'رینگ 1',NULL,'ring1_ln1',NULL,NULL,NULL,NULL,NULL,NULL,NULL,NULL,NULL,0,NULL,NULL,NULL,NULL,NULL,NULL,1,0,4,4,2,NULL,NULL),(7,2,'رینگ 2',NULL,'ring2_ln1',NULL,NULL,NULL,NULL,NULL,NULL,NULL,NULL,NULL,0,NULL,NULL,NULL,NULL,NULL,NULL,1,0,5,4,2,NULL,NULL),(8,2,'رینگ 3',NULL,'ring3_ln1',NULL,NULL,NULL,NULL,NULL,NULL,NULL,NULL,NULL,0,NULL,NULL,NULL,NULL,NULL,NULL,1,0,6,4,2,NULL,NULL),(9,2,'اوتوکنر 1',NULL,'autoconner1_ln1',NULL,NULL,NULL,NULL,NULL,NULL,NULL,NULL,NULL,0,NULL,NULL,NULL,NULL,NULL,NULL,1,0,9,5,2,NULL,NULL),(10,2,'رینگ 4',NULL,'ring4_ln1',NULL,NULL,NULL,NULL,NULL,NULL,NULL,NULL,NULL,0,NULL,NULL,NULL,NULL,NULL,NULL,1,0,7,4,2,NULL,NULL),(11,2,'رینگ زینسر',NULL,'ring_zinser_ln1',NULL,NULL,NULL,NULL,NULL,NULL,NULL,NULL,NULL,0,NULL,NULL,NULL,NULL,NULL,NULL,1,0,8,4,2,NULL,NULL),(12,2,'اوتوکنر 2',NULL,'autoconner2_ln1',NULL,NULL,NULL,NULL,NULL,NULL,NULL,NULL,NULL,0,NULL,NULL,NULL,NULL,NULL,NULL,1,0,10,5,2,NULL,NULL),(13,2,'اوتوکنر 3',NULL,'autoconner3_ln1',NULL,NULL,NULL,NULL,NULL,NULL,NULL,NULL,NULL,0,NULL,NULL,NULL,NULL,NULL,NULL,1,0,11,5,2,NULL,NULL),(14,2,'اوتوکنر 4',NULL,'autoconner4_ln1',NULL,NULL,NULL,NULL,NULL,NULL,NULL,NULL,NULL,0,NULL,NULL,NULL,NULL,NULL,NULL,1,0,12,5,2,NULL,NULL),(15,2,'اوتوکنر 5',NULL,'autoconner4_ln1',NULL,NULL,NULL,NULL,NULL,NULL,NULL,NULL,NULL,0,NULL,NULL,NULL,NULL,NULL,NULL,1,0,13,5,2,NULL,NULL),(16,2,'لاکنی',NULL,'lakoni_ln1',NULL,NULL,NULL,NULL,NULL,NULL,NULL,NULL,NULL,0,NULL,NULL,NULL,NULL,NULL,NULL,1,0,14,6,2,NULL,NULL),(17,2,'دولاتاب 1',NULL,'dolatab1_ln1',NULL,NULL,NULL,NULL,NULL,NULL,NULL,NULL,NULL,0,NULL,NULL,NULL,NULL,NULL,NULL,1,0,15,7,2,NULL,NULL),(18,2,'دولاتاب 2',NULL,'dolatab2_ln1',NULL,NULL,NULL,NULL,NULL,NULL,NULL,NULL,NULL,0,NULL,NULL,NULL,NULL,NULL,NULL,1,0,16,7,2,NULL,NULL),(19,2,'دولاتاب 3',NULL,'dolatab3_ln1',NULL,NULL,NULL,NULL,NULL,NULL,NULL,NULL,NULL,0,NULL,NULL,NULL,NULL,NULL,NULL,1,0,17,7,2,NULL,NULL),(20,1,'هیت ست آرسیا1',NULL,'heatset2_ln1',NULL,NULL,NULL,NULL,NULL,NULL,NULL,NULL,NULL,0,NULL,NULL,NULL,NULL,NULL,NULL,1,0,19,8,2,NULL,NULL),(21,1,'هیت ست آرسیا2',NULL,'heatset3_ln1',NULL,NULL,NULL,NULL,NULL,NULL,NULL,NULL,NULL,0,NULL,NULL,NULL,NULL,NULL,NULL,1,0,20,8,2,NULL,NULL),(22,1,'هیت ست اورنک',NULL,'heatset1_ln1',NULL,NULL,NULL,NULL,NULL,NULL,NULL,NULL,NULL,0,NULL,NULL,NULL,NULL,NULL,NULL,1,0,18,8,2,NULL,NULL);
/*!40000 ALTER TABLE `assets` ENABLE KEYS */;
UNLOCK TABLES;

--
-- Table structure for table `auth_group`
--

DROP TABLE IF EXISTS `auth_group`;
/*!40101 SET @saved_cs_client     = @@character_set_client */;
/*!40101 SET character_set_client = utf8 */;
CREATE TABLE `auth_group` (
  `id` int(11) NOT NULL AUTO_INCREMENT,
  `name` varchar(150) NOT NULL,
  PRIMARY KEY (`id`),
  UNIQUE KEY `name` (`name`)
) ENGINE=InnoDB DEFAULT CHARSET=utf8 COLLATE=utf8_unicode_ci;
/*!40101 SET character_set_client = @saved_cs_client */;

--
-- Dumping data for table `auth_group`
--

LOCK TABLES `auth_group` WRITE;
/*!40000 ALTER TABLE `auth_group` DISABLE KEYS */;
/*!40000 ALTER TABLE `auth_group` ENABLE KEYS */;
UNLOCK TABLES;

--
-- Table structure for table `auth_group_permissions`
--

DROP TABLE IF EXISTS `auth_group_permissions`;
/*!40101 SET @saved_cs_client     = @@character_set_client */;
/*!40101 SET character_set_client = utf8 */;
CREATE TABLE `auth_group_permissions` (
  `id` bigint(20) NOT NULL AUTO_INCREMENT,
  `group_id` int(11) NOT NULL,
  `permission_id` int(11) NOT NULL,
  PRIMARY KEY (`id`),
  UNIQUE KEY `auth_group_permissions_group_id_permission_id_0cd325b0_uniq` (`group_id`,`permission_id`),
  KEY `auth_group_permissio_permission_id_84c5c92e_fk_auth_perm` (`permission_id`),
  CONSTRAINT `auth_group_permissio_permission_id_84c5c92e_fk_auth_perm` FOREIGN KEY (`permission_id`) REFERENCES `auth_permission` (`id`),
  CONSTRAINT `auth_group_permissions_group_id_b120cbf9_fk_auth_group_id` FOREIGN KEY (`group_id`) REFERENCES `auth_group` (`id`)
) ENGINE=InnoDB DEFAULT CHARSET=utf8 COLLATE=utf8_unicode_ci;
/*!40101 SET character_set_client = @saved_cs_client */;

--
-- Dumping data for table `auth_group_permissions`
--

LOCK TABLES `auth_group_permissions` WRITE;
/*!40000 ALTER TABLE `auth_group_permissions` DISABLE KEYS */;
/*!40000 ALTER TABLE `auth_group_permissions` ENABLE KEYS */;
UNLOCK TABLES;

--
-- Table structure for table `auth_permission`
--

DROP TABLE IF EXISTS `auth_permission`;
/*!40101 SET @saved_cs_client     = @@character_set_client */;
/*!40101 SET character_set_client = utf8 */;
CREATE TABLE `auth_permission` (
  `id` int(11) NOT NULL AUTO_INCREMENT,
  `name` varchar(255) NOT NULL,
  `content_type_id` int(11) NOT NULL,
  `codename` varchar(100) NOT NULL,
  PRIMARY KEY (`id`),
  UNIQUE KEY `auth_permission_content_type_id_codename_01ab375a_uniq` (`content_type_id`,`codename`),
  CONSTRAINT `auth_permission_content_type_id_2f476e4b_fk_django_co` FOREIGN KEY (`content_type_id`) REFERENCES `django_content_type` (`id`)
) ENGINE=InnoDB AUTO_INCREMENT=105 DEFAULT CHARSET=utf8 COLLATE=utf8_unicode_ci;
/*!40101 SET character_set_client = @saved_cs_client */;

--
-- Dumping data for table `auth_permission`
--

LOCK TABLES `auth_permission` WRITE;
/*!40000 ALTER TABLE `auth_permission` DISABLE KEYS */;
INSERT INTO `auth_permission` VALUES (1,'Can add log entry',1,'add_logentry'),(2,'Can change log entry',1,'change_logentry'),(3,'Can delete log entry',1,'delete_logentry'),(4,'Can view log entry',1,'view_logentry'),(5,'Can add permission',2,'add_permission'),(6,'Can change permission',2,'change_permission'),(7,'Can delete permission',2,'delete_permission'),(8,'Can view permission',2,'view_permission'),(9,'Can add group',3,'add_group'),(10,'Can change group',3,'change_group'),(11,'Can delete group',3,'delete_group'),(12,'Can view group',3,'view_group'),(13,'Can add user',4,'add_user'),(14,'Can change user',4,'change_user'),(15,'Can delete user',4,'delete_user'),(16,'Can view user',4,'view_user'),(17,'Can add content type',5,'add_contenttype'),(18,'Can change content type',5,'change_contenttype'),(19,'Can delete content type',5,'delete_contenttype'),(20,'Can view content type',5,'view_contenttype'),(21,'Can add session',6,'add_session'),(22,'Can change session',6,'change_session'),(23,'Can delete session',6,'delete_session'),(24,'Can view session',6,'view_session'),(25,'Can add asset category',7,'add_assetcategory'),(26,'Can change asset category',7,'change_assetcategory'),(27,'Can delete asset category',7,'delete_assetcategory'),(28,'Can view asset category',7,'view_assetcategory'),(29,'Can add machine category',8,'add_machinecategory'),(30,'Can change machine category',8,'change_machinecategory'),(31,'Can delete machine category',8,'delete_machinecategory'),(32,'Can view machine category',8,'view_machinecategory'),(33,'Can add asset',9,'add_asset'),(34,'Can change asset',9,'change_asset'),(35,'Can delete asset',9,'delete_asset'),(36,'Can view asset',9,'view_asset'),(37,'Can add daily production',10,'add_dailyproduction'),(38,'Can change daily production',10,'change_dailyproduction'),(39,'Can delete daily production',10,'delete_dailyproduction'),(40,'Can view daily production',10,'view_dailyproduction'),(41,'Can add formula',11,'add_formula'),(42,'Can change formula',11,'change_formula'),(43,'Can delete formula',11,'delete_formula'),(44,'Can view formula',11,'view_formula'),(45,'Can add sys user',12,'add_sysuser'),(46,'Can change sys user',12,'change_sysuser'),(47,'Can delete sys user',12,'delete_sysuser'),(48,'Can view sys user',12,'view_sysuser'),(49,'Can add shift',13,'add_shift'),(50,'Can change shift',13,'change_shift'),(51,'Can delete shift',13,'delete_shift'),(52,'Can view shift',13,'view_shift'),(53,'Can add speed formula',14,'add_speedformula'),(54,'Can change speed formula',14,'change_speedformula'),(55,'Can delete speed formula',14,'delete_speedformula'),(56,'Can view speed formula',14,'view_speedformula'),(57,'Can add production standard',15,'add_productionstandard'),(58,'Can change production standard',15,'change_productionstandard'),(59,'Can delete production standard',15,'delete_productionstandard'),(60,'Can view production standard',15,'view_productionstandard'),(61,'Can add zayeat vaz',16,'add_zayeatvaz'),(62,'Can change zayeat vaz',16,'change_zayeatvaz'),(63,'Can delete zayeat vaz',16,'delete_zayeatvaz'),(64,'Can view zayeat vaz',16,'view_zayeatvaz'),(65,'Can add zayeat',17,'add_zayeat'),(66,'Can change zayeat',17,'change_zayeat'),(67,'Can delete zayeat',17,'delete_zayeat'),(68,'Can view zayeat',17,'view_zayeat'),(69,'Can add failure',18,'add_failure'),(70,'Can change failure',18,'change_failure'),(71,'Can delete failure',18,'delete_failure'),(72,'Can view failure',18,'view_failure'),(73,'Can add asset failure',19,'add_assetfailure'),(74,'Can change asset failure',19,'change_assetfailure'),(75,'Can delete asset failure',19,'delete_assetfailure'),(76,'Can view asset failure',19,'view_assetfailure'),(77,'Can add asset randeman init',20,'add_assetrandemaninit'),(78,'Can change asset randeman init',20,'change_assetrandemaninit'),(79,'Can delete asset randeman init',20,'delete_assetrandemaninit'),(80,'Can view asset randeman init',20,'view_assetrandemaninit'),(81,'Can add asset randeman per month',21,'add_assetrandemanpermonth'),(82,'Can change asset randeman per month',21,'change_assetrandemanpermonth'),(83,'Can delete asset randeman per month',21,'delete_assetrandemanpermonth'),(84,'Can view asset randeman per month',21,'view_assetrandemanpermonth'),(85,'Can add asset randeman list',22,'add_assetrandemanlist'),(86,'Can change asset randeman list',22,'change_assetrandemanlist'),(87,'Can delete asset randeman list',22,'delete_assetrandemanlist'),(88,'Can view asset randeman list',22,'view_assetrandemanlist'),(89,'Can add nezafat padash',23,'add_nezafatpadash'),(90,'Can change nezafat padash',23,'change_nezafatpadash'),(91,'Can delete nezafat padash',23,'delete_nezafatpadash'),(92,'Can view nezafat padash',23,'view_nezafatpadash'),(93,'Can add nezafat ranking',24,'add_nezafatranking'),(94,'Can change nezafat ranking',24,'change_nezafatranking'),(95,'Can delete nezafat ranking',24,'delete_nezafatranking'),(96,'Can view nezafat ranking',24,'view_nezafatranking'),(97,'Can add tolid padash',25,'add_tolidpadash'),(98,'Can change tolid padash',25,'change_tolidpadash'),(99,'Can delete tolid padash',25,'delete_tolidpadash'),(100,'Can view tolid padash',25,'view_tolidpadash'),(101,'Can add tolid ranking',26,'add_tolidranking'),(102,'Can change tolid ranking',26,'change_tolidranking'),(103,'Can delete tolid ranking',26,'delete_tolidranking'),(104,'Can view tolid ranking',26,'view_tolidranking');
/*!40000 ALTER TABLE `auth_permission` ENABLE KEYS */;
UNLOCK TABLES;

--
-- Table structure for table `auth_user`
--

DROP TABLE IF EXISTS `auth_user`;
/*!40101 SET @saved_cs_client     = @@character_set_client */;
/*!40101 SET character_set_client = utf8 */;
CREATE TABLE `auth_user` (
  `id` int(11) NOT NULL AUTO_INCREMENT,
  `password` varchar(128) NOT NULL,
  `last_login` datetime(6) DEFAULT NULL,
  `is_superuser` tinyint(1) NOT NULL,
  `username` varchar(150) NOT NULL,
  `first_name` varchar(150) NOT NULL,
  `last_name` varchar(150) NOT NULL,
  `email` varchar(254) NOT NULL,
  `is_staff` tinyint(1) NOT NULL,
  `is_active` tinyint(1) NOT NULL,
  `date_joined` datetime(6) NOT NULL,
  PRIMARY KEY (`id`),
  UNIQUE KEY `username` (`username`)
) ENGINE=InnoDB AUTO_INCREMENT=2 DEFAULT CHARSET=utf8 COLLATE=utf8_unicode_ci;
/*!40101 SET character_set_client = @saved_cs_client */;

--
-- Dumping data for table `auth_user`
--

LOCK TABLES `auth_user` WRITE;
/*!40000 ALTER TABLE `auth_user` DISABLE KEYS */;
INSERT INTO `auth_user` VALUES (1,'pbkdf2_sha256$260000$3d2GboOdP16IRGYtBrclBN$j6zofB3TcG6687Yjkj9clxu8YogjilUqBmDXhEyCag8=','2024-02-16 04:56:00.632375',1,'admin','','','dsa@ds.com',1,1,'2023-12-02 06:27:37.902847');
/*!40000 ALTER TABLE `auth_user` ENABLE KEYS */;
UNLOCK TABLES;

--
-- Table structure for table `auth_user_groups`
--

DROP TABLE IF EXISTS `auth_user_groups`;
/*!40101 SET @saved_cs_client     = @@character_set_client */;
/*!40101 SET character_set_client = utf8 */;
CREATE TABLE `auth_user_groups` (
  `id` bigint(20) NOT NULL AUTO_INCREMENT,
  `user_id` int(11) NOT NULL,
  `group_id` int(11) NOT NULL,
  PRIMARY KEY (`id`),
  UNIQUE KEY `auth_user_groups_user_id_group_id_94350c0c_uniq` (`user_id`,`group_id`),
  KEY `auth_user_groups_group_id_97559544_fk_auth_group_id` (`group_id`),
  CONSTRAINT `auth_user_groups_group_id_97559544_fk_auth_group_id` FOREIGN KEY (`group_id`) REFERENCES `auth_group` (`id`),
  CONSTRAINT `auth_user_groups_user_id_6a12ed8b_fk_auth_user_id` FOREIGN KEY (`user_id`) REFERENCES `auth_user` (`id`)
) ENGINE=InnoDB DEFAULT CHARSET=utf8 COLLATE=utf8_unicode_ci;
/*!40101 SET character_set_client = @saved_cs_client */;

--
-- Dumping data for table `auth_user_groups`
--

LOCK TABLES `auth_user_groups` WRITE;
/*!40000 ALTER TABLE `auth_user_groups` DISABLE KEYS */;
/*!40000 ALTER TABLE `auth_user_groups` ENABLE KEYS */;
UNLOCK TABLES;

--
-- Table structure for table `auth_user_user_permissions`
--

DROP TABLE IF EXISTS `auth_user_user_permissions`;
/*!40101 SET @saved_cs_client     = @@character_set_client */;
/*!40101 SET character_set_client = utf8 */;
CREATE TABLE `auth_user_user_permissions` (
  `id` bigint(20) NOT NULL AUTO_INCREMENT,
  `user_id` int(11) NOT NULL,
  `permission_id` int(11) NOT NULL,
  PRIMARY KEY (`id`),
  UNIQUE KEY `auth_user_user_permissions_user_id_permission_id_14a6b632_uniq` (`user_id`,`permission_id`),
  KEY `auth_user_user_permi_permission_id_1fbb5f2c_fk_auth_perm` (`permission_id`),
  CONSTRAINT `auth_user_user_permi_permission_id_1fbb5f2c_fk_auth_perm` FOREIGN KEY (`permission_id`) REFERENCES `auth_permission` (`id`),
  CONSTRAINT `auth_user_user_permissions_user_id_a95ead1b_fk_auth_user_id` FOREIGN KEY (`user_id`) REFERENCES `auth_user` (`id`)
) ENGINE=InnoDB DEFAULT CHARSET=utf8 COLLATE=utf8_unicode_ci;
/*!40101 SET character_set_client = @saved_cs_client */;

--
-- Dumping data for table `auth_user_user_permissions`
--

LOCK TABLES `auth_user_user_permissions` WRITE;
/*!40000 ALTER TABLE `auth_user_user_permissions` DISABLE KEYS */;
/*!40000 ALTER TABLE `auth_user_user_permissions` ENABLE KEYS */;
UNLOCK TABLES;

--
-- Table structure for table `dailyproduction`
--

DROP TABLE IF EXISTS `dailyproduction`;
/*!40101 SET @saved_cs_client     = @@character_set_client */;
/*!40101 SET character_set_client = utf8 */;
CREATE TABLE `dailyproduction` (
  `id` bigint(20) NOT NULL AUTO_INCREMENT,
  `dayOfIssue` date NOT NULL,
  `timestamp` datetime(6) NOT NULL,
  `register_user` varchar(100) NOT NULL,
  `nomre` double NOT NULL,
  `counter` double NOT NULL,
  `production_value` double DEFAULT NULL,
  `machine_id` bigint(20) NOT NULL,
  `speed` int(11) NOT NULL,
  `shift_id` bigint(20) NOT NULL,
  `daf_num` double DEFAULT NULL,
  `dook_weight` double DEFAULT NULL,
  `net_weight` double DEFAULT NULL,
  `weight1` double DEFAULT NULL,
  `weight2` double DEFAULT NULL,
  `weight3` double DEFAULT NULL,
  `weight4` double DEFAULT NULL,
  `weight5` double DEFAULT NULL,
  `makhraj_metraj_daf` double DEFAULT NULL,
  `metrajdaf1` double DEFAULT NULL,
  `metrajdaf2` double DEFAULT NULL,
  `metrajdaf3` double DEFAULT NULL,
  `metrajdaf4` double DEFAULT NULL,
  `metrajdaf5` double DEFAULT NULL,
  `metrajdaf6` double DEFAULT NULL,
  `metrajdaf7` double DEFAULT NULL,
  `metrajdaf8` double DEFAULT NULL,
  PRIMARY KEY (`id`),
  UNIQUE KEY `dailyproduction_machine_id_shift_id_dayOfIssue_e9a55b55_uniq` (`machine_id`,`shift_id`,`dayOfIssue`),
  KEY `dailyproduction_machine_id_3581c565_fk_assets_id` (`machine_id`),
  KEY `dailyproduction_shift_id_b0e36c70_fk_shift_id` (`shift_id`),
  CONSTRAINT `dailyproduction_machine_id_3581c565_fk_assets_id` FOREIGN KEY (`machine_id`) REFERENCES `assets` (`id`),
  CONSTRAINT `dailyproduction_shift_id_b0e36c70_fk_shift_id` FOREIGN KEY (`shift_id`) REFERENCES `shift` (`id`)
) ENGINE=InnoDB AUTO_INCREMENT=2437 DEFAULT CHARSET=utf8 COLLATE=utf8_unicode_ci;
/*!40101 SET character_set_client = @saved_cs_client */;

--
-- Dumping data for table `dailyproduction`
--

LOCK TABLES `dailyproduction` WRITE;
/*!40000 ALTER TABLE `dailyproduction` DISABLE KEYS */;
INSERT INTO `dailyproduction` VALUES (937,'2024-01-28','2024-01-29 13:11:26.736021','',25,124.786,2807.68,3,290,1,NULL,NULL,NULL,NULL,NULL,NULL,NULL,NULL,NULL,NULL,NULL,NULL,NULL,NULL,NULL,NULL,NULL),(938,'2024-01-28','2024-01-29 13:11:26.753012','',25,114.589,2578.25,4,290,1,NULL,NULL,NULL,NULL,NULL,NULL,NULL,NULL,NULL,NULL,NULL,NULL,NULL,NULL,NULL,NULL,NULL),(939,'2024-01-28','2024-01-29 13:11:26.770999','',1.7,41.673,1530.23,5,185,1,NULL,NULL,NULL,NULL,NULL,NULL,NULL,NULL,NULL,NULL,NULL,NULL,NULL,NULL,NULL,NULL,NULL),(940,'2024-01-28','2024-01-29 13:11:26.786989','',21,11.27,416.02,6,24,1,NULL,NULL,NULL,NULL,NULL,NULL,NULL,NULL,NULL,NULL,NULL,NULL,NULL,NULL,NULL,NULL,NULL),(941,'2024-01-28','2024-01-29 13:11:26.792988','',21,11.36,419.35,7,24,1,NULL,NULL,NULL,NULL,NULL,NULL,NULL,NULL,NULL,NULL,NULL,NULL,NULL,NULL,NULL,NULL,NULL),(942,'2024-01-28','2024-01-29 13:11:26.802981','',21,11.11,410.12,8,24,1,NULL,NULL,NULL,NULL,NULL,NULL,NULL,NULL,NULL,NULL,NULL,NULL,NULL,NULL,NULL,NULL,NULL),(943,'2024-01-28','2024-01-29 13:11:26.808975','',21,10.96,404.58,10,24,1,NULL,NULL,NULL,NULL,NULL,NULL,NULL,NULL,NULL,NULL,NULL,NULL,NULL,NULL,NULL,NULL,NULL),(944,'2024-01-28','2024-01-29 13:11:26.823967','',21,574,545.3,11,24,1,NULL,NULL,NULL,NULL,NULL,NULL,NULL,NULL,NULL,NULL,NULL,NULL,NULL,NULL,NULL,NULL,NULL),(945,'2024-01-28','2024-01-29 13:11:26.829963','',21,419,398.05,9,1100,1,NULL,NULL,NULL,NULL,NULL,NULL,NULL,NULL,NULL,NULL,NULL,NULL,NULL,NULL,NULL,NULL,NULL),(946,'2024-01-28','2024-01-29 13:11:26.839957','',21,433,411.35,12,1100,1,NULL,NULL,NULL,NULL,NULL,NULL,NULL,NULL,NULL,NULL,NULL,NULL,NULL,NULL,NULL,NULL,NULL),(947,'2024-01-28','2024-01-29 13:11:26.845953','',21,417,396.15,13,1100,1,NULL,NULL,NULL,NULL,NULL,NULL,NULL,NULL,NULL,NULL,NULL,NULL,NULL,NULL,NULL,NULL,NULL),(948,'2024-01-28','2024-01-29 13:11:26.861944','',21,409,388.55,14,1100,1,NULL,NULL,NULL,NULL,NULL,NULL,NULL,NULL,NULL,NULL,NULL,NULL,NULL,NULL,NULL,NULL,NULL),(949,'2024-01-28','2024-01-29 13:11:26.866940','',21,533,506.35,15,1050,1,NULL,NULL,NULL,NULL,NULL,NULL,NULL,NULL,NULL,NULL,NULL,NULL,NULL,NULL,NULL,NULL,NULL),(950,'2024-01-28','2024-01-29 13:11:26.877920','',7,1207,2293.3,16,700,1,NULL,NULL,NULL,NULL,NULL,NULL,NULL,NULL,NULL,NULL,NULL,NULL,NULL,NULL,NULL,NULL,NULL),(951,'2024-01-28','2024-01-29 13:11:26.883915','',7,8,729.6,17,78,1,NULL,NULL,NULL,NULL,NULL,NULL,NULL,NULL,NULL,NULL,NULL,NULL,NULL,NULL,NULL,NULL,NULL),(952,'2024-01-28','2024-01-29 13:11:26.900925','',7,8,729.6,18,78,1,NULL,NULL,NULL,NULL,NULL,NULL,NULL,NULL,NULL,NULL,NULL,NULL,NULL,NULL,NULL,NULL,NULL),(953,'2024-01-28','2024-01-29 13:11:26.959007','',7,8,729.6,19,78,1,NULL,NULL,NULL,NULL,NULL,NULL,NULL,NULL,NULL,NULL,NULL,NULL,NULL,NULL,NULL,NULL,NULL),(954,'2024-01-28','2024-01-29 13:11:26.980041','',25,2.486,55.94,3,290,2,NULL,NULL,NULL,NULL,NULL,NULL,NULL,NULL,NULL,NULL,NULL,NULL,NULL,NULL,NULL,NULL,NULL),(955,'2024-01-28','2024-01-29 13:11:26.987034','',25,35.859,806.83,4,290,2,NULL,NULL,NULL,NULL,NULL,NULL,NULL,NULL,NULL,NULL,NULL,NULL,NULL,NULL,NULL,NULL,NULL),(956,'2024-01-28','2024-01-29 13:11:27.052428','',1.7,63.471,2330.66,5,185,2,NULL,NULL,NULL,NULL,NULL,NULL,NULL,NULL,NULL,NULL,NULL,NULL,NULL,NULL,NULL,NULL,NULL),(957,'2024-01-28','2024-01-29 13:11:27.064338','',21,11.57,427.1,6,24,2,NULL,NULL,NULL,NULL,NULL,NULL,NULL,NULL,NULL,NULL,NULL,NULL,NULL,NULL,NULL,NULL,NULL),(958,'2024-01-28','2024-01-29 13:11:27.071434','',21,11.35,418.98,7,24,2,NULL,NULL,NULL,NULL,NULL,NULL,NULL,NULL,NULL,NULL,NULL,NULL,NULL,NULL,NULL,NULL,NULL),(959,'2024-01-28','2024-01-29 13:11:27.088452','',21,11.29,416.76,8,24,2,NULL,NULL,NULL,NULL,NULL,NULL,NULL,NULL,NULL,NULL,NULL,NULL,NULL,NULL,NULL,NULL,NULL),(960,'2024-01-28','2024-01-29 13:11:27.094922','',21,11.17,412.33,10,24,2,NULL,NULL,NULL,NULL,NULL,NULL,NULL,NULL,NULL,NULL,NULL,NULL,NULL,NULL,NULL,NULL,NULL),(961,'2024-01-28','2024-01-29 13:11:27.106522','',21,581,551.95,11,24,2,NULL,NULL,NULL,NULL,NULL,NULL,NULL,NULL,NULL,NULL,NULL,NULL,NULL,NULL,NULL,NULL,NULL),(962,'2024-01-28','2024-01-29 13:11:27.112529','',21,441,418.95,9,1100,2,NULL,NULL,NULL,NULL,NULL,NULL,NULL,NULL,NULL,NULL,NULL,NULL,NULL,NULL,NULL,NULL,NULL),(963,'2024-01-28','2024-01-29 13:11:27.128574','',21,423,401.85,12,1100,2,NULL,NULL,NULL,NULL,NULL,NULL,NULL,NULL,NULL,NULL,NULL,NULL,NULL,NULL,NULL,NULL,NULL),(964,'2024-01-28','2024-01-29 13:11:27.135017','',21,436,414.2,13,1100,2,NULL,NULL,NULL,NULL,NULL,NULL,NULL,NULL,NULL,NULL,NULL,NULL,NULL,NULL,NULL,NULL,NULL),(965,'2024-01-28','2024-01-29 13:11:27.145993','',21,416,395.2,14,1100,2,NULL,NULL,NULL,NULL,NULL,NULL,NULL,NULL,NULL,NULL,NULL,NULL,NULL,NULL,NULL,NULL,NULL),(966,'2024-01-28','2024-01-29 13:11:27.152987','',21,546,518.7,15,1050,2,NULL,NULL,NULL,NULL,NULL,NULL,NULL,NULL,NULL,NULL,NULL,NULL,NULL,NULL,NULL,NULL,NULL),(967,'2024-01-28','2024-01-29 13:11:27.170976','',7,1239,2354.1,16,700,2,NULL,NULL,NULL,NULL,NULL,NULL,NULL,NULL,NULL,NULL,NULL,NULL,NULL,NULL,NULL,NULL,NULL),(968,'2024-01-28','2024-01-29 13:11:27.176973','',7,8,729.6,17,78,2,NULL,NULL,NULL,NULL,NULL,NULL,NULL,NULL,NULL,NULL,NULL,NULL,NULL,NULL,NULL,NULL,NULL),(969,'2024-01-28','2024-01-29 13:11:27.188965','',7,8,729.6,18,78,2,NULL,NULL,NULL,NULL,NULL,NULL,NULL,NULL,NULL,NULL,NULL,NULL,NULL,NULL,NULL,NULL,NULL),(970,'2024-01-28','2024-01-29 13:11:27.194962','',7,8,729.6,19,78,2,NULL,NULL,NULL,NULL,NULL,NULL,NULL,NULL,NULL,NULL,NULL,NULL,NULL,NULL,NULL,NULL,NULL),(971,'2024-01-28','2024-01-29 13:11:27.213951','',25,107.584,2420.64,3,290,3,NULL,NULL,NULL,NULL,NULL,NULL,NULL,NULL,NULL,NULL,NULL,NULL,NULL,NULL,NULL,NULL,NULL),(972,'2024-01-28','2024-01-29 13:11:27.220945','',25,73.211,1647.25,4,290,3,NULL,NULL,NULL,NULL,NULL,NULL,NULL,NULL,NULL,NULL,NULL,NULL,NULL,NULL,NULL,NULL,NULL),(973,'2024-01-28','2024-01-29 13:11:27.240335','',1.7,29.49,1082.87,5,185,3,NULL,NULL,NULL,NULL,NULL,NULL,NULL,NULL,NULL,NULL,NULL,NULL,NULL,NULL,NULL,NULL,NULL),(974,'2024-01-28','2024-01-29 13:11:27.248466','',21,11.2,413.44,6,24,3,NULL,NULL,NULL,NULL,NULL,NULL,NULL,NULL,NULL,NULL,NULL,NULL,NULL,NULL,NULL,NULL,NULL),(975,'2024-01-28','2024-01-29 13:11:27.262885','',21,11.29,416.76,7,24,3,NULL,NULL,NULL,NULL,NULL,NULL,NULL,NULL,NULL,NULL,NULL,NULL,NULL,NULL,NULL,NULL,NULL),(976,'2024-01-28','2024-01-29 13:11:27.272167','',21,11.1,409.75,8,24,3,NULL,NULL,NULL,NULL,NULL,NULL,NULL,NULL,NULL,NULL,NULL,NULL,NULL,NULL,NULL,NULL,NULL),(977,'2024-01-28','2024-01-29 13:11:27.329030','',21,10.92,403.1,10,24,3,NULL,NULL,NULL,NULL,NULL,NULL,NULL,NULL,NULL,NULL,NULL,NULL,NULL,NULL,NULL,NULL,NULL),(978,'2024-01-28','2024-01-29 13:11:27.351956','',21,586,556.7,11,24,3,NULL,NULL,NULL,NULL,NULL,NULL,NULL,NULL,NULL,NULL,NULL,NULL,NULL,NULL,NULL,NULL,NULL),(979,'2024-01-28','2024-01-29 13:11:27.366491','',21,440,418,9,1100,3,NULL,NULL,NULL,NULL,NULL,NULL,NULL,NULL,NULL,NULL,NULL,NULL,NULL,NULL,NULL,NULL,NULL),(980,'2024-01-28','2024-01-29 13:11:27.384444','',21,440,418,12,1100,3,NULL,NULL,NULL,NULL,NULL,NULL,NULL,NULL,NULL,NULL,NULL,NULL,NULL,NULL,NULL,NULL,NULL),(981,'2024-01-28','2024-01-29 13:11:27.397442','',21,429,407.55,13,1100,3,NULL,NULL,NULL,NULL,NULL,NULL,NULL,NULL,NULL,NULL,NULL,NULL,NULL,NULL,NULL,NULL,NULL),(982,'2024-01-28','2024-01-29 13:11:27.422095','',21,450,427.5,14,1100,3,NULL,NULL,NULL,NULL,NULL,NULL,NULL,NULL,NULL,NULL,NULL,NULL,NULL,NULL,NULL,NULL,NULL),(983,'2024-01-28','2024-01-29 13:11:27.436103','',21,589,559.55,15,1050,3,NULL,NULL,NULL,NULL,NULL,NULL,NULL,NULL,NULL,NULL,NULL,NULL,NULL,NULL,NULL,NULL,NULL),(984,'2024-01-28','2024-01-29 13:11:27.455762','',7,1170,2223,16,700,3,NULL,NULL,NULL,NULL,NULL,NULL,NULL,NULL,NULL,NULL,NULL,NULL,NULL,NULL,NULL,NULL,NULL),(985,'2024-01-28','2024-01-29 13:11:27.470382','',7,8,729.6,17,78,3,NULL,NULL,NULL,NULL,NULL,NULL,NULL,NULL,NULL,NULL,NULL,NULL,NULL,NULL,NULL,NULL,NULL),(986,'2024-01-28','2024-01-29 13:11:27.495364','',7,8,729.6,18,78,3,NULL,NULL,NULL,NULL,NULL,NULL,NULL,NULL,NULL,NULL,NULL,NULL,NULL,NULL,NULL,NULL,NULL),(987,'2024-01-28','2024-01-29 13:11:27.509892','',7,8,729.6,19,78,3,NULL,NULL,NULL,NULL,NULL,NULL,NULL,NULL,NULL,NULL,NULL,NULL,NULL,NULL,NULL,NULL,NULL),(988,'2024-01-21','2024-01-30 12:08:29.651965','',25,104.311,2347,3,290,1,NULL,NULL,NULL,NULL,NULL,NULL,NULL,NULL,NULL,NULL,NULL,NULL,NULL,NULL,NULL,NULL,NULL),(989,'2024-01-21','2024-01-30 12:08:29.663127','',25,99.991,2249.8,4,290,1,NULL,NULL,NULL,NULL,NULL,NULL,NULL,NULL,NULL,NULL,NULL,NULL,NULL,NULL,NULL,NULL,NULL),(990,'2024-01-21','2024-01-30 12:08:29.673965','',1.7,55.503,2038.07,5,185,1,NULL,NULL,NULL,NULL,NULL,NULL,NULL,NULL,NULL,NULL,NULL,NULL,NULL,NULL,NULL,NULL,NULL),(991,'2024-01-21','2024-01-30 12:08:29.683304','',21,11.11,410.12,6,24,1,NULL,NULL,NULL,NULL,NULL,NULL,NULL,NULL,NULL,NULL,NULL,NULL,NULL,NULL,NULL,NULL,NULL),(992,'2024-01-21','2024-01-30 12:08:29.692407','',21,11.28,416.39,7,24,1,NULL,NULL,NULL,NULL,NULL,NULL,NULL,NULL,NULL,NULL,NULL,NULL,NULL,NULL,NULL,NULL,NULL),(993,'2024-01-21','2024-01-30 12:08:29.699485','',21,11.2,413.44,8,24,1,NULL,NULL,NULL,NULL,NULL,NULL,NULL,NULL,NULL,NULL,NULL,NULL,NULL,NULL,NULL,NULL,NULL),(994,'2024-01-21','2024-01-30 12:08:29.709483','',21,11.08,409.01,10,24,1,NULL,NULL,NULL,NULL,NULL,NULL,NULL,NULL,NULL,NULL,NULL,NULL,NULL,NULL,NULL,NULL,NULL),(995,'2024-01-21','2024-01-30 12:08:29.722476','',21,577,548.15,11,24,1,NULL,NULL,NULL,NULL,NULL,NULL,NULL,NULL,NULL,NULL,NULL,NULL,NULL,NULL,NULL,NULL,NULL),(996,'2024-01-21','2024-01-30 12:08:29.729964','',21,414,393.3,9,1100,1,NULL,NULL,NULL,NULL,NULL,NULL,NULL,NULL,NULL,NULL,NULL,NULL,NULL,NULL,NULL,NULL,NULL),(997,'2024-01-21','2024-01-30 12:08:29.738960','',21,413,392.35,12,1100,1,NULL,NULL,NULL,NULL,NULL,NULL,NULL,NULL,NULL,NULL,NULL,NULL,NULL,NULL,NULL,NULL,NULL),(998,'2024-01-21','2024-01-30 12:08:29.746442','',21,421,399.95,13,1100,1,NULL,NULL,NULL,NULL,NULL,NULL,NULL,NULL,NULL,NULL,NULL,NULL,NULL,NULL,NULL,NULL,NULL),(999,'2024-01-21','2024-01-30 12:08:29.754284','',21,432,410.4,14,1100,1,NULL,NULL,NULL,NULL,NULL,NULL,NULL,NULL,NULL,NULL,NULL,NULL,NULL,NULL,NULL,NULL,NULL),(1000,'2024-01-21','2024-01-30 12:08:29.764399','',21,552,524.4,15,1050,1,NULL,NULL,NULL,NULL,NULL,NULL,NULL,NULL,NULL,NULL,NULL,NULL,NULL,NULL,NULL,NULL,NULL),(1001,'2024-01-21','2024-01-30 12:08:29.772972','',7,1189,2259.1,16,700,1,NULL,NULL,NULL,NULL,NULL,NULL,NULL,NULL,NULL,NULL,NULL,NULL,NULL,NULL,NULL,NULL,NULL),(1002,'2024-01-21','2024-01-30 12:08:29.781145','',7,8,729.6,17,78,1,NULL,NULL,NULL,NULL,NULL,NULL,NULL,NULL,NULL,NULL,NULL,NULL,NULL,NULL,NULL,NULL,NULL),(1003,'2024-01-21','2024-01-30 12:08:29.789146','',7,8,729.6,18,78,1,NULL,NULL,NULL,NULL,NULL,NULL,NULL,NULL,NULL,NULL,NULL,NULL,NULL,NULL,NULL,NULL,NULL),(1004,'2024-01-21','2024-01-30 12:08:29.799677','',7,8,729.6,19,78,1,NULL,NULL,NULL,NULL,NULL,NULL,NULL,NULL,NULL,NULL,NULL,NULL,NULL,NULL,NULL,NULL,NULL),(1005,'2024-01-21','2024-01-30 12:08:29.808966','',25,107.487,2418.46,3,290,2,NULL,NULL,NULL,NULL,NULL,NULL,NULL,NULL,NULL,NULL,NULL,NULL,NULL,NULL,NULL,NULL,NULL),(1006,'2024-01-21','2024-01-30 12:08:29.816961','',25,105.625,2376.56,4,290,2,NULL,NULL,NULL,NULL,NULL,NULL,NULL,NULL,NULL,NULL,NULL,NULL,NULL,NULL,NULL,NULL,NULL),(1007,'2024-01-21','2024-01-30 12:08:29.828984','',1.7,56.406,2071.23,5,185,2,NULL,NULL,NULL,NULL,NULL,NULL,NULL,NULL,NULL,NULL,NULL,NULL,NULL,NULL,NULL,NULL,NULL),(1008,'2024-01-21','2024-01-30 12:08:29.864930','',21,11.54,425.99,6,24,2,NULL,NULL,NULL,NULL,NULL,NULL,NULL,NULL,NULL,NULL,NULL,NULL,NULL,NULL,NULL,NULL,NULL),(1009,'2024-01-21','2024-01-30 12:08:29.875802','',21,11.3,417.13,7,24,2,NULL,NULL,NULL,NULL,NULL,NULL,NULL,NULL,NULL,NULL,NULL,NULL,NULL,NULL,NULL,NULL,NULL),(1010,'2024-01-21','2024-01-30 12:08:29.883610','',21,11.21,413.81,8,24,2,NULL,NULL,NULL,NULL,NULL,NULL,NULL,NULL,NULL,NULL,NULL,NULL,NULL,NULL,NULL,NULL,NULL),(1011,'2024-01-21','2024-01-30 12:08:29.893604','',21,11.09,409.38,10,24,2,NULL,NULL,NULL,NULL,NULL,NULL,NULL,NULL,NULL,NULL,NULL,NULL,NULL,NULL,NULL,NULL,NULL),(1012,'2024-01-21','2024-01-30 12:08:29.902861','',21,587,557.65,11,24,2,NULL,NULL,NULL,NULL,NULL,NULL,NULL,NULL,NULL,NULL,NULL,NULL,NULL,NULL,NULL,NULL,NULL),(1013,'2024-01-21','2024-01-30 12:08:29.910612','',21,442,419.9,9,1100,2,NULL,NULL,NULL,NULL,NULL,NULL,NULL,NULL,NULL,NULL,NULL,NULL,NULL,NULL,NULL,NULL,NULL),(1014,'2024-01-21','2024-01-30 12:08:29.921372','',21,437,415.15,12,1100,2,NULL,NULL,NULL,NULL,NULL,NULL,NULL,NULL,NULL,NULL,NULL,NULL,NULL,NULL,NULL,NULL,NULL),(1015,'2024-01-21','2024-01-30 12:08:29.929896','',21,430,408.5,13,1100,2,NULL,NULL,NULL,NULL,NULL,NULL,NULL,NULL,NULL,NULL,NULL,NULL,NULL,NULL,NULL,NULL,NULL),(1016,'2024-01-21','2024-01-30 12:08:29.939469','',21,426,404.7,14,1100,2,NULL,NULL,NULL,NULL,NULL,NULL,NULL,NULL,NULL,NULL,NULL,NULL,NULL,NULL,NULL,NULL,NULL),(1017,'2024-01-21','2024-01-30 12:08:29.949109','',21,575,546.25,15,1050,2,NULL,NULL,NULL,NULL,NULL,NULL,NULL,NULL,NULL,NULL,NULL,NULL,NULL,NULL,NULL,NULL,NULL),(1018,'2024-01-21','2024-01-30 12:08:29.957971','',7,1168,2219.2,16,700,2,NULL,NULL,NULL,NULL,NULL,NULL,NULL,NULL,NULL,NULL,NULL,NULL,NULL,NULL,NULL,NULL,NULL),(1019,'2024-01-21','2024-01-30 12:08:29.966966','',7,8,729.6,17,78,2,NULL,NULL,NULL,NULL,NULL,NULL,NULL,NULL,NULL,NULL,NULL,NULL,NULL,NULL,NULL,NULL,NULL),(1020,'2024-01-21','2024-01-30 12:08:29.975997','',7,8,729.6,18,78,2,NULL,NULL,NULL,NULL,NULL,NULL,NULL,NULL,NULL,NULL,NULL,NULL,NULL,NULL,NULL,NULL,NULL),(1021,'2024-01-21','2024-01-30 12:08:29.984575','',7,8,729.6,19,78,2,NULL,NULL,NULL,NULL,NULL,NULL,NULL,NULL,NULL,NULL,NULL,NULL,NULL,NULL,NULL,NULL,NULL),(1022,'2024-01-21','2024-01-30 12:08:29.995980','',25,90.7,2040.75,3,290,3,NULL,NULL,NULL,NULL,NULL,NULL,NULL,NULL,NULL,NULL,NULL,NULL,NULL,NULL,NULL,NULL,NULL),(1023,'2024-01-21','2024-01-30 12:08:30.003948','',25,86.816,1953.36,4,290,3,NULL,NULL,NULL,NULL,NULL,NULL,NULL,NULL,NULL,NULL,NULL,NULL,NULL,NULL,NULL,NULL,NULL),(1024,'2024-01-21','2024-01-30 12:08:30.014120','',1.7,48.876,1794.73,5,185,3,NULL,NULL,NULL,NULL,NULL,NULL,NULL,NULL,NULL,NULL,NULL,NULL,NULL,NULL,NULL,NULL,NULL),(1025,'2024-01-21','2024-01-30 12:08:30.022095','',21,11.12,410.49,6,24,3,NULL,NULL,NULL,NULL,NULL,NULL,NULL,NULL,NULL,NULL,NULL,NULL,NULL,NULL,NULL,NULL,NULL),(1026,'2024-01-21','2024-01-30 12:08:30.033083','',21,11.36,419.35,7,24,3,NULL,NULL,NULL,NULL,NULL,NULL,NULL,NULL,NULL,NULL,NULL,NULL,NULL,NULL,NULL,NULL,NULL),(1027,'2024-01-21','2024-01-30 12:08:30.042768','',21,10.98,405.32,8,24,3,NULL,NULL,NULL,NULL,NULL,NULL,NULL,NULL,NULL,NULL,NULL,NULL,NULL,NULL,NULL,NULL,NULL),(1028,'2024-01-21','2024-01-30 12:08:30.051063','',21,10.96,404.58,10,24,3,NULL,NULL,NULL,NULL,NULL,NULL,NULL,NULL,NULL,NULL,NULL,NULL,NULL,NULL,NULL,NULL,NULL),(1029,'2024-01-21','2024-01-30 12:08:30.062057','',21,582,552.9,11,24,3,NULL,NULL,NULL,NULL,NULL,NULL,NULL,NULL,NULL,NULL,NULL,NULL,NULL,NULL,NULL,NULL,NULL),(1030,'2024-01-21','2024-01-30 12:08:30.070363','',21,452,429.4,9,1100,3,NULL,NULL,NULL,NULL,NULL,NULL,NULL,NULL,NULL,NULL,NULL,NULL,NULL,NULL,NULL,NULL,NULL),(1031,'2024-01-21','2024-01-30 12:08:30.078390','',21,425,403.75,12,1100,3,NULL,NULL,NULL,NULL,NULL,NULL,NULL,NULL,NULL,NULL,NULL,NULL,NULL,NULL,NULL,NULL,NULL),(1032,'2024-01-21','2024-01-30 12:08:30.086958','',21,414,393.3,13,1100,3,NULL,NULL,NULL,NULL,NULL,NULL,NULL,NULL,NULL,NULL,NULL,NULL,NULL,NULL,NULL,NULL,NULL),(1033,'2024-01-21','2024-01-30 12:08:30.094917','',21,420,399,14,1100,3,NULL,NULL,NULL,NULL,NULL,NULL,NULL,NULL,NULL,NULL,NULL,NULL,NULL,NULL,NULL,NULL,NULL),(1034,'2024-01-21','2024-01-30 12:08:30.101854','',21,554,526.3,15,1050,3,NULL,NULL,NULL,NULL,NULL,NULL,NULL,NULL,NULL,NULL,NULL,NULL,NULL,NULL,NULL,NULL,NULL),(1035,'2024-01-21','2024-01-30 12:08:30.109850','',7,1215,2308.5,16,700,3,NULL,NULL,NULL,NULL,NULL,NULL,NULL,NULL,NULL,NULL,NULL,NULL,NULL,NULL,NULL,NULL,NULL),(1036,'2024-01-21','2024-01-30 12:08:30.119844','',7,8,729.6,17,78,3,NULL,NULL,NULL,NULL,NULL,NULL,NULL,NULL,NULL,NULL,NULL,NULL,NULL,NULL,NULL,NULL,NULL),(1037,'2024-01-21','2024-01-30 12:08:30.127839','',7,8,729.6,18,78,3,NULL,NULL,NULL,NULL,NULL,NULL,NULL,NULL,NULL,NULL,NULL,NULL,NULL,NULL,NULL,NULL,NULL),(1038,'2024-01-21','2024-01-30 12:08:30.136832','',7,8,729.6,19,78,3,NULL,NULL,NULL,NULL,NULL,NULL,NULL,NULL,NULL,NULL,NULL,NULL,NULL,NULL,NULL,NULL,NULL),(1039,'2024-01-21','2024-01-30 12:20:58.165452','',0,0,917.14,22,418,1,0,45000,0,0,17000,0,0,917.14,0,0,0,0,0,0,0,0,0),(1040,'2024-01-21','2024-01-30 12:20:58.172449','',0,0,298.27,20,300,1,0,4700,0,13388,13412,65420,65456,298.27,5800,4795,3044,1684,3997,3987,2568,0,0),(1041,'2024-01-21','2024-01-30 12:20:58.179497','',0,0,353.4,21,300,1,0,4700,0,10840,10876,28468,28504,353.4,5800,4562,264,4368,2973,2542,3800,0,0),(1042,'2024-01-21','2024-01-30 12:20:58.185494','',0,0,1542.86,22,418,2,0,45000,0,17000,17000,0,0,1542.86,0,0,0,0,0,0,0,0,0),(1043,'2024-01-21','2024-01-30 12:20:58.192452','',0,0,297.54,20,300,2,0,4700,0,13412,13436,65456,65492,297.54,5800,5603,3044,4143,377,952,5054,0,0),(1044,'2024-01-21','2024-01-30 12:20:58.199421','',0,0,409.96,21,300,2,0,4700,0,10876,10924,28504,28540,409.96,5800,491,1687,5460,3455,2577,5043,0,0),(1045,'2024-01-21','2024-01-30 12:20:58.209602','',0,0,1534.29,22,418,3,0,45000,0,17000,16000,0,0,1534.29,0,0,0,0,0,0,0,0,0),(1046,'2024-01-21','2024-01-30 12:20:58.218167','',0,0,342.54,20,300,3,0,4700,0,13436,13468,65492,65532,342.54,5800,1040,3044,0,0,1022,0,0,0),(1047,'2024-01-21','2024-01-30 12:20:58.226457','',0,0,412.95,21,300,3,0,4700,0,10924,10960,28540,28590,412.95,5800,2482,2686,959,1324,2945,405,0,0),(1048,'2024-01-22','2024-01-31 09:07:55.233904','',25,104.043,2340.97,3,290,1,NULL,NULL,NULL,NULL,NULL,NULL,NULL,NULL,NULL,NULL,NULL,NULL,NULL,NULL,NULL,NULL,NULL),(1049,'2024-01-22','2024-01-31 09:07:55.242422','',25,92.607,2083.66,4,290,1,NULL,NULL,NULL,NULL,NULL,NULL,NULL,NULL,NULL,NULL,NULL,NULL,NULL,NULL,NULL,NULL,NULL),(1050,'2024-01-22','2024-01-31 09:07:55.252753','',1.7,57.156,2098.77,5,185,1,NULL,NULL,NULL,NULL,NULL,NULL,NULL,NULL,NULL,NULL,NULL,NULL,NULL,NULL,NULL,NULL,NULL),(1051,'2024-01-22','2024-01-31 09:07:55.273932','',21,11.09,409.38,6,24,1,NULL,NULL,NULL,NULL,NULL,NULL,NULL,NULL,NULL,NULL,NULL,NULL,NULL,NULL,NULL,NULL,NULL),(1052,'2024-01-22','2024-01-31 09:07:55.280927','',21,11.27,416.02,7,24,1,NULL,NULL,NULL,NULL,NULL,NULL,NULL,NULL,NULL,NULL,NULL,NULL,NULL,NULL,NULL,NULL,NULL),(1053,'2024-01-22','2024-01-31 09:07:55.290867','',21,11.14,411.23,8,24,1,NULL,NULL,NULL,NULL,NULL,NULL,NULL,NULL,NULL,NULL,NULL,NULL,NULL,NULL,NULL,NULL,NULL),(1054,'2024-01-22','2024-01-31 09:07:55.320822','',21,11.08,409.01,10,24,1,NULL,NULL,NULL,NULL,NULL,NULL,NULL,NULL,NULL,NULL,NULL,NULL,NULL,NULL,NULL,NULL,NULL),(1055,'2024-01-22','2024-01-31 09:07:55.347956','',21,580,551,11,24,1,NULL,NULL,NULL,NULL,NULL,NULL,NULL,NULL,NULL,NULL,NULL,NULL,NULL,NULL,NULL,NULL,NULL),(1056,'2024-01-22','2024-01-31 09:07:55.356620','',21,424,402.8,9,1100,1,NULL,NULL,NULL,NULL,NULL,NULL,NULL,NULL,NULL,NULL,NULL,NULL,NULL,NULL,NULL,NULL,NULL),(1057,'2024-01-22','2024-01-31 09:07:55.373269','',21,446,423.7,12,1100,1,NULL,NULL,NULL,NULL,NULL,NULL,NULL,NULL,NULL,NULL,NULL,NULL,NULL,NULL,NULL,NULL,NULL),(1058,'2024-01-22','2024-01-31 09:07:55.382270','',21,416,395.2,13,1100,1,NULL,NULL,NULL,NULL,NULL,NULL,NULL,NULL,NULL,NULL,NULL,NULL,NULL,NULL,NULL,NULL,NULL),(1059,'2024-01-22','2024-01-31 09:07:55.391483','',21,417,396.15,14,1100,1,NULL,NULL,NULL,NULL,NULL,NULL,NULL,NULL,NULL,NULL,NULL,NULL,NULL,NULL,NULL,NULL,NULL),(1060,'2024-01-22','2024-01-31 09:07:55.399427','',21,570,541.5,15,1050,1,NULL,NULL,NULL,NULL,NULL,NULL,NULL,NULL,NULL,NULL,NULL,NULL,NULL,NULL,NULL,NULL,NULL),(1061,'2024-01-22','2024-01-31 09:07:55.428821','',7,1170,2223,16,700,1,NULL,NULL,NULL,NULL,NULL,NULL,NULL,NULL,NULL,NULL,NULL,NULL,NULL,NULL,NULL,NULL,NULL),(1062,'2024-01-22','2024-01-31 09:07:55.439541','',7,8,729.6,17,78,1,NULL,NULL,NULL,NULL,NULL,NULL,NULL,NULL,NULL,NULL,NULL,NULL,NULL,NULL,NULL,NULL,NULL),(1063,'2024-01-22','2024-01-31 09:07:55.458347','',7,8,729.6,18,78,1,NULL,NULL,NULL,NULL,NULL,NULL,NULL,NULL,NULL,NULL,NULL,NULL,NULL,NULL,NULL,NULL,NULL),(1064,'2024-01-22','2024-01-31 09:07:55.469584','',7,8,729.6,19,78,1,NULL,NULL,NULL,NULL,NULL,NULL,NULL,NULL,NULL,NULL,NULL,NULL,NULL,NULL,NULL,NULL,NULL),(1065,'2024-01-22','2024-01-31 09:07:55.477321','',25,35.87,807.07,3,290,2,NULL,NULL,NULL,NULL,NULL,NULL,NULL,NULL,NULL,NULL,NULL,NULL,NULL,NULL,NULL,NULL,NULL),(1066,'2024-01-22','2024-01-31 09:07:55.487228','',25,73.858,1661.81,4,290,2,NULL,NULL,NULL,NULL,NULL,NULL,NULL,NULL,NULL,NULL,NULL,NULL,NULL,NULL,NULL,NULL,NULL),(1067,'2024-01-22','2024-01-31 09:07:55.506929','',1.7,62.534,2296.25,5,185,2,NULL,NULL,NULL,NULL,NULL,NULL,NULL,NULL,NULL,NULL,NULL,NULL,NULL,NULL,NULL,NULL,NULL),(1068,'2024-01-22','2024-01-31 09:07:55.515545','',21,11.27,416.02,6,24,2,NULL,NULL,NULL,NULL,NULL,NULL,NULL,NULL,NULL,NULL,NULL,NULL,NULL,NULL,NULL,NULL,NULL),(1069,'2024-01-22','2024-01-31 09:07:55.523737','',21,11.31,417.5,7,24,2,NULL,NULL,NULL,NULL,NULL,NULL,NULL,NULL,NULL,NULL,NULL,NULL,NULL,NULL,NULL,NULL,NULL),(1070,'2024-01-22','2024-01-31 09:07:55.530939','',21,11.23,414.55,8,24,2,NULL,NULL,NULL,NULL,NULL,NULL,NULL,NULL,NULL,NULL,NULL,NULL,NULL,NULL,NULL,NULL,NULL),(1071,'2024-01-22','2024-01-31 09:07:55.545996','',21,10.96,404.58,10,24,2,NULL,NULL,NULL,NULL,NULL,NULL,NULL,NULL,NULL,NULL,NULL,NULL,NULL,NULL,NULL,NULL,NULL),(1072,'2024-01-22','2024-01-31 09:07:55.555507','',21,571,542.45,11,24,2,NULL,NULL,NULL,NULL,NULL,NULL,NULL,NULL,NULL,NULL,NULL,NULL,NULL,NULL,NULL,NULL,NULL),(1073,'2024-01-22','2024-01-31 09:07:55.562195','',21,430,408.5,9,1100,2,NULL,NULL,NULL,NULL,NULL,NULL,NULL,NULL,NULL,NULL,NULL,NULL,NULL,NULL,NULL,NULL,NULL),(1074,'2024-01-22','2024-01-31 09:07:55.571874','',21,431,409.45,12,1100,2,NULL,NULL,NULL,NULL,NULL,NULL,NULL,NULL,NULL,NULL,NULL,NULL,NULL,NULL,NULL,NULL,NULL),(1075,'2024-01-22','2024-01-31 09:07:55.592198','',21,426,404.7,13,1100,2,NULL,NULL,NULL,NULL,NULL,NULL,NULL,NULL,NULL,NULL,NULL,NULL,NULL,NULL,NULL,NULL,NULL),(1076,'2024-01-22','2024-01-31 09:07:55.600328','',21,408,387.6,14,1100,2,NULL,NULL,NULL,NULL,NULL,NULL,NULL,NULL,NULL,NULL,NULL,NULL,NULL,NULL,NULL,NULL,NULL),(1077,'2024-01-22','2024-01-31 09:07:55.607048','',21,516,490.2,15,1050,2,NULL,NULL,NULL,NULL,NULL,NULL,NULL,NULL,NULL,NULL,NULL,NULL,NULL,NULL,NULL,NULL,NULL),(1078,'2024-01-22','2024-01-31 09:07:55.613798','',7,1206,2291.4,16,700,2,NULL,NULL,NULL,NULL,NULL,NULL,NULL,NULL,NULL,NULL,NULL,NULL,NULL,NULL,NULL,NULL,NULL),(1079,'2024-01-22','2024-01-31 09:07:55.628185','',7,8,729.6,17,78,2,NULL,NULL,NULL,NULL,NULL,NULL,NULL,NULL,NULL,NULL,NULL,NULL,NULL,NULL,NULL,NULL,NULL),(1080,'2024-01-22','2024-01-31 09:07:55.636815','',7,8,729.6,18,78,2,NULL,NULL,NULL,NULL,NULL,NULL,NULL,NULL,NULL,NULL,NULL,NULL,NULL,NULL,NULL,NULL,NULL),(1081,'2024-01-22','2024-01-31 09:07:55.655826','',7,8,729.6,19,78,2,NULL,NULL,NULL,NULL,NULL,NULL,NULL,NULL,NULL,NULL,NULL,NULL,NULL,NULL,NULL,NULL,NULL),(1082,'2024-01-22','2024-01-31 09:07:55.662807','',25,95.332,2144.97,3,290,3,NULL,NULL,NULL,NULL,NULL,NULL,NULL,NULL,NULL,NULL,NULL,NULL,NULL,NULL,NULL,NULL,NULL),(1083,'2024-01-22','2024-01-31 09:07:55.678121','',25,56.848,1279.08,4,290,3,NULL,NULL,NULL,NULL,NULL,NULL,NULL,NULL,NULL,NULL,NULL,NULL,NULL,NULL,NULL,NULL,NULL),(1084,'2024-01-22','2024-01-31 09:07:55.688563','',1.7,49.532,1818.82,5,185,3,NULL,NULL,NULL,NULL,NULL,NULL,NULL,NULL,NULL,NULL,NULL,NULL,NULL,NULL,NULL,NULL,NULL),(1085,'2024-01-22','2024-01-31 09:07:55.695530','',21,11.17,412.33,6,24,3,NULL,NULL,NULL,NULL,NULL,NULL,NULL,NULL,NULL,NULL,NULL,NULL,NULL,NULL,NULL,NULL,NULL),(1086,'2024-01-22','2024-01-31 09:07:55.702857','',21,11.16,411.96,7,24,3,NULL,NULL,NULL,NULL,NULL,NULL,NULL,NULL,NULL,NULL,NULL,NULL,NULL,NULL,NULL,NULL,NULL),(1087,'2024-01-22','2024-01-31 09:07:55.723289','',21,10.78,397.94,8,24,3,NULL,NULL,NULL,NULL,NULL,NULL,NULL,NULL,NULL,NULL,NULL,NULL,NULL,NULL,NULL,NULL,NULL),(1088,'2024-01-22','2024-01-31 09:07:55.731051','',21,11.12,410.49,10,24,3,NULL,NULL,NULL,NULL,NULL,NULL,NULL,NULL,NULL,NULL,NULL,NULL,NULL,NULL,NULL,NULL,NULL),(1089,'2024-01-22','2024-01-31 09:07:55.738359','',21,584,554.8,11,24,3,NULL,NULL,NULL,NULL,NULL,NULL,NULL,NULL,NULL,NULL,NULL,NULL,NULL,NULL,NULL,NULL,NULL),(1090,'2024-01-22','2024-01-31 09:07:55.746375','',21,380,361,9,1100,3,NULL,NULL,NULL,NULL,NULL,NULL,NULL,NULL,NULL,NULL,NULL,NULL,NULL,NULL,NULL,NULL,NULL),(1091,'2024-01-22','2024-01-31 09:07:55.760807','',21,419,398.05,12,1100,3,NULL,NULL,NULL,NULL,NULL,NULL,NULL,NULL,NULL,NULL,NULL,NULL,NULL,NULL,NULL,NULL,NULL),(1092,'2024-01-22','2024-01-31 09:07:55.770540','',21,431,409.45,13,1100,3,NULL,NULL,NULL,NULL,NULL,NULL,NULL,NULL,NULL,NULL,NULL,NULL,NULL,NULL,NULL,NULL,NULL),(1093,'2024-01-22','2024-01-31 09:07:55.777047','',21,427,405.65,14,1100,3,NULL,NULL,NULL,NULL,NULL,NULL,NULL,NULL,NULL,NULL,NULL,NULL,NULL,NULL,NULL,NULL,NULL),(1094,'2024-01-22','2024-01-31 09:07:55.786054','',21,588,558.6,15,1050,3,NULL,NULL,NULL,NULL,NULL,NULL,NULL,NULL,NULL,NULL,NULL,NULL,NULL,NULL,NULL,NULL,NULL),(1095,'2024-01-22','2024-01-31 09:07:55.807014','',7,1129,2145.1,16,700,3,NULL,NULL,NULL,NULL,NULL,NULL,NULL,NULL,NULL,NULL,NULL,NULL,NULL,NULL,NULL,NULL,NULL),(1096,'2024-01-22','2024-01-31 09:07:55.827170','',7,8,729.6,17,78,3,NULL,NULL,NULL,NULL,NULL,NULL,NULL,NULL,NULL,NULL,NULL,NULL,NULL,NULL,NULL,NULL,NULL),(1097,'2024-01-22','2024-01-31 09:07:55.836652','',7,8,729.6,18,78,3,NULL,NULL,NULL,NULL,NULL,NULL,NULL,NULL,NULL,NULL,NULL,NULL,NULL,NULL,NULL,NULL,NULL),(1098,'2024-01-22','2024-01-31 09:07:55.843890','',7,8,729.6,19,78,3,NULL,NULL,NULL,NULL,NULL,NULL,NULL,NULL,NULL,NULL,NULL,NULL,NULL,NULL,NULL,NULL,NULL),(1099,'2024-01-22','2024-01-31 10:36:02.974308','',0,0,1517.14,22,418,1,0,45000,0,16000,13000,0,0,1517.14,0,0,0,0,0,0,0,0,0),(1100,'2024-01-22','2024-01-31 10:36:02.985301','',0,0,238.28,20,300,1,0,4700,0,13468,13492,8,32,238.28,5800,3134,3044,4139,132,3107,2096,0,0),(1101,'2024-01-22','2024-01-31 10:36:02.993747','',0,0,287.59,21,300,1,0,4700,0,10960,10996,28590,28612,287.59,5800,2690,3201,3721,3343,2387,3158,0,0),(1102,'2024-01-22','2024-01-31 10:36:03.003620','',0,0,1551.43,22,418,2,0,45000,0,13000,14000,0,0,1551.43,0,0,0,0,0,0,0,0,0),(1103,'2024-01-22','2024-01-31 10:36:03.012074','',0,0,282.97,20,300,2,0,4700,0,13492,13516,32,64,282.97,5800,4600,3000,4300,6100,3700,2700,0,0),(1104,'2024-01-22','2024-01-31 10:36:03.022278','',0,0,355.43,21,300,2,0,4700,0,10996,11032,28612,28648,355.43,5800,5200,4400,1100,4789,2416,3116,0,0),(1105,'2024-01-22','2024-01-31 10:36:03.029960','',0,0,1500,22,418,3,0,45000,0,14000,9000,0,0,1500,0,0,0,0,0,0,0,0,0),(1106,'2024-01-22','2024-01-31 10:36:03.038450','',0,0,330.32,20,300,3,0,4700,0,13516,13548,64,100,330.32,5800,394,3044,162,3172,3036,3427,0,0),(1107,'2024-01-22','2024-01-31 10:36:03.047105','',0,0,387.7,21,300,3,0,4700,0,11032,11072,28648,28688,387.7,5800,274,3347,1738,29,4037,5012,0,0),(1108,'2024-02-02','2024-02-03 11:27:38.276960','',25,0,0,3,290,1,NULL,NULL,NULL,NULL,NULL,NULL,NULL,NULL,NULL,NULL,NULL,NULL,NULL,NULL,NULL,NULL,NULL),(1109,'2024-02-02','2024-02-03 11:27:38.290523','',25,0,0,4,290,1,NULL,NULL,NULL,NULL,NULL,NULL,NULL,NULL,NULL,NULL,NULL,NULL,NULL,NULL,NULL,NULL,NULL),(1110,'2024-02-02','2024-02-03 11:27:38.307590','',1.7,0,0,5,185,1,NULL,NULL,NULL,NULL,NULL,NULL,NULL,NULL,NULL,NULL,NULL,NULL,NULL,NULL,NULL,NULL,NULL),(1111,'2024-02-02','2024-02-03 11:27:38.315586','',21,0,0,6,24,1,NULL,NULL,NULL,NULL,NULL,NULL,NULL,NULL,NULL,NULL,NULL,NULL,NULL,NULL,NULL,NULL,NULL),(1112,'2024-02-02','2024-02-03 11:27:38.330411','',21,0,0,7,24,1,NULL,NULL,NULL,NULL,NULL,NULL,NULL,NULL,NULL,NULL,NULL,NULL,NULL,NULL,NULL,NULL,NULL),(1113,'2024-02-02','2024-02-03 11:27:38.339281','',21,0,0,8,24,1,NULL,NULL,NULL,NULL,NULL,NULL,NULL,NULL,NULL,NULL,NULL,NULL,NULL,NULL,NULL,NULL,NULL),(1114,'2024-02-02','2024-02-03 11:27:38.356602','',21,0,0,10,24,1,NULL,NULL,NULL,NULL,NULL,NULL,NULL,NULL,NULL,NULL,NULL,NULL,NULL,NULL,NULL,NULL,NULL),(1115,'2024-02-02','2024-02-03 11:27:38.363751','',21,0,0,11,24,1,NULL,NULL,NULL,NULL,NULL,NULL,NULL,NULL,NULL,NULL,NULL,NULL,NULL,NULL,NULL,NULL,NULL),(1116,'2024-02-02','2024-02-03 11:27:38.377185','',21,0,0,9,1100,1,NULL,NULL,NULL,NULL,NULL,NULL,NULL,NULL,NULL,NULL,NULL,NULL,NULL,NULL,NULL,NULL,NULL),(1117,'2024-02-02','2024-02-03 11:27:38.409165','',21,0,0,12,1100,1,NULL,NULL,NULL,NULL,NULL,NULL,NULL,NULL,NULL,NULL,NULL,NULL,NULL,NULL,NULL,NULL,NULL),(1118,'2024-02-02','2024-02-03 11:27:38.417644','',21,0,0,13,1100,1,NULL,NULL,NULL,NULL,NULL,NULL,NULL,NULL,NULL,NULL,NULL,NULL,NULL,NULL,NULL,NULL,NULL),(1119,'2024-02-02','2024-02-03 11:27:38.430474','',21,0,0,14,1100,1,NULL,NULL,NULL,NULL,NULL,NULL,NULL,NULL,NULL,NULL,NULL,NULL,NULL,NULL,NULL,NULL,NULL),(1120,'2024-02-02','2024-02-03 11:27:38.439329','',21,0,0,15,1050,1,NULL,NULL,NULL,NULL,NULL,NULL,NULL,NULL,NULL,NULL,NULL,NULL,NULL,NULL,NULL,NULL,NULL),(1121,'2024-02-02','2024-02-03 11:27:38.458307','',7,0,0,16,700,1,NULL,NULL,NULL,NULL,NULL,NULL,NULL,NULL,NULL,NULL,NULL,NULL,NULL,NULL,NULL,NULL,NULL),(1122,'2024-02-02','2024-02-03 11:27:38.465291','',7,8,729.6,17,78,1,NULL,NULL,NULL,NULL,NULL,NULL,NULL,NULL,NULL,NULL,NULL,NULL,NULL,NULL,NULL,NULL,NULL),(1123,'2024-02-02','2024-02-03 11:27:38.478369','',7,8,729.6,18,78,1,NULL,NULL,NULL,NULL,NULL,NULL,NULL,NULL,NULL,NULL,NULL,NULL,NULL,NULL,NULL,NULL,NULL),(1124,'2024-02-02','2024-02-03 11:27:38.486129','',7,8,729.6,19,78,1,NULL,NULL,NULL,NULL,NULL,NULL,NULL,NULL,NULL,NULL,NULL,NULL,NULL,NULL,NULL,NULL,NULL),(1125,'2024-02-02','2024-02-03 11:27:38.504711','',25,97.592,2195.82,3,290,2,NULL,NULL,NULL,NULL,NULL,NULL,NULL,NULL,NULL,NULL,NULL,NULL,NULL,NULL,NULL,NULL,NULL),(1126,'2024-02-02','2024-02-03 11:27:38.514345','',25,95.524,2149.29,4,290,2,NULL,NULL,NULL,NULL,NULL,NULL,NULL,NULL,NULL,NULL,NULL,NULL,NULL,NULL,NULL,NULL,NULL),(1127,'2024-02-02','2024-02-03 11:27:38.527484','',1.7,58.149,2135.23,5,185,2,NULL,NULL,NULL,NULL,NULL,NULL,NULL,NULL,NULL,NULL,NULL,NULL,NULL,NULL,NULL,NULL,NULL),(1128,'2024-02-02','2024-02-03 11:27:38.551703','',21,11.36,419.35,6,24,2,NULL,NULL,NULL,NULL,NULL,NULL,NULL,NULL,NULL,NULL,NULL,NULL,NULL,NULL,NULL,NULL,NULL),(1129,'2024-02-02','2024-02-03 11:27:38.564474','',21,0,0,7,24,2,NULL,NULL,NULL,NULL,NULL,NULL,NULL,NULL,NULL,NULL,NULL,NULL,NULL,NULL,NULL,NULL,NULL),(1130,'2024-02-02','2024-02-03 11:27:38.573586','',21,11.39,420.45,8,24,2,NULL,NULL,NULL,NULL,NULL,NULL,NULL,NULL,NULL,NULL,NULL,NULL,NULL,NULL,NULL,NULL,NULL),(1131,'2024-02-02','2024-02-03 11:27:38.590866','',21,11.22,414.18,10,24,2,NULL,NULL,NULL,NULL,NULL,NULL,NULL,NULL,NULL,NULL,NULL,NULL,NULL,NULL,NULL,NULL,NULL),(1132,'2024-02-02','2024-02-03 11:27:38.599159','',21,581,551.95,11,24,2,NULL,NULL,NULL,NULL,NULL,NULL,NULL,NULL,NULL,NULL,NULL,NULL,NULL,NULL,NULL,NULL,NULL),(1133,'2024-02-02','2024-02-03 11:27:38.612369','',21,440,418,9,1100,2,NULL,NULL,NULL,NULL,NULL,NULL,NULL,NULL,NULL,NULL,NULL,NULL,NULL,NULL,NULL,NULL,NULL),(1134,'2024-02-02','2024-02-03 11:27:38.621286','',21,0,0,12,1100,2,NULL,NULL,NULL,NULL,NULL,NULL,NULL,NULL,NULL,NULL,NULL,NULL,NULL,NULL,NULL,NULL,NULL),(1135,'2024-02-02','2024-02-03 11:27:38.639509','',21,420,399,13,1100,2,NULL,NULL,NULL,NULL,NULL,NULL,NULL,NULL,NULL,NULL,NULL,NULL,NULL,NULL,NULL,NULL,NULL),(1136,'2024-02-02','2024-02-03 11:27:38.647425','',21,426,404.7,14,1100,2,NULL,NULL,NULL,NULL,NULL,NULL,NULL,NULL,NULL,NULL,NULL,NULL,NULL,NULL,NULL,NULL,NULL),(1137,'2024-02-02','2024-02-03 11:27:38.659930','',21,581,551.95,15,1050,2,NULL,NULL,NULL,NULL,NULL,NULL,NULL,NULL,NULL,NULL,NULL,NULL,NULL,NULL,NULL,NULL,NULL),(1138,'2024-02-02','2024-02-03 11:27:38.667234','',7,1210,2299,16,700,2,NULL,NULL,NULL,NULL,NULL,NULL,NULL,NULL,NULL,NULL,NULL,NULL,NULL,NULL,NULL,NULL,NULL),(1139,'2024-02-02','2024-02-03 11:27:38.685345','',7,8,729.6,17,78,2,NULL,NULL,NULL,NULL,NULL,NULL,NULL,NULL,NULL,NULL,NULL,NULL,NULL,NULL,NULL,NULL,NULL),(1140,'2024-02-02','2024-02-03 11:27:38.692352','',7,8,729.6,18,78,2,NULL,NULL,NULL,NULL,NULL,NULL,NULL,NULL,NULL,NULL,NULL,NULL,NULL,NULL,NULL,NULL,NULL),(1141,'2024-02-02','2024-02-03 11:27:38.706063','',7,8,729.6,19,78,2,NULL,NULL,NULL,NULL,NULL,NULL,NULL,NULL,NULL,NULL,NULL,NULL,NULL,NULL,NULL,NULL,NULL),(1142,'2024-02-02','2024-02-03 11:27:38.714416','',25,88.006,1980.13,3,290,3,NULL,NULL,NULL,NULL,NULL,NULL,NULL,NULL,NULL,NULL,NULL,NULL,NULL,NULL,NULL,NULL,NULL),(1143,'2024-02-02','2024-02-03 11:27:38.732226','',25,85.983,1934.62,4,290,3,NULL,NULL,NULL,NULL,NULL,NULL,NULL,NULL,NULL,NULL,NULL,NULL,NULL,NULL,NULL,NULL,NULL),(1144,'2024-02-02','2024-02-03 11:27:38.740340','',1.7,50.688,1861.26,5,185,3,NULL,NULL,NULL,NULL,NULL,NULL,NULL,NULL,NULL,NULL,NULL,NULL,NULL,NULL,NULL,NULL,NULL),(1145,'2024-02-02','2024-02-03 11:27:38.753857','',21,10.87,401.26,6,24,3,NULL,NULL,NULL,NULL,NULL,NULL,NULL,NULL,NULL,NULL,NULL,NULL,NULL,NULL,NULL,NULL,NULL),(1146,'2024-02-02','2024-02-03 11:27:38.760810','',21,3.59,132.52,7,24,3,NULL,NULL,NULL,NULL,NULL,NULL,NULL,NULL,NULL,NULL,NULL,NULL,NULL,NULL,NULL,NULL,NULL),(1147,'2024-02-02','2024-02-03 11:27:38.778535','',21,9.51,351.05,8,24,3,NULL,NULL,NULL,NULL,NULL,NULL,NULL,NULL,NULL,NULL,NULL,NULL,NULL,NULL,NULL,NULL,NULL),(1148,'2024-02-02','2024-02-03 11:27:38.786007','',21,9.51,351.05,10,24,3,NULL,NULL,NULL,NULL,NULL,NULL,NULL,NULL,NULL,NULL,NULL,NULL,NULL,NULL,NULL,NULL,NULL),(1149,'2024-02-02','2024-02-03 11:27:38.798666','',21,557,529.15,11,24,3,NULL,NULL,NULL,NULL,NULL,NULL,NULL,NULL,NULL,NULL,NULL,NULL,NULL,NULL,NULL,NULL,NULL),(1150,'2024-02-02','2024-02-03 11:27:38.806461','',21,391,371.45,9,1100,3,NULL,NULL,NULL,NULL,NULL,NULL,NULL,NULL,NULL,NULL,NULL,NULL,NULL,NULL,NULL,NULL,NULL),(1151,'2024-02-02','2024-02-03 11:27:38.823705','',21,57,54.15,12,1100,3,NULL,NULL,NULL,NULL,NULL,NULL,NULL,NULL,NULL,NULL,NULL,NULL,NULL,NULL,NULL,NULL,NULL),(1152,'2024-02-02','2024-02-03 11:27:38.832063','',21,364,345.8,13,1100,3,NULL,NULL,NULL,NULL,NULL,NULL,NULL,NULL,NULL,NULL,NULL,NULL,NULL,NULL,NULL,NULL,NULL),(1153,'2024-02-02','2024-02-03 11:27:38.845842','',21,391,371.45,14,1100,3,NULL,NULL,NULL,NULL,NULL,NULL,NULL,NULL,NULL,NULL,NULL,NULL,NULL,NULL,NULL,NULL,NULL),(1154,'2024-02-02','2024-02-03 11:27:38.853473','',21,524,497.8,15,1050,3,NULL,NULL,NULL,NULL,NULL,NULL,NULL,NULL,NULL,NULL,NULL,NULL,NULL,NULL,NULL,NULL,NULL),(1155,'2024-02-02','2024-02-03 11:27:38.871861','',7,1218,2314.2,16,700,3,NULL,NULL,NULL,NULL,NULL,NULL,NULL,NULL,NULL,NULL,NULL,NULL,NULL,NULL,NULL,NULL,NULL),(1156,'2024-02-02','2024-02-03 11:27:38.878705','',7,8,729.6,17,78,3,NULL,NULL,NULL,NULL,NULL,NULL,NULL,NULL,NULL,NULL,NULL,NULL,NULL,NULL,NULL,NULL,NULL),(1157,'2024-02-02','2024-02-03 11:27:38.891685','',7,8,729.6,18,78,3,NULL,NULL,NULL,NULL,NULL,NULL,NULL,NULL,NULL,NULL,NULL,NULL,NULL,NULL,NULL,NULL,NULL),(1158,'2024-02-02','2024-02-03 11:27:38.897988','',7,8,729.6,19,78,3,NULL,NULL,NULL,NULL,NULL,NULL,NULL,NULL,NULL,NULL,NULL,NULL,NULL,NULL,NULL,NULL,NULL),(1159,'2024-02-02','2024-02-03 11:35:43.198613','',0,0,1525.71,22,418,1,0,45000,0,19000,17000,0,0,1525.71,0,0,0,0,0,0,0,0,0),(1160,'2024-02-02','2024-02-03 11:35:43.206694','',0,0,445.49,20,300,1,0,4700,0,47556,47604,34084,34128,445.49,5800,2026,4070,1621,3296,1485,3650,0,0),(1161,'2024-02-02','2024-02-03 11:35:43.215485','',0,0,412.52,21,300,1,0,4700,0,12296,12340,29944,29984,412.52,5800,5035,1670,1169,4473,4226,5293,0,0),(1162,'2024-02-02','2024-02-03 11:35:43.223622','',0,0,1277.14,22,418,2,0,45000,0,0,14000,0,0,1277.14,0,0,0,0,0,0,0,0,0),(1163,'2024-02-02','2024-02-03 11:35:43.237818','',0,0,424.8,20,300,2,0,4700,0,47476,47520,34004,34048,424.8,5800,1927,3921,2371,2408,2286,905,0,0),(1164,'2024-02-02','2024-02-03 11:35:43.245799','',0,0,407.85,21,300,2,0,4700,0,12208,12256,29860,29896,407.85,5800,2739,450,234,4418,3699,4562,0,0),(1165,'2024-02-02','2024-02-03 11:35:43.254601','',0,0,1585.71,22,418,3,0,45000,0,14000,19000,0,0,1585.71,0,0,0,0,0,0,0,0,0),(1166,'2024-02-02','2024-02-03 11:35:43.262903','',0,0,359.9,20,300,3,0,4700,0,47520,47556,34048,34084,359.9,5800,3903,3431,4552,4473,4582,5593,0,0),(1167,'2024-02-02','2024-02-03 11:35:43.272600','',0,0,422.67,21,300,3,0,4700,0,12256,12296,29896,29944,422.67,5800,1248,3573,3123,1603,0,1640,0,0),(1168,'2024-02-01','2024-02-03 11:39:32.094598','',25,97.268,2188.53,3,290,1,NULL,NULL,NULL,NULL,NULL,NULL,NULL,NULL,NULL,NULL,NULL,NULL,NULL,NULL,NULL,NULL,NULL),(1169,'2024-02-01','2024-02-03 11:39:32.102651','',25,93.076,2094.21,4,290,1,NULL,NULL,NULL,NULL,NULL,NULL,NULL,NULL,NULL,NULL,NULL,NULL,NULL,NULL,NULL,NULL,NULL),(1170,'2024-02-01','2024-02-03 11:39:32.120323','',1.7,62.265,2286.37,5,185,1,NULL,NULL,NULL,NULL,NULL,NULL,NULL,NULL,NULL,NULL,NULL,NULL,NULL,NULL,NULL,NULL,NULL),(1171,'2024-02-01','2024-02-03 11:39:32.129956','',21,11.21,413.81,6,24,1,NULL,NULL,NULL,NULL,NULL,NULL,NULL,NULL,NULL,NULL,NULL,NULL,NULL,NULL,NULL,NULL,NULL),(1172,'2024-02-01','2024-02-03 11:39:32.144183','',21,0,0,7,24,1,NULL,NULL,NULL,NULL,NULL,NULL,NULL,NULL,NULL,NULL,NULL,NULL,NULL,NULL,NULL,NULL,NULL),(1173,'2024-02-01','2024-02-03 11:39:32.151871','',21,11.1,409.75,8,24,1,NULL,NULL,NULL,NULL,NULL,NULL,NULL,NULL,NULL,NULL,NULL,NULL,NULL,NULL,NULL,NULL,NULL),(1174,'2024-02-01','2024-02-03 11:39:32.169018','',21,10.99,405.69,10,24,1,NULL,NULL,NULL,NULL,NULL,NULL,NULL,NULL,NULL,NULL,NULL,NULL,NULL,NULL,NULL,NULL,NULL),(1175,'2024-02-01','2024-02-03 11:39:32.176682','',21,581,551.95,11,24,1,NULL,NULL,NULL,NULL,NULL,NULL,NULL,NULL,NULL,NULL,NULL,NULL,NULL,NULL,NULL,NULL,NULL),(1176,'2024-02-01','2024-02-03 11:39:32.190776','',21,446,423.7,9,1100,1,NULL,NULL,NULL,NULL,NULL,NULL,NULL,NULL,NULL,NULL,NULL,NULL,NULL,NULL,NULL,NULL,NULL),(1177,'2024-02-01','2024-02-03 11:39:32.199023','',21,0,0,12,1100,1,NULL,NULL,NULL,NULL,NULL,NULL,NULL,NULL,NULL,NULL,NULL,NULL,NULL,NULL,NULL,NULL,NULL),(1178,'2024-02-01','2024-02-03 11:39:32.214806','',21,437,415.15,13,1100,1,NULL,NULL,NULL,NULL,NULL,NULL,NULL,NULL,NULL,NULL,NULL,NULL,NULL,NULL,NULL,NULL,NULL),(1179,'2024-02-01','2024-02-03 11:39:32.227696','',21,415,394.25,14,1100,1,NULL,NULL,NULL,NULL,NULL,NULL,NULL,NULL,NULL,NULL,NULL,NULL,NULL,NULL,NULL,NULL,NULL),(1180,'2024-02-01','2024-02-03 11:39:32.234489','',21,573,544.35,15,1050,1,NULL,NULL,NULL,NULL,NULL,NULL,NULL,NULL,NULL,NULL,NULL,NULL,NULL,NULL,NULL,NULL,NULL),(1181,'2024-02-01','2024-02-03 11:39:32.251399','',7,805,1529.5,16,700,1,NULL,NULL,NULL,NULL,NULL,NULL,NULL,NULL,NULL,NULL,NULL,NULL,NULL,NULL,NULL,NULL,NULL),(1182,'2024-02-01','2024-02-03 11:39:32.258492','',7,8,729.6,17,78,1,NULL,NULL,NULL,NULL,NULL,NULL,NULL,NULL,NULL,NULL,NULL,NULL,NULL,NULL,NULL,NULL,NULL),(1183,'2024-02-01','2024-02-03 11:39:32.270793','',7,8,729.6,18,78,1,NULL,NULL,NULL,NULL,NULL,NULL,NULL,NULL,NULL,NULL,NULL,NULL,NULL,NULL,NULL,NULL,NULL),(1184,'2024-02-01','2024-02-03 11:39:32.280337','',7,8,729.6,19,78,1,NULL,NULL,NULL,NULL,NULL,NULL,NULL,NULL,NULL,NULL,NULL,NULL,NULL,NULL,NULL,NULL,NULL),(1185,'2024-02-01','2024-02-03 11:39:32.307302','',25,94.008,2115.18,3,290,2,NULL,NULL,NULL,NULL,NULL,NULL,NULL,NULL,NULL,NULL,NULL,NULL,NULL,NULL,NULL,NULL,NULL),(1186,'2024-02-01','2024-02-03 11:39:32.316433','',25,82.236,1850.31,4,290,2,NULL,NULL,NULL,NULL,NULL,NULL,NULL,NULL,NULL,NULL,NULL,NULL,NULL,NULL,NULL,NULL,NULL),(1187,'2024-02-01','2024-02-03 11:39:32.334296','',1.7,51.817,1902.72,5,185,2,NULL,NULL,NULL,NULL,NULL,NULL,NULL,NULL,NULL,NULL,NULL,NULL,NULL,NULL,NULL,NULL,NULL),(1188,'2024-02-01','2024-02-03 11:39:32.341136','',21,11.3,417.13,6,24,2,NULL,NULL,NULL,NULL,NULL,NULL,NULL,NULL,NULL,NULL,NULL,NULL,NULL,NULL,NULL,NULL,NULL),(1189,'2024-02-01','2024-02-03 11:39:32.353273','',21,11.29,416.76,7,24,2,NULL,NULL,NULL,NULL,NULL,NULL,NULL,NULL,NULL,NULL,NULL,NULL,NULL,NULL,NULL,NULL,NULL),(1190,'2024-02-01','2024-02-03 11:39:32.363192','',21,11.15,411.59,8,24,2,NULL,NULL,NULL,NULL,NULL,NULL,NULL,NULL,NULL,NULL,NULL,NULL,NULL,NULL,NULL,NULL,NULL),(1191,'2024-02-01','2024-02-03 11:39:32.380445','',21,11.04,407.53,10,24,2,NULL,NULL,NULL,NULL,NULL,NULL,NULL,NULL,NULL,NULL,NULL,NULL,NULL,NULL,NULL,NULL,NULL),(1192,'2024-02-01','2024-02-03 11:39:32.387501','',21,583,553.85,11,24,2,NULL,NULL,NULL,NULL,NULL,NULL,NULL,NULL,NULL,NULL,NULL,NULL,NULL,NULL,NULL,NULL,NULL),(1193,'2024-02-01','2024-02-03 11:39:32.401084','',21,440,418,9,1100,2,NULL,NULL,NULL,NULL,NULL,NULL,NULL,NULL,NULL,NULL,NULL,NULL,NULL,NULL,NULL,NULL,NULL),(1194,'2024-02-01','2024-02-03 11:39:32.408912','',21,422,400.9,12,1100,2,NULL,NULL,NULL,NULL,NULL,NULL,NULL,NULL,NULL,NULL,NULL,NULL,NULL,NULL,NULL,NULL,NULL),(1195,'2024-02-01','2024-02-03 11:39:32.427898','',21,425,403.75,13,1100,2,NULL,NULL,NULL,NULL,NULL,NULL,NULL,NULL,NULL,NULL,NULL,NULL,NULL,NULL,NULL,NULL,NULL),(1196,'2024-02-01','2024-02-03 11:39:32.434517','',21,425,403.75,14,1100,2,NULL,NULL,NULL,NULL,NULL,NULL,NULL,NULL,NULL,NULL,NULL,NULL,NULL,NULL,NULL,NULL,NULL),(1197,'2024-02-01','2024-02-03 11:39:32.449954','',21,564,535.8,15,1050,2,NULL,NULL,NULL,NULL,NULL,NULL,NULL,NULL,NULL,NULL,NULL,NULL,NULL,NULL,NULL,NULL,NULL),(1198,'2024-02-01','2024-02-03 11:39:32.458836','',7,1106,2101.4,16,700,2,NULL,NULL,NULL,NULL,NULL,NULL,NULL,NULL,NULL,NULL,NULL,NULL,NULL,NULL,NULL,NULL,NULL),(1199,'2024-02-01','2024-02-03 11:39:32.476821','',7,8,729.6,17,78,2,NULL,NULL,NULL,NULL,NULL,NULL,NULL,NULL,NULL,NULL,NULL,NULL,NULL,NULL,NULL,NULL,NULL),(1200,'2024-02-01','2024-02-03 11:39:32.485315','',7,8,729.6,18,78,2,NULL,NULL,NULL,NULL,NULL,NULL,NULL,NULL,NULL,NULL,NULL,NULL,NULL,NULL,NULL,NULL,NULL),(1201,'2024-02-01','2024-02-03 11:39:32.499046','',7,8,729.6,19,78,2,NULL,NULL,NULL,NULL,NULL,NULL,NULL,NULL,NULL,NULL,NULL,NULL,NULL,NULL,NULL,NULL,NULL),(1202,'2024-02-01','2024-02-03 11:39:32.507041','',25,83.54,1879.65,3,290,3,NULL,NULL,NULL,NULL,NULL,NULL,NULL,NULL,NULL,NULL,NULL,NULL,NULL,NULL,NULL,NULL,NULL),(1203,'2024-02-01','2024-02-03 11:39:32.523387','',25,84.776,1907.46,4,290,3,NULL,NULL,NULL,NULL,NULL,NULL,NULL,NULL,NULL,NULL,NULL,NULL,NULL,NULL,NULL,NULL,NULL),(1204,'2024-02-01','2024-02-03 11:39:32.531664','',1.7,52.193,1916.53,5,185,3,NULL,NULL,NULL,NULL,NULL,NULL,NULL,NULL,NULL,NULL,NULL,NULL,NULL,NULL,NULL,NULL,NULL),(1205,'2024-02-01','2024-02-03 11:39:32.543657','',21,11.47,423.41,6,24,3,NULL,NULL,NULL,NULL,NULL,NULL,NULL,NULL,NULL,NULL,NULL,NULL,NULL,NULL,NULL,NULL,NULL),(1206,'2024-02-01','2024-02-03 11:39:32.551964','',21,3.08,113.7,7,24,3,NULL,NULL,NULL,NULL,NULL,NULL,NULL,NULL,NULL,NULL,NULL,NULL,NULL,NULL,NULL,NULL,NULL),(1207,'2024-02-01','2024-02-03 11:39:32.569588','',21,11.08,409.01,8,24,3,NULL,NULL,NULL,NULL,NULL,NULL,NULL,NULL,NULL,NULL,NULL,NULL,NULL,NULL,NULL,NULL,NULL),(1208,'2024-02-01','2024-02-03 11:39:32.587985','',21,10.82,399.41,10,24,3,NULL,NULL,NULL,NULL,NULL,NULL,NULL,NULL,NULL,NULL,NULL,NULL,NULL,NULL,NULL,NULL,NULL),(1209,'2024-02-01','2024-02-03 11:39:32.596416','',21,472,448.4,11,24,3,NULL,NULL,NULL,NULL,NULL,NULL,NULL,NULL,NULL,NULL,NULL,NULL,NULL,NULL,NULL,NULL,NULL),(1210,'2024-02-01','2024-02-03 11:39:32.608998','',21,438,416.1,9,1100,3,NULL,NULL,NULL,NULL,NULL,NULL,NULL,NULL,NULL,NULL,NULL,NULL,NULL,NULL,NULL,NULL,NULL),(1211,'2024-02-01','2024-02-03 11:39:32.616551','',21,226,214.7,12,1100,3,NULL,NULL,NULL,NULL,NULL,NULL,NULL,NULL,NULL,NULL,NULL,NULL,NULL,NULL,NULL,NULL,NULL),(1212,'2024-02-01','2024-02-03 11:39:32.633018','',21,441,418.95,13,1100,3,NULL,NULL,NULL,NULL,NULL,NULL,NULL,NULL,NULL,NULL,NULL,NULL,NULL,NULL,NULL,NULL,NULL),(1213,'2024-02-01','2024-02-03 11:39:32.639896','',21,410,389.5,14,1100,3,NULL,NULL,NULL,NULL,NULL,NULL,NULL,NULL,NULL,NULL,NULL,NULL,NULL,NULL,NULL,NULL,NULL),(1214,'2024-02-01','2024-02-03 11:39:32.652218','',21,454,431.3,15,1050,3,NULL,NULL,NULL,NULL,NULL,NULL,NULL,NULL,NULL,NULL,NULL,NULL,NULL,NULL,NULL,NULL,NULL),(1215,'2024-02-01','2024-02-03 11:39:32.658724','',7,1204,2287.6,16,700,3,NULL,NULL,NULL,NULL,NULL,NULL,NULL,NULL,NULL,NULL,NULL,NULL,NULL,NULL,NULL,NULL,NULL),(1216,'2024-02-01','2024-02-03 11:39:32.676729','',7,8,729.6,17,78,3,NULL,NULL,NULL,NULL,NULL,NULL,NULL,NULL,NULL,NULL,NULL,NULL,NULL,NULL,NULL,NULL,NULL),(1217,'2024-02-01','2024-02-03 11:39:32.683122','',7,8,729.6,18,78,3,NULL,NULL,NULL,NULL,NULL,NULL,NULL,NULL,NULL,NULL,NULL,NULL,NULL,NULL,NULL,NULL,NULL),(1218,'2024-02-01','2024-02-03 11:39:32.697138','',7,8,729.6,19,78,3,NULL,NULL,NULL,NULL,NULL,NULL,NULL,NULL,NULL,NULL,NULL,NULL,NULL,NULL,NULL,NULL,NULL),(1219,'2024-02-01','2024-02-03 11:49:47.252518','',0,0,1517.14,22,418,1,0,45000,0,3000,0,0,0,1517.14,0,0,0,0,0,0,0,0,0),(1220,'2024-02-01','2024-02-03 11:49:47.261512','',0,0,482.49,20,300,1,0,4700,0,47424,47476,33956,34004,482.49,5800,3168,627,3580,946,4988,2110,0,0),(1221,'2024-02-01','2024-02-03 11:49:47.268592','',0,0,443.01,21,300,1,0,4700,0,12164,12208,29812,29860,443.01,5800,5124,3086,2596,747,220,1321,0,0),(1222,'2024-02-01','2024-02-03 11:49:47.279975','',0,0,1457.14,22,418,2,0,45000,0,15000,5000,0,0,1457.14,0,0,0,0,0,0,0,0,0),(1223,'2024-02-01','2024-02-03 11:49:47.289927','',0,0,421.36,20,300,2,0,4700,0,47340,47388,33876,33916,421.36,5800,1,437,774,2073,4681,1609,0,0),(1224,'2024-02-01','2024-02-03 11:49:47.298237','',0,0,409.11,21,300,2,0,4700,0,12076,12124,29728,29764,409.11,5800,2145,1643,2,4697,4863,4308,0,0),(1225,'2024-02-01','2024-02-03 11:49:47.306914','',0,0,1525.71,22,418,3,0,45000,0,5000,3000,0,0,1525.71,0,0,0,0,0,0,0,0,0),(1226,'2024-02-01','2024-02-03 11:49:47.315342','',0,0,376.76,20,300,3,0,4700,0,47388,47424,33916,33956,376.76,5800,4551,3842,5535,3685,1985,4542,0,0),(1227,'2024-02-01','2024-02-03 11:49:47.323142','',0,0,424.03,21,300,3,0,4700,0,12124,12164,29764,29812,424.03,5800,0,4764,4326,2207,1312,257,0,0),(1228,'2024-01-31','2024-02-03 11:56:27.315574','',25,75.921,1708.22,3,290,1,NULL,NULL,NULL,NULL,NULL,NULL,NULL,NULL,NULL,NULL,NULL,NULL,NULL,NULL,NULL,NULL,NULL),(1229,'2024-01-31','2024-02-03 11:56:27.324732','',25,82.764,1862.19,4,290,1,NULL,NULL,NULL,NULL,NULL,NULL,NULL,NULL,NULL,NULL,NULL,NULL,NULL,NULL,NULL,NULL,NULL),(1230,'2024-01-31','2024-02-03 11:56:27.333047','',1.7,65.196,2394,5,185,1,NULL,NULL,NULL,NULL,NULL,NULL,NULL,NULL,NULL,NULL,NULL,NULL,NULL,NULL,NULL,NULL,NULL),(1231,'2024-01-31','2024-02-03 11:56:27.341277','',21,11.27,416.02,6,24,1,NULL,NULL,NULL,NULL,NULL,NULL,NULL,NULL,NULL,NULL,NULL,NULL,NULL,NULL,NULL,NULL,NULL),(1232,'2024-01-31','2024-02-03 11:56:27.349273','',21,11.27,416.02,7,24,1,NULL,NULL,NULL,NULL,NULL,NULL,NULL,NULL,NULL,NULL,NULL,NULL,NULL,NULL,NULL,NULL,NULL),(1233,'2024-01-31','2024-02-03 11:56:27.357350','',21,11.11,410.12,8,24,1,NULL,NULL,NULL,NULL,NULL,NULL,NULL,NULL,NULL,NULL,NULL,NULL,NULL,NULL,NULL,NULL,NULL),(1234,'2024-01-31','2024-02-03 11:56:27.364664','',21,5.46,201.55,10,24,1,NULL,NULL,NULL,NULL,NULL,NULL,NULL,NULL,NULL,NULL,NULL,NULL,NULL,NULL,NULL,NULL,NULL),(1235,'2024-01-31','2024-02-03 11:56:27.372846','',21,585,555.75,11,24,1,NULL,NULL,NULL,NULL,NULL,NULL,NULL,NULL,NULL,NULL,NULL,NULL,NULL,NULL,NULL,NULL,NULL),(1236,'2024-01-31','2024-02-03 11:56:27.380187','',21,441,418.95,9,1100,1,NULL,NULL,NULL,NULL,NULL,NULL,NULL,NULL,NULL,NULL,NULL,NULL,NULL,NULL,NULL,NULL,NULL),(1237,'2024-01-31','2024-02-03 11:56:27.388484','',21,427,405.65,12,1100,1,NULL,NULL,NULL,NULL,NULL,NULL,NULL,NULL,NULL,NULL,NULL,NULL,NULL,NULL,NULL,NULL,NULL),(1238,'2024-01-31','2024-02-03 11:56:27.396197','',21,410,389.5,13,1100,1,NULL,NULL,NULL,NULL,NULL,NULL,NULL,NULL,NULL,NULL,NULL,NULL,NULL,NULL,NULL,NULL,NULL),(1239,'2024-01-31','2024-02-03 11:56:27.404490','',21,96,91.2,14,1100,1,NULL,NULL,NULL,NULL,NULL,NULL,NULL,NULL,NULL,NULL,NULL,NULL,NULL,NULL,NULL,NULL,NULL),(1240,'2024-01-31','2024-02-03 11:56:27.413132','',21,583,553.85,15,1050,1,NULL,NULL,NULL,NULL,NULL,NULL,NULL,NULL,NULL,NULL,NULL,NULL,NULL,NULL,NULL,NULL,NULL),(1241,'2024-01-31','2024-02-03 11:56:27.422237','',7,988,1877.2,16,700,1,NULL,NULL,NULL,NULL,NULL,NULL,NULL,NULL,NULL,NULL,NULL,NULL,NULL,NULL,NULL,NULL,NULL),(1242,'2024-01-31','2024-02-03 11:56:27.428949','',7,8,729.6,17,78,1,NULL,NULL,NULL,NULL,NULL,NULL,NULL,NULL,NULL,NULL,NULL,NULL,NULL,NULL,NULL,NULL,NULL),(1243,'2024-01-31','2024-02-03 11:56:27.438437','',7,2,182.4,18,78,1,NULL,NULL,NULL,NULL,NULL,NULL,NULL,NULL,NULL,NULL,NULL,NULL,NULL,NULL,NULL,NULL,NULL),(1244,'2024-01-31','2024-02-03 11:56:27.445747','',7,8,729.6,19,78,1,NULL,NULL,NULL,NULL,NULL,NULL,NULL,NULL,NULL,NULL,NULL,NULL,NULL,NULL,NULL,NULL,NULL),(1245,'2024-01-31','2024-02-03 11:56:27.458865','',25,92.843,2088.97,3,290,2,NULL,NULL,NULL,NULL,NULL,NULL,NULL,NULL,NULL,NULL,NULL,NULL,NULL,NULL,NULL,NULL,NULL),(1246,'2024-01-31','2024-02-03 11:56:27.467579','',25,91.365,2055.71,4,290,2,NULL,NULL,NULL,NULL,NULL,NULL,NULL,NULL,NULL,NULL,NULL,NULL,NULL,NULL,NULL,NULL,NULL),(1247,'2024-01-31','2024-02-03 11:56:27.474675','',1.7,54.452,1999.48,5,185,2,NULL,NULL,NULL,NULL,NULL,NULL,NULL,NULL,NULL,NULL,NULL,NULL,NULL,NULL,NULL,NULL,NULL),(1248,'2024-01-31','2024-02-03 11:56:27.484116','',21,11.3,417.13,6,24,2,NULL,NULL,NULL,NULL,NULL,NULL,NULL,NULL,NULL,NULL,NULL,NULL,NULL,NULL,NULL,NULL,NULL),(1249,'2024-01-31','2024-02-03 11:56:27.491302','',21,11.12,410.49,7,24,2,NULL,NULL,NULL,NULL,NULL,NULL,NULL,NULL,NULL,NULL,NULL,NULL,NULL,NULL,NULL,NULL,NULL),(1250,'2024-01-31','2024-02-03 11:56:27.500526','',21,0,0,8,24,2,NULL,NULL,NULL,NULL,NULL,NULL,NULL,NULL,NULL,NULL,NULL,NULL,NULL,NULL,NULL,NULL,NULL),(1251,'2024-01-31','2024-02-03 11:56:27.509285','',21,10.96,404.58,10,24,2,NULL,NULL,NULL,NULL,NULL,NULL,NULL,NULL,NULL,NULL,NULL,NULL,NULL,NULL,NULL,NULL,NULL),(1252,'2024-01-31','2024-02-03 11:56:27.517600','',21,582,552.9,11,24,2,NULL,NULL,NULL,NULL,NULL,NULL,NULL,NULL,NULL,NULL,NULL,NULL,NULL,NULL,NULL,NULL,NULL),(1253,'2024-01-31','2024-02-03 11:56:27.525554','',21,450,427.5,9,1100,2,NULL,NULL,NULL,NULL,NULL,NULL,NULL,NULL,NULL,NULL,NULL,NULL,NULL,NULL,NULL,NULL,NULL),(1254,'2024-01-31','2024-02-03 11:56:27.534222','',21,431,409.45,12,1100,2,NULL,NULL,NULL,NULL,NULL,NULL,NULL,NULL,NULL,NULL,NULL,NULL,NULL,NULL,NULL,NULL,NULL),(1255,'2024-01-31','2024-02-03 11:56:27.543116','',21,18,17.1,13,1100,2,NULL,NULL,NULL,NULL,NULL,NULL,NULL,NULL,NULL,NULL,NULL,NULL,NULL,NULL,NULL,NULL,NULL),(1256,'2024-01-31','2024-02-03 11:56:27.550672','',21,418,397.1,14,1100,2,NULL,NULL,NULL,NULL,NULL,NULL,NULL,NULL,NULL,NULL,NULL,NULL,NULL,NULL,NULL,NULL,NULL),(1257,'2024-01-31','2024-02-03 11:56:27.558363','',21,592,562.4,15,1050,2,NULL,NULL,NULL,NULL,NULL,NULL,NULL,NULL,NULL,NULL,NULL,NULL,NULL,NULL,NULL,NULL,NULL),(1258,'2024-01-31','2024-02-03 11:56:27.566092','',7,1031,1958.9,16,700,2,NULL,NULL,NULL,NULL,NULL,NULL,NULL,NULL,NULL,NULL,NULL,NULL,NULL,NULL,NULL,NULL,NULL),(1259,'2024-01-31','2024-02-03 11:56:27.574338','',7,4,364.8,17,78,2,NULL,NULL,NULL,NULL,NULL,NULL,NULL,NULL,NULL,NULL,NULL,NULL,NULL,NULL,NULL,NULL,NULL),(1260,'2024-01-31','2024-02-03 11:56:27.580693','',7,8,729.6,18,78,2,NULL,NULL,NULL,NULL,NULL,NULL,NULL,NULL,NULL,NULL,NULL,NULL,NULL,NULL,NULL,NULL,NULL),(1261,'2024-01-31','2024-02-03 11:56:27.587916','',7,4,364.8,19,78,2,NULL,NULL,NULL,NULL,NULL,NULL,NULL,NULL,NULL,NULL,NULL,NULL,NULL,NULL,NULL,NULL,NULL),(1262,'2024-01-31','2024-02-03 11:56:27.595534','',25,77.657,1747.28,3,290,3,NULL,NULL,NULL,NULL,NULL,NULL,NULL,NULL,NULL,NULL,NULL,NULL,NULL,NULL,NULL,NULL,NULL),(1263,'2024-01-31','2024-02-03 11:56:27.603786','',25,81.504,1833.84,4,290,3,NULL,NULL,NULL,NULL,NULL,NULL,NULL,NULL,NULL,NULL,NULL,NULL,NULL,NULL,NULL,NULL,NULL),(1264,'2024-01-31','2024-02-03 11:56:27.611783','',1.7,40.31,1480.18,5,185,3,NULL,NULL,NULL,NULL,NULL,NULL,NULL,NULL,NULL,NULL,NULL,NULL,NULL,NULL,NULL,NULL,NULL),(1265,'2024-01-31','2024-02-03 11:56:27.623600','',21,10.97,404.95,6,24,3,NULL,NULL,NULL,NULL,NULL,NULL,NULL,NULL,NULL,NULL,NULL,NULL,NULL,NULL,NULL,NULL,NULL),(1266,'2024-01-31','2024-02-03 11:56:27.630830','',21,10.86,400.89,7,24,3,NULL,NULL,NULL,NULL,NULL,NULL,NULL,NULL,NULL,NULL,NULL,NULL,NULL,NULL,NULL,NULL,NULL),(1267,'2024-01-31','2024-02-03 11:56:27.638638','',21,9.88,364.71,8,24,3,NULL,NULL,NULL,NULL,NULL,NULL,NULL,NULL,NULL,NULL,NULL,NULL,NULL,NULL,NULL,NULL,NULL),(1268,'2024-01-31','2024-02-03 11:56:27.645669','',21,7.3,269.47,10,24,3,NULL,NULL,NULL,NULL,NULL,NULL,NULL,NULL,NULL,NULL,NULL,NULL,NULL,NULL,NULL,NULL,NULL),(1269,'2024-01-31','2024-02-03 11:56:27.653973','',21,571,542.45,11,24,3,NULL,NULL,NULL,NULL,NULL,NULL,NULL,NULL,NULL,NULL,NULL,NULL,NULL,NULL,NULL,NULL,NULL),(1270,'2024-01-31','2024-02-03 11:56:27.661737','',21,406,385.7,9,1100,3,NULL,NULL,NULL,NULL,NULL,NULL,NULL,NULL,NULL,NULL,NULL,NULL,NULL,NULL,NULL,NULL,NULL),(1271,'2024-01-31','2024-02-03 11:56:27.669087','',21,411,390.45,12,1100,3,NULL,NULL,NULL,NULL,NULL,NULL,NULL,NULL,NULL,NULL,NULL,NULL,NULL,NULL,NULL,NULL,NULL),(1272,'2024-01-31','2024-02-03 11:56:27.677764','',21,271,257.45,13,1100,3,NULL,NULL,NULL,NULL,NULL,NULL,NULL,NULL,NULL,NULL,NULL,NULL,NULL,NULL,NULL,NULL,NULL),(1273,'2024-01-31','2024-02-03 11:56:27.686502','',21,131,124.45,14,1100,3,NULL,NULL,NULL,NULL,NULL,NULL,NULL,NULL,NULL,NULL,NULL,NULL,NULL,NULL,NULL,NULL,NULL),(1274,'2024-01-31','2024-02-03 11:56:27.693808','',21,541,513.95,15,1050,3,NULL,NULL,NULL,NULL,NULL,NULL,NULL,NULL,NULL,NULL,NULL,NULL,NULL,NULL,NULL,NULL,NULL),(1275,'2024-01-31','2024-02-03 11:56:27.701794','',7,970,1843,16,700,3,NULL,NULL,NULL,NULL,NULL,NULL,NULL,NULL,NULL,NULL,NULL,NULL,NULL,NULL,NULL,NULL,NULL),(1276,'2024-01-31','2024-02-03 11:56:27.709751','',7,8,729.6,17,78,3,NULL,NULL,NULL,NULL,NULL,NULL,NULL,NULL,NULL,NULL,NULL,NULL,NULL,NULL,NULL,NULL,NULL),(1277,'2024-01-31','2024-02-03 11:56:27.717174','',7,8,729.6,18,78,3,NULL,NULL,NULL,NULL,NULL,NULL,NULL,NULL,NULL,NULL,NULL,NULL,NULL,NULL,NULL,NULL,NULL),(1278,'2024-01-31','2024-02-03 11:56:27.725353','',7,4,364.8,19,78,3,NULL,NULL,NULL,NULL,NULL,NULL,NULL,NULL,NULL,NULL,NULL,NULL,NULL,NULL,NULL,NULL,NULL),(1279,'2024-01-31','2024-02-03 12:02:09.414126','',0,0,720,22,418,1,0,45000,0,21000,15000,0,0,720,0,0,0,0,0,0,0,0,0),(1280,'2024-01-31','2024-02-03 12:02:09.422536','',0,0,425.37,20,300,1,0,4700,0,47296,47340,33832,33876,425.37,5800,2634,3658,2461,757,850,4169,0,0),(1281,'2024-01-31','2024-02-03 12:02:09.435546','',0,0,406.66,21,300,1,0,4700,0,12040,12076,29680,29728,406.66,5800,5360,4240,3066,483,1489,0,0,0),(1282,'2024-01-31','2024-02-03 12:02:09.442844','',0,0,0,22,418,2,0,0,0,0,0,0,0,0,0,0,0,0,0,0,0,0,0),(1283,'2024-01-31','2024-02-03 12:02:09.451060','',0,0,423.7,20,300,2,0,4700,0,47212,47256,33752,33796,423.7,5800,473,10,5182,4406,2192,206,0,0),(1284,'2024-01-31','2024-02-03 12:02:09.459109','',0,0,440.29,21,300,2,0,4700,0,11956,12000,29592,29640,440.29,5800,0,2,1315,4670,3046,709,0,0),(1285,'2024-01-31','2024-02-03 12:02:09.468197','',0,0,0,22,418,3,0,0,0,0,0,0,0,0,0,0,0,0,0,0,0,0,0),(1286,'2024-01-31','2024-02-03 12:02:09.475097','',0,0,375.42,20,300,3,0,4700,0,47256,47296,33796,33832,375.42,5800,4080,1830,3893,5573,4995,2114,0,0),(1287,'2024-01-31','2024-02-03 12:02:09.484806','',0,0,386.69,21,300,3,0,4700,0,12000,12040,29640,29680,386.69,5800,2394,2997,724,3653,291,3139,0,0),(1288,'2024-02-03','2024-02-04 07:52:00.646967','',25,84.38,1898.55,3,0,1,NULL,NULL,NULL,NULL,NULL,NULL,NULL,NULL,NULL,NULL,NULL,NULL,NULL,NULL,NULL,NULL,NULL),(1289,'2024-02-03','2024-02-04 07:52:00.655768','',25,85.744,1929.24,4,0,1,NULL,NULL,NULL,NULL,NULL,NULL,NULL,NULL,NULL,NULL,NULL,NULL,NULL,NULL,NULL,NULL,NULL),(1290,'2024-02-03','2024-02-04 07:52:00.662440','',1.7,47.009,1726.17,5,0,1,NULL,NULL,NULL,NULL,NULL,NULL,NULL,NULL,NULL,NULL,NULL,NULL,NULL,NULL,NULL,NULL,NULL),(1291,'2024-02-03','2024-02-04 07:52:00.672019','',21,10.21,376.89,6,0,1,NULL,NULL,NULL,NULL,NULL,NULL,NULL,NULL,NULL,NULL,NULL,NULL,NULL,NULL,NULL,NULL,NULL),(1292,'2024-02-03','2024-02-04 07:52:00.679436','',21,11,406.06,7,0,1,NULL,NULL,NULL,NULL,NULL,NULL,NULL,NULL,NULL,NULL,NULL,NULL,NULL,NULL,NULL,NULL,NULL),(1293,'2024-02-03','2024-02-04 07:52:00.688136','',21,9.48,349.95,8,0,1,NULL,NULL,NULL,NULL,NULL,NULL,NULL,NULL,NULL,NULL,NULL,NULL,NULL,NULL,NULL,NULL,NULL),(1294,'2024-02-03','2024-02-04 07:52:00.694779','',21,11.14,411.23,10,0,1,NULL,NULL,NULL,NULL,NULL,NULL,NULL,NULL,NULL,NULL,NULL,NULL,NULL,NULL,NULL,NULL,NULL),(1295,'2024-02-03','2024-02-04 07:52:00.703685','',21,546,518.7,11,0,1,NULL,NULL,NULL,NULL,NULL,NULL,NULL,NULL,NULL,NULL,NULL,NULL,NULL,NULL,NULL,NULL,NULL),(1296,'2024-02-03','2024-02-04 07:52:00.710015','',21,431,409.45,9,0,1,NULL,NULL,NULL,NULL,NULL,NULL,NULL,NULL,NULL,NULL,NULL,NULL,NULL,NULL,NULL,NULL,NULL),(1297,'2024-02-03','2024-02-04 07:52:00.718011','',21,413,392.35,12,0,1,NULL,NULL,NULL,NULL,NULL,NULL,NULL,NULL,NULL,NULL,NULL,NULL,NULL,NULL,NULL,NULL,NULL),(1298,'2024-02-03','2024-02-04 07:52:00.725257','',21,379,360.05,13,0,1,NULL,NULL,NULL,NULL,NULL,NULL,NULL,NULL,NULL,NULL,NULL,NULL,NULL,NULL,NULL,NULL,NULL),(1299,'2024-02-03','2024-02-04 07:52:00.731451','',21,445,422.75,14,0,1,NULL,NULL,NULL,NULL,NULL,NULL,NULL,NULL,NULL,NULL,NULL,NULL,NULL,NULL,NULL,NULL,NULL),(1300,'2024-02-03','2024-02-04 07:52:00.740871','',21,534,507.3,15,0,1,NULL,NULL,NULL,NULL,NULL,NULL,NULL,NULL,NULL,NULL,NULL,NULL,NULL,NULL,NULL,NULL,NULL),(1301,'2024-02-03','2024-02-04 07:52:00.747522','',7,1121,2129.9,16,0,1,NULL,NULL,NULL,NULL,NULL,NULL,NULL,NULL,NULL,NULL,NULL,NULL,NULL,NULL,NULL,NULL,NULL),(1302,'2024-02-03','2024-02-04 07:52:00.757152','',7,8,729.6,17,0,1,NULL,NULL,NULL,NULL,NULL,NULL,NULL,NULL,NULL,NULL,NULL,NULL,NULL,NULL,NULL,NULL,NULL),(1303,'2024-02-03','2024-02-04 07:52:00.764247','',7,8,729.6,18,0,1,NULL,NULL,NULL,NULL,NULL,NULL,NULL,NULL,NULL,NULL,NULL,NULL,NULL,NULL,NULL,NULL,NULL),(1304,'2024-02-03','2024-02-04 07:52:00.771886','',7,8,729.6,19,0,1,NULL,NULL,NULL,NULL,NULL,NULL,NULL,NULL,NULL,NULL,NULL,NULL,NULL,NULL,NULL,NULL,NULL),(1305,'2024-02-03','2024-02-04 07:52:00.778379','',25,102.024,2295.54,3,290,2,NULL,NULL,NULL,NULL,NULL,NULL,NULL,NULL,NULL,NULL,NULL,NULL,NULL,NULL,NULL,NULL,NULL),(1306,'2024-02-03','2024-02-04 07:52:00.785833','',25,98.558,2217.56,4,290,2,NULL,NULL,NULL,NULL,NULL,NULL,NULL,NULL,NULL,NULL,NULL,NULL,NULL,NULL,NULL,NULL,NULL),(1307,'2024-02-03','2024-02-04 07:52:00.793463','',1.7,55.278,2029.81,5,185,2,NULL,NULL,NULL,NULL,NULL,NULL,NULL,NULL,NULL,NULL,NULL,NULL,NULL,NULL,NULL,NULL,NULL),(1308,'2024-02-03','2024-02-04 07:52:00.801603','',21,11.317,417.76,6,24,2,NULL,NULL,NULL,NULL,NULL,NULL,NULL,NULL,NULL,NULL,NULL,NULL,NULL,NULL,NULL,NULL,NULL),(1309,'2024-02-03','2024-02-04 07:52:00.808847','',21,11.14,411.23,7,24,2,NULL,NULL,NULL,NULL,NULL,NULL,NULL,NULL,NULL,NULL,NULL,NULL,NULL,NULL,NULL,NULL,NULL),(1310,'2024-02-03','2024-02-04 07:52:00.815638','',21,10.68,394.24,8,24,2,NULL,NULL,NULL,NULL,NULL,NULL,NULL,NULL,NULL,NULL,NULL,NULL,NULL,NULL,NULL,NULL,NULL),(1311,'2024-02-03','2024-02-04 07:52:00.824465','',21,10.84,400.15,10,24,2,NULL,NULL,NULL,NULL,NULL,NULL,NULL,NULL,NULL,NULL,NULL,NULL,NULL,NULL,NULL,NULL,NULL),(1312,'2024-02-03','2024-02-04 07:52:00.832389','',21,583,553.85,11,24,2,NULL,NULL,NULL,NULL,NULL,NULL,NULL,NULL,NULL,NULL,NULL,NULL,NULL,NULL,NULL,NULL,NULL),(1313,'2024-02-03','2024-02-04 07:52:00.840706','',21,424,402.8,9,1100,2,NULL,NULL,NULL,NULL,NULL,NULL,NULL,NULL,NULL,NULL,NULL,NULL,NULL,NULL,NULL,NULL,NULL),(1314,'2024-02-03','2024-02-04 07:52:00.848582','',21,416,395.2,12,1100,2,NULL,NULL,NULL,NULL,NULL,NULL,NULL,NULL,NULL,NULL,NULL,NULL,NULL,NULL,NULL,NULL,NULL),(1315,'2024-02-03','2024-02-04 07:52:00.857107','',21,422,400.9,13,1100,2,NULL,NULL,NULL,NULL,NULL,NULL,NULL,NULL,NULL,NULL,NULL,NULL,NULL,NULL,NULL,NULL,NULL),(1316,'2024-02-03','2024-02-04 07:52:00.865160','',21,446,423.7,14,1100,2,NULL,NULL,NULL,NULL,NULL,NULL,NULL,NULL,NULL,NULL,NULL,NULL,NULL,NULL,NULL,NULL,NULL),(1317,'2024-02-03','2024-02-04 07:52:00.873614','',21,562,533.9,15,1050,2,NULL,NULL,NULL,NULL,NULL,NULL,NULL,NULL,NULL,NULL,NULL,NULL,NULL,NULL,NULL,NULL,NULL),(1318,'2024-02-03','2024-02-04 07:52:00.881817','',7,1132,2150.8,16,700,2,NULL,NULL,NULL,NULL,NULL,NULL,NULL,NULL,NULL,NULL,NULL,NULL,NULL,NULL,NULL,NULL,NULL),(1319,'2024-02-03','2024-02-04 07:52:00.889265','',7,8,729.6,17,78,2,NULL,NULL,NULL,NULL,NULL,NULL,NULL,NULL,NULL,NULL,NULL,NULL,NULL,NULL,NULL,NULL,NULL),(1320,'2024-02-03','2024-02-04 07:52:00.896590','',7,8,729.6,18,78,2,NULL,NULL,NULL,NULL,NULL,NULL,NULL,NULL,NULL,NULL,NULL,NULL,NULL,NULL,NULL,NULL,NULL),(1321,'2024-02-03','2024-02-04 07:52:00.905715','',7,8,729.6,19,78,2,NULL,NULL,NULL,NULL,NULL,NULL,NULL,NULL,NULL,NULL,NULL,NULL,NULL,NULL,NULL,NULL,NULL),(1322,'2024-02-03','2024-02-04 07:52:00.912833','',25,61.998,1394.95,3,290,3,NULL,NULL,NULL,NULL,NULL,NULL,NULL,NULL,NULL,NULL,NULL,NULL,NULL,NULL,NULL,NULL,NULL),(1323,'2024-02-03','2024-02-04 07:52:00.920470','',25,49.571,1115.35,4,290,3,NULL,NULL,NULL,NULL,NULL,NULL,NULL,NULL,NULL,NULL,NULL,NULL,NULL,NULL,NULL,NULL,NULL),(1324,'2024-02-03','2024-02-04 07:52:00.928117','',1.7,23.564,865.27,5,185,3,NULL,NULL,NULL,NULL,NULL,NULL,NULL,NULL,NULL,NULL,NULL,NULL,NULL,NULL,NULL,NULL,NULL),(1325,'2024-02-03','2024-02-04 07:52:00.936433','',21,10.67,393.88,6,24,3,NULL,NULL,NULL,NULL,NULL,NULL,NULL,NULL,NULL,NULL,NULL,NULL,NULL,NULL,NULL,NULL,NULL),(1326,'2024-02-03','2024-02-04 07:52:00.943878','',21,11.17,412.33,7,24,3,NULL,NULL,NULL,NULL,NULL,NULL,NULL,NULL,NULL,NULL,NULL,NULL,NULL,NULL,NULL,NULL,NULL),(1327,'2024-02-03','2024-02-04 07:52:00.951788','',21,9.15,337.77,8,24,3,NULL,NULL,NULL,NULL,NULL,NULL,NULL,NULL,NULL,NULL,NULL,NULL,NULL,NULL,NULL,NULL,NULL),(1328,'2024-02-03','2024-02-04 07:52:00.964139','',21,10.61,391.66,10,24,3,NULL,NULL,NULL,NULL,NULL,NULL,NULL,NULL,NULL,NULL,NULL,NULL,NULL,NULL,NULL,NULL,NULL),(1329,'2024-02-03','2024-02-04 07:52:00.971659','',21,487,462.65,11,24,3,NULL,NULL,NULL,NULL,NULL,NULL,NULL,NULL,NULL,NULL,NULL,NULL,NULL,NULL,NULL,NULL,NULL),(1330,'2024-02-03','2024-02-04 07:52:00.979117','',21,363,344.85,9,1100,3,NULL,NULL,NULL,NULL,NULL,NULL,NULL,NULL,NULL,NULL,NULL,NULL,NULL,NULL,NULL,NULL,NULL),(1331,'2024-02-03','2024-02-04 07:52:00.987156','',21,404,383.8,12,1100,3,NULL,NULL,NULL,NULL,NULL,NULL,NULL,NULL,NULL,NULL,NULL,NULL,NULL,NULL,NULL,NULL,NULL),(1332,'2024-02-03','2024-02-04 07:52:00.994547','',21,267,253.65,13,1100,3,NULL,NULL,NULL,NULL,NULL,NULL,NULL,NULL,NULL,NULL,NULL,NULL,NULL,NULL,NULL,NULL,NULL),(1333,'2024-02-03','2024-02-04 07:52:01.002325','',21,361,342.95,14,1100,3,NULL,NULL,NULL,NULL,NULL,NULL,NULL,NULL,NULL,NULL,NULL,NULL,NULL,NULL,NULL,NULL,NULL),(1334,'2024-02-03','2024-02-04 07:52:01.010031','',21,444,421.8,15,1050,3,NULL,NULL,NULL,NULL,NULL,NULL,NULL,NULL,NULL,NULL,NULL,NULL,NULL,NULL,NULL,NULL,NULL),(1335,'2024-02-03','2024-02-04 07:52:01.017493','',7,996,1892.4,16,700,3,NULL,NULL,NULL,NULL,NULL,NULL,NULL,NULL,NULL,NULL,NULL,NULL,NULL,NULL,NULL,NULL,NULL),(1336,'2024-02-03','2024-02-04 07:52:01.024611','',7,8,729.6,17,78,3,NULL,NULL,NULL,NULL,NULL,NULL,NULL,NULL,NULL,NULL,NULL,NULL,NULL,NULL,NULL,NULL,NULL),(1337,'2024-02-03','2024-02-04 07:52:01.032216','',7,8,729.6,18,78,3,NULL,NULL,NULL,NULL,NULL,NULL,NULL,NULL,NULL,NULL,NULL,NULL,NULL,NULL,NULL,NULL,NULL),(1338,'2024-02-03','2024-02-04 07:52:01.039700','',7,8,729.6,19,78,3,NULL,NULL,NULL,NULL,NULL,NULL,NULL,NULL,NULL,NULL,NULL,NULL,NULL,NULL,NULL,NULL,NULL),(1339,'2024-02-03','2024-02-04 08:11:26.923137','',0,0,1534.29,22,418,1,0,45000,0,8000,7000,0,0,1534.29,0,0,0,0,0,0,0,0,0),(1340,'2024-02-03','2024-02-04 08:11:26.932947','',0,0,410.31,20,300,1,0,4700,0,47640,47684,34172,34212,410.31,5800,4615,2,5000,398,4450,4673,0,0),(1341,'2024-02-03','2024-02-04 08:11:26.940967','',0,0,457.21,21,300,1,0,4700,0,12376,12424,30024,30072,457.21,5800,0,4353,213,1170,1196,480,0,0),(1342,'2024-02-03','2024-02-04 08:11:26.950702','',0,0,1251.43,22,418,2,0,45000,0,7000,18000,0,0,1251.43,0,0,0,0,0,0,0,0,0),(1343,'2024-02-03','2024-02-04 08:11:26.958919','',0,0,420.38,20,300,2,0,4700,0,47684,47728,34212,34256,420.38,5800,493,2372,1298,161,2114,1933,0,0),(1344,'2024-02-03','2024-02-04 08:11:26.968325','',0,0,335.92,21,300,2,0,4700,0,12424,12460,30072,30104,335.92,5800,1497,4506,1803,4829,5077,2422,0,0),(1345,'2024-02-03','2024-02-04 08:11:26.977714','',0,0,1465.71,22,418,3,0,45000,0,17000,8000,0,0,1465.71,0,0,0,0,0,0,0,0,0),(1346,'2024-02-03','2024-02-04 08:11:26.986044','',0,0,388.59,20,300,3,0,4700,0,47604,47640,34128,34172,388.59,5800,5439,2695,2156,4416,0,833,0,0),(1347,'2024-02-03','2024-02-04 08:11:26.994079','',0,0,370.77,21,300,3,0,4700,0,12340,12376,29984,30024,370.77,5800,3217,3794,2422,3187,2137,1987,0,0),(1348,'2024-01-30','2024-02-04 09:33:53.711490','',25,75.519,1699.18,3,290,1,NULL,NULL,NULL,NULL,NULL,NULL,NULL,NULL,NULL,NULL,NULL,NULL,NULL,NULL,NULL,NULL,NULL),(1349,'2024-01-30','2024-02-04 09:33:53.720430','',25,101.955,2293.99,4,290,1,NULL,NULL,NULL,NULL,NULL,NULL,NULL,NULL,NULL,NULL,NULL,NULL,NULL,NULL,NULL,NULL,NULL),(1350,'2024-01-30','2024-02-04 09:33:53.727908','',1.7,55.361,2032.86,5,185,1,NULL,NULL,NULL,NULL,NULL,NULL,NULL,NULL,NULL,NULL,NULL,NULL,NULL,NULL,NULL,NULL,NULL),(1351,'2024-01-30','2024-02-04 09:33:53.737436','',21,11.19,413.07,6,24,1,NULL,NULL,NULL,NULL,NULL,NULL,NULL,NULL,NULL,NULL,NULL,NULL,NULL,NULL,NULL,NULL,NULL),(1352,'2024-01-30','2024-02-04 09:33:53.744699','',21,10.93,403.47,7,24,1,NULL,NULL,NULL,NULL,NULL,NULL,NULL,NULL,NULL,NULL,NULL,NULL,NULL,NULL,NULL,NULL,NULL),(1353,'2024-01-30','2024-02-04 09:33:53.759006','',21,8.7,321.15,8,24,1,NULL,NULL,NULL,NULL,NULL,NULL,NULL,NULL,NULL,NULL,NULL,NULL,NULL,NULL,NULL,NULL,NULL),(1354,'2024-01-30','2024-02-04 09:33:53.766733','',21,10.07,371.73,10,24,1,NULL,NULL,NULL,NULL,NULL,NULL,NULL,NULL,NULL,NULL,NULL,NULL,NULL,NULL,NULL,NULL,NULL),(1355,'2024-01-30','2024-02-04 09:33:53.775216','',21,275,261.25,11,24,1,NULL,NULL,NULL,NULL,NULL,NULL,NULL,NULL,NULL,NULL,NULL,NULL,NULL,NULL,NULL,NULL,NULL),(1356,'2024-01-30','2024-02-04 09:33:53.782492','',21,416,395.2,9,1100,1,NULL,NULL,NULL,NULL,NULL,NULL,NULL,NULL,NULL,NULL,NULL,NULL,NULL,NULL,NULL,NULL,NULL),(1357,'2024-01-30','2024-02-04 09:33:53.793351','',21,408,387.6,12,1100,1,NULL,NULL,NULL,NULL,NULL,NULL,NULL,NULL,NULL,NULL,NULL,NULL,NULL,NULL,NULL,NULL,NULL),(1358,'2024-01-30','2024-02-04 09:33:53.800785','',21,291,276.45,13,1100,1,NULL,NULL,NULL,NULL,NULL,NULL,NULL,NULL,NULL,NULL,NULL,NULL,NULL,NULL,NULL,NULL,NULL),(1359,'2024-01-30','2024-02-04 09:33:53.808753','',21,372,353.4,14,1100,1,NULL,NULL,NULL,NULL,NULL,NULL,NULL,NULL,NULL,NULL,NULL,NULL,NULL,NULL,NULL,NULL,NULL),(1360,'2024-01-30','2024-02-04 09:33:53.816788','',21,101,95.95,15,1050,1,NULL,NULL,NULL,NULL,NULL,NULL,NULL,NULL,NULL,NULL,NULL,NULL,NULL,NULL,NULL,NULL,NULL),(1361,'2024-01-30','2024-02-04 09:33:53.824717','',7,1086,2063.4,16,700,1,NULL,NULL,NULL,NULL,NULL,NULL,NULL,NULL,NULL,NULL,NULL,NULL,NULL,NULL,NULL,NULL,NULL),(1362,'2024-01-30','2024-02-04 09:33:53.830887','',7,8,729.6,17,78,1,NULL,NULL,NULL,NULL,NULL,NULL,NULL,NULL,NULL,NULL,NULL,NULL,NULL,NULL,NULL,NULL,NULL),(1363,'2024-01-30','2024-02-04 09:33:53.839989','',7,8,729.6,18,78,1,NULL,NULL,NULL,NULL,NULL,NULL,NULL,NULL,NULL,NULL,NULL,NULL,NULL,NULL,NULL,NULL,NULL),(1364,'2024-01-30','2024-02-04 09:33:53.848139','',7,8,729.6,19,78,1,NULL,NULL,NULL,NULL,NULL,NULL,NULL,NULL,NULL,NULL,NULL,NULL,NULL,NULL,NULL,NULL,NULL),(1365,'2024-01-30','2024-02-04 09:33:53.856686','',25,86.534,1947.02,3,290,2,NULL,NULL,NULL,NULL,NULL,NULL,NULL,NULL,NULL,NULL,NULL,NULL,NULL,NULL,NULL,NULL,NULL),(1366,'2024-01-30','2024-02-04 09:33:53.863067','',25,80.906,1820.38,4,290,2,NULL,NULL,NULL,NULL,NULL,NULL,NULL,NULL,NULL,NULL,NULL,NULL,NULL,NULL,NULL,NULL,NULL),(1367,'2024-01-30','2024-02-04 09:33:53.870596','',1.7,26.311,966.14,5,185,2,NULL,NULL,NULL,NULL,NULL,NULL,NULL,NULL,NULL,NULL,NULL,NULL,NULL,NULL,NULL,NULL,NULL),(1368,'2024-01-30','2024-02-04 09:33:53.877769','',21,11.28,416.39,6,24,2,NULL,NULL,NULL,NULL,NULL,NULL,NULL,NULL,NULL,NULL,NULL,NULL,NULL,NULL,NULL,NULL,NULL),(1369,'2024-01-30','2024-02-04 09:33:53.886913','',21,3.37,124.4,7,24,2,NULL,NULL,NULL,NULL,NULL,NULL,NULL,NULL,NULL,NULL,NULL,NULL,NULL,NULL,NULL,NULL,NULL),(1370,'2024-01-30','2024-02-04 09:33:53.894909','',21,10.94,403.84,8,24,2,NULL,NULL,NULL,NULL,NULL,NULL,NULL,NULL,NULL,NULL,NULL,NULL,NULL,NULL,NULL,NULL,NULL),(1371,'2024-01-30','2024-02-04 09:33:53.902564','',21,10.96,404.58,10,24,2,NULL,NULL,NULL,NULL,NULL,NULL,NULL,NULL,NULL,NULL,NULL,NULL,NULL,NULL,NULL,NULL,NULL),(1372,'2024-01-30','2024-02-04 09:33:53.909045','',21,580,551,11,24,2,NULL,NULL,NULL,NULL,NULL,NULL,NULL,NULL,NULL,NULL,NULL,NULL,NULL,NULL,NULL,NULL,NULL),(1373,'2024-01-30','2024-02-04 09:33:53.917202','',21,384,364.8,9,1100,2,NULL,NULL,NULL,NULL,NULL,NULL,NULL,NULL,NULL,NULL,NULL,NULL,NULL,NULL,NULL,NULL,NULL),(1374,'2024-01-30','2024-02-04 09:33:53.925506','',21,140,133,12,1100,2,NULL,NULL,NULL,NULL,NULL,NULL,NULL,NULL,NULL,NULL,NULL,NULL,NULL,NULL,NULL,NULL,NULL),(1375,'2024-01-30','2024-02-04 09:33:53.932455','',21,430,408.5,13,1100,2,NULL,NULL,NULL,NULL,NULL,NULL,NULL,NULL,NULL,NULL,NULL,NULL,NULL,NULL,NULL,NULL,NULL),(1376,'2024-01-30','2024-02-04 09:33:53.941687','',21,397,377.15,14,1100,2,NULL,NULL,NULL,NULL,NULL,NULL,NULL,NULL,NULL,NULL,NULL,NULL,NULL,NULL,NULL,NULL,NULL),(1377,'2024-01-30','2024-02-04 09:33:53.949709','',21,538,511.1,15,1050,2,NULL,NULL,NULL,NULL,NULL,NULL,NULL,NULL,NULL,NULL,NULL,NULL,NULL,NULL,NULL,NULL,NULL),(1378,'2024-01-30','2024-02-04 09:33:53.956872','',7,1117,2122.3,16,700,2,NULL,NULL,NULL,NULL,NULL,NULL,NULL,NULL,NULL,NULL,NULL,NULL,NULL,NULL,NULL,NULL,NULL),(1379,'2024-01-30','2024-02-04 09:33:53.963288','',7,8,729.6,17,78,2,NULL,NULL,NULL,NULL,NULL,NULL,NULL,NULL,NULL,NULL,NULL,NULL,NULL,NULL,NULL,NULL,NULL),(1380,'2024-01-30','2024-02-04 09:33:53.972383','',7,8,729.6,18,78,2,NULL,NULL,NULL,NULL,NULL,NULL,NULL,NULL,NULL,NULL,NULL,NULL,NULL,NULL,NULL,NULL,NULL),(1381,'2024-01-30','2024-02-04 09:33:53.979351','',7,8,729.6,19,78,2,NULL,NULL,NULL,NULL,NULL,NULL,NULL,NULL,NULL,NULL,NULL,NULL,NULL,NULL,NULL,NULL,NULL),(1382,'2024-01-30','2024-02-04 09:33:53.987791','',25,81.476,1833.21,3,290,3,NULL,NULL,NULL,NULL,NULL,NULL,NULL,NULL,NULL,NULL,NULL,NULL,NULL,NULL,NULL,NULL,NULL),(1383,'2024-01-30','2024-02-04 09:33:53.998394','',25,59.046,1328.54,4,290,3,NULL,NULL,NULL,NULL,NULL,NULL,NULL,NULL,NULL,NULL,NULL,NULL,NULL,NULL,NULL,NULL,NULL),(1384,'2024-01-30','2024-02-04 09:33:54.006598','',1.7,33.834,1242.38,5,185,3,NULL,NULL,NULL,NULL,NULL,NULL,NULL,NULL,NULL,NULL,NULL,NULL,NULL,NULL,NULL,NULL,NULL),(1385,'2024-01-30','2024-02-04 09:33:54.015610','',21,11.15,411.59,6,24,3,NULL,NULL,NULL,NULL,NULL,NULL,NULL,NULL,NULL,NULL,NULL,NULL,NULL,NULL,NULL,NULL,NULL),(1386,'2024-01-30','2024-02-04 09:33:54.022639','',21,7.81,288.3,7,24,3,NULL,NULL,NULL,NULL,NULL,NULL,NULL,NULL,NULL,NULL,NULL,NULL,NULL,NULL,NULL,NULL,NULL),(1387,'2024-01-30','2024-02-04 09:33:54.029967','',21,11.08,409.01,8,24,3,NULL,NULL,NULL,NULL,NULL,NULL,NULL,NULL,NULL,NULL,NULL,NULL,NULL,NULL,NULL,NULL,NULL),(1388,'2024-01-30','2024-02-04 09:33:54.038985','',21,10.91,402.73,10,24,3,NULL,NULL,NULL,NULL,NULL,NULL,NULL,NULL,NULL,NULL,NULL,NULL,NULL,NULL,NULL,NULL,NULL),(1389,'2024-01-30','2024-02-04 09:33:54.045981','',21,418,397.1,11,24,3,NULL,NULL,NULL,NULL,NULL,NULL,NULL,NULL,NULL,NULL,NULL,NULL,NULL,NULL,NULL,NULL,NULL),(1390,'2024-01-30','2024-02-04 09:33:54.054411','',21,431,409.45,9,1100,3,NULL,NULL,NULL,NULL,NULL,NULL,NULL,NULL,NULL,NULL,NULL,NULL,NULL,NULL,NULL,NULL,NULL),(1391,'2024-01-30','2024-02-04 09:33:54.061405','',21,191,181.45,12,1100,3,NULL,NULL,NULL,NULL,NULL,NULL,NULL,NULL,NULL,NULL,NULL,NULL,NULL,NULL,NULL,NULL,NULL),(1392,'2024-01-30','2024-02-04 09:33:54.069058','',21,406,385.7,13,1100,3,NULL,NULL,NULL,NULL,NULL,NULL,NULL,NULL,NULL,NULL,NULL,NULL,NULL,NULL,NULL,NULL,NULL),(1393,'2024-01-30','2024-02-04 09:33:54.076064','',21,409,388.55,14,1100,3,NULL,NULL,NULL,NULL,NULL,NULL,NULL,NULL,NULL,NULL,NULL,NULL,NULL,NULL,NULL,NULL,NULL),(1394,'2024-01-30','2024-02-04 09:33:54.084059','',21,286,271.7,15,1050,3,NULL,NULL,NULL,NULL,NULL,NULL,NULL,NULL,NULL,NULL,NULL,NULL,NULL,NULL,NULL,NULL,NULL),(1395,'2024-01-30','2024-02-04 09:33:54.091655','',7,878,1668.2,16,700,3,NULL,NULL,NULL,NULL,NULL,NULL,NULL,NULL,NULL,NULL,NULL,NULL,NULL,NULL,NULL,NULL,NULL),(1396,'2024-01-30','2024-02-04 09:33:54.099651','',7,8,729.6,17,78,3,NULL,NULL,NULL,NULL,NULL,NULL,NULL,NULL,NULL,NULL,NULL,NULL,NULL,NULL,NULL,NULL,NULL),(1397,'2024-01-30','2024-02-04 09:33:54.107326','',7,8,729.6,18,78,3,NULL,NULL,NULL,NULL,NULL,NULL,NULL,NULL,NULL,NULL,NULL,NULL,NULL,NULL,NULL,NULL,NULL),(1398,'2024-01-30','2024-02-04 09:33:54.114322','',7,8,729.6,19,78,3,NULL,NULL,NULL,NULL,NULL,NULL,NULL,NULL,NULL,NULL,NULL,NULL,NULL,NULL,NULL,NULL,NULL),(1399,'2024-01-29','2024-02-04 12:08:54.093574','',0,0,0,22,418,1,0,0,0,0,0,0,0,0,0,0,0,0,0,0,0,0,0),(1400,'2024-01-29','2024-02-04 12:08:54.104803','',0,0,390.76,20,300,1,0,4700,0,47040,47084,33596,33632,390.76,5800,292,2232,3959,2002,4870,4856,0,0),(1401,'2024-01-29','2024-02-04 12:08:54.120818','',0,0,426.44,21,300,1,0,4700,0,11792,11832,29416,29464,426.44,5800,4326,4200,131,3433,3752,0,0,0),(1402,'2024-01-29','2024-02-04 12:08:54.128813','',0,0,1260,22,418,2,0,45000,0,0,12000,0,0,1260,0,0,0,0,0,0,0,0,0),(1403,'2024-01-29','2024-02-04 12:08:54.137514','',0,0,437.31,20,300,2,0,4700,0,46960,47004,33512,33560,437.31,5800,1879,0,4184,0,0,0,0,0),(1404,'2024-01-29','2024-02-04 12:08:54.145509','',0,0,409.75,21,300,2,0,4700,0,11708,11752,29336,29376,409.75,5800,4676,1021,2017,4135,1747,4855,0,0),(1405,'2024-01-29','2024-02-04 12:08:54.155252','',0,0,857.14,22,418,3,0,45000,0,11000,21000,0,0,857.14,0,0,0,0,0,0,0,0,0),(1406,'2024-01-29','2024-02-04 12:08:54.162249','',0,0,348.82,20,300,3,0,4700,0,47004,47040,33560,33596,348.82,5800,2780,5470,236,327,1813,2238,0,0),(1407,'2024-01-29','2024-02-04 12:08:54.171234','',0,0,388.06,21,300,3,0,4700,0,11752,11792,29376,29416,388.06,5800,1006,1126,3065,5841,2156,1693,0,0),(1408,'2024-01-29','2024-02-04 12:14:55.187604','',25,91.802,2065.55,3,290,1,NULL,NULL,NULL,NULL,NULL,NULL,NULL,NULL,NULL,NULL,NULL,NULL,NULL,NULL,NULL,NULL,NULL),(1409,'2024-01-29','2024-02-04 12:14:55.195662','',25,80.715,1816.09,4,290,1,NULL,NULL,NULL,NULL,NULL,NULL,NULL,NULL,NULL,NULL,NULL,NULL,NULL,NULL,NULL,NULL,NULL),(1410,'2024-01-29','2024-02-04 12:14:55.203069','',1.7,56.417,2071.63,5,185,1,NULL,NULL,NULL,NULL,NULL,NULL,NULL,NULL,NULL,NULL,NULL,NULL,NULL,NULL,NULL,NULL,NULL),(1411,'2024-01-29','2024-02-04 12:14:55.219840','',21,1.85,68.29,6,24,1,NULL,NULL,NULL,NULL,NULL,NULL,NULL,NULL,NULL,NULL,NULL,NULL,NULL,NULL,NULL,NULL,NULL),(1412,'2024-01-29','2024-02-04 12:14:55.228748','',21,11.2,413.44,7,24,1,NULL,NULL,NULL,NULL,NULL,NULL,NULL,NULL,NULL,NULL,NULL,NULL,NULL,NULL,NULL,NULL,NULL),(1413,'2024-01-29','2024-02-04 12:14:55.235432','',21,10.62,392.03,8,24,1,NULL,NULL,NULL,NULL,NULL,NULL,NULL,NULL,NULL,NULL,NULL,NULL,NULL,NULL,NULL,NULL,NULL),(1414,'2024-01-29','2024-02-04 12:14:55.242794','',21,10.44,385.39,10,24,1,NULL,NULL,NULL,NULL,NULL,NULL,NULL,NULL,NULL,NULL,NULL,NULL,NULL,NULL,NULL,NULL,NULL),(1415,'2024-01-29','2024-02-04 12:14:55.266070','',21,573,544.35,11,24,1,NULL,NULL,NULL,NULL,NULL,NULL,NULL,NULL,NULL,NULL,NULL,NULL,NULL,NULL,NULL,NULL,NULL),(1416,'2024-01-29','2024-02-04 12:14:55.273336','',21,0,0,9,1100,1,NULL,NULL,NULL,NULL,NULL,NULL,NULL,NULL,NULL,NULL,NULL,NULL,NULL,NULL,NULL,NULL,NULL),(1417,'2024-01-29','2024-02-04 12:14:55.281331','',21,422,400.9,12,1100,1,NULL,NULL,NULL,NULL,NULL,NULL,NULL,NULL,NULL,NULL,NULL,NULL,NULL,NULL,NULL,NULL,NULL),(1418,'2024-01-29','2024-02-04 12:14:55.288526','',21,398,378.1,13,1100,1,NULL,NULL,NULL,NULL,NULL,NULL,NULL,NULL,NULL,NULL,NULL,NULL,NULL,NULL,NULL,NULL,NULL),(1419,'2024-01-29','2024-02-04 12:14:55.312731','',21,432,410.4,14,1100,1,NULL,NULL,NULL,NULL,NULL,NULL,NULL,NULL,NULL,NULL,NULL,NULL,NULL,NULL,NULL,NULL,NULL),(1420,'2024-01-29','2024-02-04 12:14:55.321402','',21,547,519.65,15,1050,1,NULL,NULL,NULL,NULL,NULL,NULL,NULL,NULL,NULL,NULL,NULL,NULL,NULL,NULL,NULL,NULL,NULL),(1421,'2024-01-29','2024-02-04 12:14:55.329853','',7,1201,2281.9,16,700,1,NULL,NULL,NULL,NULL,NULL,NULL,NULL,NULL,NULL,NULL,NULL,NULL,NULL,NULL,NULL,NULL,NULL),(1422,'2024-01-29','2024-02-04 12:14:55.337532','',7,8,729.6,17,78,1,NULL,NULL,NULL,NULL,NULL,NULL,NULL,NULL,NULL,NULL,NULL,NULL,NULL,NULL,NULL,NULL,NULL),(1423,'2024-01-29','2024-02-04 12:14:55.376868','',7,8,729.6,18,78,1,NULL,NULL,NULL,NULL,NULL,NULL,NULL,NULL,NULL,NULL,NULL,NULL,NULL,NULL,NULL,NULL,NULL),(1424,'2024-01-29','2024-02-04 12:14:55.448144','',7,8,729.6,19,78,1,NULL,NULL,NULL,NULL,NULL,NULL,NULL,NULL,NULL,NULL,NULL,NULL,NULL,NULL,NULL,NULL,NULL),(1425,'2024-01-29','2024-02-04 12:14:55.476109','',25,37.757,849.53,3,290,2,NULL,NULL,NULL,NULL,NULL,NULL,NULL,NULL,NULL,NULL,NULL,NULL,NULL,NULL,NULL,NULL,NULL),(1426,'2024-01-29','2024-02-04 12:14:55.483600','',25,44.647,1004.56,4,290,2,NULL,NULL,NULL,NULL,NULL,NULL,NULL,NULL,NULL,NULL,NULL,NULL,NULL,NULL,NULL,NULL,NULL),(1427,'2024-01-29','2024-02-04 12:14:55.493535','',1.7,35.468,1302.38,5,185,2,NULL,NULL,NULL,NULL,NULL,NULL,NULL,NULL,NULL,NULL,NULL,NULL,NULL,NULL,NULL,NULL,NULL),(1428,'2024-01-29','2024-02-04 12:14:55.500593','',21,10.93,403.47,6,24,2,NULL,NULL,NULL,NULL,NULL,NULL,NULL,NULL,NULL,NULL,NULL,NULL,NULL,NULL,NULL,NULL,NULL),(1429,'2024-01-29','2024-02-04 12:14:55.517613','',21,11.26,415.65,7,24,2,NULL,NULL,NULL,NULL,NULL,NULL,NULL,NULL,NULL,NULL,NULL,NULL,NULL,NULL,NULL,NULL,NULL),(1430,'2024-01-29','2024-02-04 12:14:55.527505','',21,10.99,405.69,8,24,2,NULL,NULL,NULL,NULL,NULL,NULL,NULL,NULL,NULL,NULL,NULL,NULL,NULL,NULL,NULL,NULL,NULL),(1431,'2024-01-29','2024-02-04 12:14:55.533988','',21,10.89,402,10,24,2,NULL,NULL,NULL,NULL,NULL,NULL,NULL,NULL,NULL,NULL,NULL,NULL,NULL,NULL,NULL,NULL,NULL),(1432,'2024-01-29','2024-02-04 12:14:55.542005','',21,127,120.65,11,24,2,NULL,NULL,NULL,NULL,NULL,NULL,NULL,NULL,NULL,NULL,NULL,NULL,NULL,NULL,NULL,NULL,NULL),(1433,'2024-01-29','2024-02-04 12:14:55.564755','',21,428,406.6,9,1100,2,NULL,NULL,NULL,NULL,NULL,NULL,NULL,NULL,NULL,NULL,NULL,NULL,NULL,NULL,NULL,NULL,NULL),(1434,'2024-01-29','2024-02-04 12:14:55.572423','',21,418,397.1,12,1100,2,NULL,NULL,NULL,NULL,NULL,NULL,NULL,NULL,NULL,NULL,NULL,NULL,NULL,NULL,NULL,NULL,NULL),(1435,'2024-01-29','2024-02-04 12:14:55.580586','',21,412,391.4,13,1100,2,NULL,NULL,NULL,NULL,NULL,NULL,NULL,NULL,NULL,NULL,NULL,NULL,NULL,NULL,NULL,NULL,NULL),(1436,'2024-01-29','2024-02-04 12:14:55.588554','',21,418,397.1,14,1100,2,NULL,NULL,NULL,NULL,NULL,NULL,NULL,NULL,NULL,NULL,NULL,NULL,NULL,NULL,NULL,NULL,NULL),(1437,'2024-01-29','2024-02-04 12:14:55.612950','',21,126,119.7,15,1050,2,NULL,NULL,NULL,NULL,NULL,NULL,NULL,NULL,NULL,NULL,NULL,NULL,NULL,NULL,NULL,NULL,NULL),(1438,'2024-01-29','2024-02-04 12:14:55.620826','',7,1226,2329.4,16,700,2,NULL,NULL,NULL,NULL,NULL,NULL,NULL,NULL,NULL,NULL,NULL,NULL,NULL,NULL,NULL,NULL,NULL),(1439,'2024-01-29','2024-02-04 12:14:55.628864','',7,8,729.6,17,78,2,NULL,NULL,NULL,NULL,NULL,NULL,NULL,NULL,NULL,NULL,NULL,NULL,NULL,NULL,NULL,NULL,NULL),(1440,'2024-01-29','2024-02-04 12:14:55.638268','',7,8,729.6,18,78,2,NULL,NULL,NULL,NULL,NULL,NULL,NULL,NULL,NULL,NULL,NULL,NULL,NULL,NULL,NULL,NULL,NULL),(1441,'2024-01-29','2024-02-04 12:14:55.656961','',7,8,729.6,19,78,2,NULL,NULL,NULL,NULL,NULL,NULL,NULL,NULL,NULL,NULL,NULL,NULL,NULL,NULL,NULL,NULL,NULL),(1442,'2024-01-29','2024-02-04 12:14:55.665414','',25,106.432,2394.72,3,290,3,NULL,NULL,NULL,NULL,NULL,NULL,NULL,NULL,NULL,NULL,NULL,NULL,NULL,NULL,NULL,NULL,NULL),(1443,'2024-01-29','2024-02-04 12:14:55.673490','',25,80.97,1821.83,4,290,3,NULL,NULL,NULL,NULL,NULL,NULL,NULL,NULL,NULL,NULL,NULL,NULL,NULL,NULL,NULL,NULL,NULL),(1444,'2024-01-29','2024-02-04 12:14:55.682456','',1.7,37.272,1368.63,5,185,3,NULL,NULL,NULL,NULL,NULL,NULL,NULL,NULL,NULL,NULL,NULL,NULL,NULL,NULL,NULL,NULL,NULL),(1445,'2024-01-29','2024-02-04 12:14:55.704516','',21,8.32,307.13,6,24,3,NULL,NULL,NULL,NULL,NULL,NULL,NULL,NULL,NULL,NULL,NULL,NULL,NULL,NULL,NULL,NULL,NULL),(1446,'2024-01-29','2024-02-04 12:14:55.713753','',21,11.28,416.39,7,24,3,NULL,NULL,NULL,NULL,NULL,NULL,NULL,NULL,NULL,NULL,NULL,NULL,NULL,NULL,NULL,NULL,NULL),(1447,'2024-01-29','2024-02-04 12:14:55.745621','',21,11.07,408.64,8,24,3,NULL,NULL,NULL,NULL,NULL,NULL,NULL,NULL,NULL,NULL,NULL,NULL,NULL,NULL,NULL,NULL,NULL),(1448,'2024-01-29','2024-02-04 12:14:55.756593','',21,10.71,395.35,10,24,3,NULL,NULL,NULL,NULL,NULL,NULL,NULL,NULL,NULL,NULL,NULL,NULL,NULL,NULL,NULL,NULL,NULL),(1449,'2024-01-29','2024-02-04 12:14:55.779309','',21,389,369.55,11,24,3,NULL,NULL,NULL,NULL,NULL,NULL,NULL,NULL,NULL,NULL,NULL,NULL,NULL,NULL,NULL,NULL,NULL),(1450,'2024-01-29','2024-02-04 12:14:55.787076','',21,263,249.85,9,1100,3,NULL,NULL,NULL,NULL,NULL,NULL,NULL,NULL,NULL,NULL,NULL,NULL,NULL,NULL,NULL,NULL,NULL),(1451,'2024-01-29','2024-02-04 12:14:55.799084','',21,422,400.9,12,1100,3,NULL,NULL,NULL,NULL,NULL,NULL,NULL,NULL,NULL,NULL,NULL,NULL,NULL,NULL,NULL,NULL,NULL),(1452,'2024-01-29','2024-02-04 12:14:55.822488','',21,434,412.3,13,1100,3,NULL,NULL,NULL,NULL,NULL,NULL,NULL,NULL,NULL,NULL,NULL,NULL,NULL,NULL,NULL,NULL,NULL),(1453,'2024-01-29','2024-02-04 12:14:55.830755','',21,401,380.95,14,1100,3,NULL,NULL,NULL,NULL,NULL,NULL,NULL,NULL,NULL,NULL,NULL,NULL,NULL,NULL,NULL,NULL,NULL),(1454,'2024-01-29','2024-02-04 12:14:55.857083','',21,589,559.55,15,1050,3,NULL,NULL,NULL,NULL,NULL,NULL,NULL,NULL,NULL,NULL,NULL,NULL,NULL,NULL,NULL,NULL,NULL),(1455,'2024-01-29','2024-02-04 12:14:55.866077','',7,1223,2323.7,16,700,3,NULL,NULL,NULL,NULL,NULL,NULL,NULL,NULL,NULL,NULL,NULL,NULL,NULL,NULL,NULL,NULL,NULL),(1456,'2024-01-29','2024-02-04 12:14:55.873825','',7,8,729.6,17,78,3,NULL,NULL,NULL,NULL,NULL,NULL,NULL,NULL,NULL,NULL,NULL,NULL,NULL,NULL,NULL,NULL,NULL),(1457,'2024-01-29','2024-02-04 12:14:55.881819','',7,8,729.6,18,78,3,NULL,NULL,NULL,NULL,NULL,NULL,NULL,NULL,NULL,NULL,NULL,NULL,NULL,NULL,NULL,NULL,NULL),(1458,'2024-01-29','2024-02-04 12:14:55.903368','',7,8,729.6,19,78,3,NULL,NULL,NULL,NULL,NULL,NULL,NULL,NULL,NULL,NULL,NULL,NULL,NULL,NULL,NULL,NULL,NULL),(1459,'2024-02-06','2024-02-04 12:22:55.593135','',0,0,1542.86,22,418,1,0,45000,0,12000,12000,0,0,1542.86,0,0,0,0,0,0,0,0,0),(1460,'2024-02-06','2024-02-04 12:22:55.601815','',0,0,441.21,20,300,1,0,4700,0,48020,48064,34536,34584,441.21,5800,1979,4064,1280,541,1822,1192,0,0),(1461,'2024-02-06','2024-02-04 12:22:55.610847','',0,0,458.07,21,300,1,0,4700,0,12752,12800,30388,30436,458.07,5800,298,252,1254,2575,1619,2478,0,0),(1462,'2024-02-06','2024-02-04 12:22:55.619083','',0,0,1071.43,22,418,2,0,45000,0,16000,6000,0,0,1071.43,0,0,0,0,0,0,0,0,0),(1463,'2024-02-06','2024-02-04 12:22:55.627230','',0,0,388.12,20,300,2,0,4700,0,48064,48108,34584,34620,388.12,5800,574,1335,3018,2174,4064,3787,0,0),(1464,'2024-02-06','2024-02-04 12:22:55.635224','',0,0,404.84,21,300,2,0,4700,0,12800,12840,30436,30480,404.84,5800,942,2246,2490,478,5562,670,0,0),(1465,'2024-02-06','2024-02-04 12:22:55.644685','',0,0,1577.14,22,418,3,0,45000,0,12000,16000,0,0,1577.14,0,0,0,0,0,0,0,0,0),(1466,'2024-02-06','2024-02-04 12:22:55.652681','',0,0,351.93,20,300,3,0,4700,0,47984,48020,34500,34536,351.93,5800,3093,82,3175,4514,3596,2233,0,0),(1467,'2024-02-06','2024-02-04 12:22:55.663071','',0,0,339.81,21,300,3,0,4700,0,12716,12752,30356,30388,339.81,5800,5398,1816,3293,4165,5597,4675,0,0),(1468,'2024-02-04','2024-02-05 08:15:33.467810','',25,120.201,2704.52,3,290,1,NULL,NULL,NULL,NULL,NULL,NULL,NULL,NULL,NULL,NULL,NULL,NULL,NULL,NULL,NULL,NULL,NULL),(1469,'2024-02-04','2024-02-05 08:15:33.478101','',25,108.873,2449.64,4,290,1,NULL,NULL,NULL,NULL,NULL,NULL,NULL,NULL,NULL,NULL,NULL,NULL,NULL,NULL,NULL,NULL,NULL),(1470,'2024-02-04','2024-02-05 08:15:33.495402','',1.7,58.797,2159.03,5,185,1,NULL,NULL,NULL,NULL,NULL,NULL,NULL,NULL,NULL,NULL,NULL,NULL,NULL,NULL,NULL,NULL,NULL),(1471,'2024-02-04','2024-02-05 08:15:33.504596','',21,11.1,409.75,6,24,1,NULL,NULL,NULL,NULL,NULL,NULL,NULL,NULL,NULL,NULL,NULL,NULL,NULL,NULL,NULL,NULL,NULL),(1472,'2024-02-04','2024-02-05 08:15:33.518217','',21,11.09,409.38,7,24,1,NULL,NULL,NULL,NULL,NULL,NULL,NULL,NULL,NULL,NULL,NULL,NULL,NULL,NULL,NULL,NULL,NULL),(1473,'2024-02-04','2024-02-05 08:15:33.525615','',21,10.54,389.08,8,24,1,NULL,NULL,NULL,NULL,NULL,NULL,NULL,NULL,NULL,NULL,NULL,NULL,NULL,NULL,NULL,NULL,NULL),(1474,'2024-02-04','2024-02-05 08:15:33.543002','',21,11.1,409.75,10,24,1,NULL,NULL,NULL,NULL,NULL,NULL,NULL,NULL,NULL,NULL,NULL,NULL,NULL,NULL,NULL,NULL,NULL),(1475,'2024-02-04','2024-02-05 08:15:33.550633','',21,579,550.05,11,24,1,NULL,NULL,NULL,NULL,NULL,NULL,NULL,NULL,NULL,NULL,NULL,NULL,NULL,NULL,NULL,NULL,NULL),(1476,'2024-02-04','2024-02-05 08:15:33.564306','',21,398,378.1,9,1100,1,NULL,NULL,NULL,NULL,NULL,NULL,NULL,NULL,NULL,NULL,NULL,NULL,NULL,NULL,NULL,NULL,NULL),(1477,'2024-02-04','2024-02-05 08:15:33.571617','',21,437,415.15,12,1100,1,NULL,NULL,NULL,NULL,NULL,NULL,NULL,NULL,NULL,NULL,NULL,NULL,NULL,NULL,NULL,NULL,NULL),(1478,'2024-02-04','2024-02-05 08:15:33.589646','',21,362,343.9,13,1100,1,NULL,NULL,NULL,NULL,NULL,NULL,NULL,NULL,NULL,NULL,NULL,NULL,NULL,NULL,NULL,NULL,NULL),(1479,'2024-02-04','2024-02-05 08:15:33.597329','',21,411,390.45,14,1100,1,NULL,NULL,NULL,NULL,NULL,NULL,NULL,NULL,NULL,NULL,NULL,NULL,NULL,NULL,NULL,NULL,NULL),(1480,'2024-02-04','2024-02-05 08:15:33.610284','',21,575,546.25,15,1050,1,NULL,NULL,NULL,NULL,NULL,NULL,NULL,NULL,NULL,NULL,NULL,NULL,NULL,NULL,NULL,NULL,NULL),(1481,'2024-02-04','2024-02-05 08:15:33.619809','',7,1195,2270.5,16,700,1,NULL,NULL,NULL,NULL,NULL,NULL,NULL,NULL,NULL,NULL,NULL,NULL,NULL,NULL,NULL,NULL,NULL),(1482,'2024-02-04','2024-02-05 08:15:33.636091','',7,4,364.8,17,78,1,NULL,NULL,NULL,NULL,NULL,NULL,NULL,NULL,NULL,NULL,NULL,NULL,NULL,NULL,NULL,NULL,NULL),(1483,'2024-02-04','2024-02-05 08:15:33.644081','',7,8,729.6,18,78,1,NULL,NULL,NULL,NULL,NULL,NULL,NULL,NULL,NULL,NULL,NULL,NULL,NULL,NULL,NULL,NULL,NULL),(1484,'2024-02-04','2024-02-05 08:15:33.656785','',7,8,729.6,19,78,1,NULL,NULL,NULL,NULL,NULL,NULL,NULL,NULL,NULL,NULL,NULL,NULL,NULL,NULL,NULL,NULL,NULL),(1485,'2024-02-04','2024-02-05 08:15:33.663735','',25,92.356,2078.01,3,290,2,NULL,NULL,NULL,NULL,NULL,NULL,NULL,NULL,NULL,NULL,NULL,NULL,NULL,NULL,NULL,NULL,NULL),(1486,'2024-02-04','2024-02-05 08:15:33.682573','',25,102.481,2305.82,4,290,2,NULL,NULL,NULL,NULL,NULL,NULL,NULL,NULL,NULL,NULL,NULL,NULL,NULL,NULL,NULL,NULL,NULL),(1487,'2024-02-04','2024-02-05 08:15:33.690000','',1.7,49.588,1820.87,5,185,2,NULL,NULL,NULL,NULL,NULL,NULL,NULL,NULL,NULL,NULL,NULL,NULL,NULL,NULL,NULL,NULL,NULL),(1488,'2024-02-04','2024-02-05 08:15:33.702936','',21,11.17,412.33,6,24,2,NULL,NULL,NULL,NULL,NULL,NULL,NULL,NULL,NULL,NULL,NULL,NULL,NULL,NULL,NULL,NULL,NULL),(1489,'2024-02-04','2024-02-05 08:15:33.710027','',21,11.05,407.9,7,24,2,NULL,NULL,NULL,NULL,NULL,NULL,NULL,NULL,NULL,NULL,NULL,NULL,NULL,NULL,NULL,NULL,NULL),(1490,'2024-02-04','2024-02-05 08:15:33.727711','',21,11.02,406.8,8,24,2,NULL,NULL,NULL,NULL,NULL,NULL,NULL,NULL,NULL,NULL,NULL,NULL,NULL,NULL,NULL,NULL,NULL),(1491,'2024-02-04','2024-02-05 08:15:33.737442','',21,11.02,406.8,10,24,2,NULL,NULL,NULL,NULL,NULL,NULL,NULL,NULL,NULL,NULL,NULL,NULL,NULL,NULL,NULL,NULL,NULL),(1492,'2024-02-04','2024-02-05 08:15:33.753451','',21,581,551.95,11,24,2,NULL,NULL,NULL,NULL,NULL,NULL,NULL,NULL,NULL,NULL,NULL,NULL,NULL,NULL,NULL,NULL,NULL),(1493,'2024-02-04','2024-02-05 08:15:33.761176','',21,415,394.25,9,1100,2,NULL,NULL,NULL,NULL,NULL,NULL,NULL,NULL,NULL,NULL,NULL,NULL,NULL,NULL,NULL,NULL,NULL),(1494,'2024-02-04','2024-02-05 08:15:33.778372','',21,420,399,12,1100,2,NULL,NULL,NULL,NULL,NULL,NULL,NULL,NULL,NULL,NULL,NULL,NULL,NULL,NULL,NULL,NULL,NULL),(1495,'2024-02-04','2024-02-05 08:15:33.797448','',21,411,390.45,13,1100,2,NULL,NULL,NULL,NULL,NULL,NULL,NULL,NULL,NULL,NULL,NULL,NULL,NULL,NULL,NULL,NULL,NULL),(1496,'2024-02-04','2024-02-05 08:15:33.814611','',21,416,395.2,14,1100,2,NULL,NULL,NULL,NULL,NULL,NULL,NULL,NULL,NULL,NULL,NULL,NULL,NULL,NULL,NULL,NULL,NULL),(1497,'2024-02-04','2024-02-05 08:15:33.822490','',21,567,538.65,15,1050,2,NULL,NULL,NULL,NULL,NULL,NULL,NULL,NULL,NULL,NULL,NULL,NULL,NULL,NULL,NULL,NULL,NULL),(1498,'2024-02-04','2024-02-05 08:15:33.836678','',7,1232,2340.8,16,700,2,NULL,NULL,NULL,NULL,NULL,NULL,NULL,NULL,NULL,NULL,NULL,NULL,NULL,NULL,NULL,NULL,NULL),(1499,'2024-02-04','2024-02-05 08:15:33.842675','',7,8,729.6,17,78,2,NULL,NULL,NULL,NULL,NULL,NULL,NULL,NULL,NULL,NULL,NULL,NULL,NULL,NULL,NULL,NULL,NULL),(1500,'2024-02-04','2024-02-05 08:15:33.859766','',7,8,729.6,18,78,2,NULL,NULL,NULL,NULL,NULL,NULL,NULL,NULL,NULL,NULL,NULL,NULL,NULL,NULL,NULL,NULL,NULL),(1501,'2024-02-04','2024-02-05 08:15:33.868241','',7,8,729.6,19,78,2,NULL,NULL,NULL,NULL,NULL,NULL,NULL,NULL,NULL,NULL,NULL,NULL,NULL,NULL,NULL,NULL,NULL),(1502,'2024-02-04','2024-02-05 08:15:33.881998','',25,88.097,1982.18,3,290,3,NULL,NULL,NULL,NULL,NULL,NULL,NULL,NULL,NULL,NULL,NULL,NULL,NULL,NULL,NULL,NULL,NULL),(1503,'2024-02-04','2024-02-05 08:15:33.889429','',25,85.552,1924.92,4,290,3,NULL,NULL,NULL,NULL,NULL,NULL,NULL,NULL,NULL,NULL,NULL,NULL,NULL,NULL,NULL,NULL,NULL),(1504,'2024-02-04','2024-02-05 08:15:33.905553','',1.7,33.997,1248.37,5,185,3,NULL,NULL,NULL,NULL,NULL,NULL,NULL,NULL,NULL,NULL,NULL,NULL,NULL,NULL,NULL,NULL,NULL),(1505,'2024-02-04','2024-02-05 08:15:33.912245','',21,10.75,396.83,6,24,3,NULL,NULL,NULL,NULL,NULL,NULL,NULL,NULL,NULL,NULL,NULL,NULL,NULL,NULL,NULL,NULL,NULL),(1506,'2024-02-04','2024-02-05 08:15:33.925388','',21,11.23,414.55,7,24,3,NULL,NULL,NULL,NULL,NULL,NULL,NULL,NULL,NULL,NULL,NULL,NULL,NULL,NULL,NULL,NULL,NULL),(1507,'2024-02-04','2024-02-05 08:15:33.933289','',21,10.78,397.94,8,24,3,NULL,NULL,NULL,NULL,NULL,NULL,NULL,NULL,NULL,NULL,NULL,NULL,NULL,NULL,NULL,NULL,NULL),(1508,'2024-02-04','2024-02-05 08:15:33.950345','',21,10.91,402.73,10,24,3,NULL,NULL,NULL,NULL,NULL,NULL,NULL,NULL,NULL,NULL,NULL,NULL,NULL,NULL,NULL,NULL,NULL),(1509,'2024-02-04','2024-02-05 08:15:33.957207','',21,582,552.9,11,24,3,NULL,NULL,NULL,NULL,NULL,NULL,NULL,NULL,NULL,NULL,NULL,NULL,NULL,NULL,NULL,NULL,NULL),(1510,'2024-02-04','2024-02-05 08:15:33.969856','',21,435,413.25,9,1100,3,NULL,NULL,NULL,NULL,NULL,NULL,NULL,NULL,NULL,NULL,NULL,NULL,NULL,NULL,NULL,NULL,NULL),(1511,'2024-02-04','2024-02-05 08:15:33.977561','',21,445,422.75,12,1100,3,NULL,NULL,NULL,NULL,NULL,NULL,NULL,NULL,NULL,NULL,NULL,NULL,NULL,NULL,NULL,NULL,NULL),(1512,'2024-02-04','2024-02-05 08:15:33.993956','',21,441,418.95,13,1100,3,NULL,NULL,NULL,NULL,NULL,NULL,NULL,NULL,NULL,NULL,NULL,NULL,NULL,NULL,NULL,NULL,NULL),(1513,'2024-02-04','2024-02-05 08:15:34.002550','',21,434,412.3,14,1100,3,NULL,NULL,NULL,NULL,NULL,NULL,NULL,NULL,NULL,NULL,NULL,NULL,NULL,NULL,NULL,NULL,NULL),(1514,'2024-02-04','2024-02-05 08:15:34.017329','',21,557,529.15,15,1050,3,NULL,NULL,NULL,NULL,NULL,NULL,NULL,NULL,NULL,NULL,NULL,NULL,NULL,NULL,NULL,NULL,NULL),(1515,'2024-02-04','2024-02-05 08:15:34.024224','',7,1256,2386.4,16,700,3,NULL,NULL,NULL,NULL,NULL,NULL,NULL,NULL,NULL,NULL,NULL,NULL,NULL,NULL,NULL,NULL,NULL),(1516,'2024-02-04','2024-02-05 08:15:34.040578','',7,8,729.6,17,78,3,NULL,NULL,NULL,NULL,NULL,NULL,NULL,NULL,NULL,NULL,NULL,NULL,NULL,NULL,NULL,NULL,NULL),(1517,'2024-02-04','2024-02-05 08:15:34.048285','',7,8,729.6,18,78,3,NULL,NULL,NULL,NULL,NULL,NULL,NULL,NULL,NULL,NULL,NULL,NULL,NULL,NULL,NULL,NULL,NULL),(1518,'2024-02-04','2024-02-05 08:15:34.061808','',7,8,729.6,19,78,3,NULL,NULL,NULL,NULL,NULL,NULL,NULL,NULL,NULL,NULL,NULL,NULL,NULL,NULL,NULL,NULL,NULL),(1519,'2024-01-27','2024-02-05 08:22:17.689102','',25,117.114,2635.07,3,290,1,NULL,NULL,NULL,NULL,NULL,NULL,NULL,NULL,NULL,NULL,NULL,NULL,NULL,NULL,NULL,NULL,NULL),(1520,'2024-01-27','2024-02-05 08:22:17.716156','',25,120.919,2720.68,4,290,1,NULL,NULL,NULL,NULL,NULL,NULL,NULL,NULL,NULL,NULL,NULL,NULL,NULL,NULL,NULL,NULL,NULL),(1521,'2024-01-27','2024-02-05 08:22:17.724509','',1.7,65.93,2420.95,5,185,1,NULL,NULL,NULL,NULL,NULL,NULL,NULL,NULL,NULL,NULL,NULL,NULL,NULL,NULL,NULL,NULL,NULL),(1522,'2024-01-27','2024-02-05 08:22:17.738724','',21,11.22,414.18,6,24,1,NULL,NULL,NULL,NULL,NULL,NULL,NULL,NULL,NULL,NULL,NULL,NULL,NULL,NULL,NULL,NULL,NULL),(1523,'2024-01-27','2024-02-05 08:22:17.746024','',21,11.34,418.61,7,24,1,NULL,NULL,NULL,NULL,NULL,NULL,NULL,NULL,NULL,NULL,NULL,NULL,NULL,NULL,NULL,NULL,NULL),(1524,'2024-01-27','2024-02-05 08:22:17.764156','',21,11.18,412.7,8,24,1,NULL,NULL,NULL,NULL,NULL,NULL,NULL,NULL,NULL,NULL,NULL,NULL,NULL,NULL,NULL,NULL,NULL),(1525,'2024-01-27','2024-02-05 08:22:17.771767','',21,11.02,406.8,10,24,1,NULL,NULL,NULL,NULL,NULL,NULL,NULL,NULL,NULL,NULL,NULL,NULL,NULL,NULL,NULL,NULL,NULL),(1526,'2024-01-27','2024-02-05 08:22:17.786646','',21,579,550.05,11,24,1,NULL,NULL,NULL,NULL,NULL,NULL,NULL,NULL,NULL,NULL,NULL,NULL,NULL,NULL,NULL,NULL,NULL),(1527,'2024-01-27','2024-02-05 08:22:17.794402','',21,430,408.5,9,1100,1,NULL,NULL,NULL,NULL,NULL,NULL,NULL,NULL,NULL,NULL,NULL,NULL,NULL,NULL,NULL,NULL,NULL),(1528,'2024-01-27','2024-02-05 08:22:17.813153','',21,446,423.7,12,1100,1,NULL,NULL,NULL,NULL,NULL,NULL,NULL,NULL,NULL,NULL,NULL,NULL,NULL,NULL,NULL,NULL,NULL),(1529,'2024-01-27','2024-02-05 08:22:17.820091','',21,420,399,13,1100,1,NULL,NULL,NULL,NULL,NULL,NULL,NULL,NULL,NULL,NULL,NULL,NULL,NULL,NULL,NULL,NULL,NULL),(1530,'2024-01-27','2024-02-05 08:22:17.834871','',21,417,396.15,14,1100,1,NULL,NULL,NULL,NULL,NULL,NULL,NULL,NULL,NULL,NULL,NULL,NULL,NULL,NULL,NULL,NULL,NULL),(1531,'2024-01-27','2024-02-05 08:22:17.844795','',21,574,545.3,15,1050,1,NULL,NULL,NULL,NULL,NULL,NULL,NULL,NULL,NULL,NULL,NULL,NULL,NULL,NULL,NULL,NULL,NULL),(1532,'2024-01-27','2024-02-05 08:22:17.862817','',7,1214,2306.6,16,700,1,NULL,NULL,NULL,NULL,NULL,NULL,NULL,NULL,NULL,NULL,NULL,NULL,NULL,NULL,NULL,NULL,NULL),(1533,'2024-01-27','2024-02-05 08:22:17.871909','',7,8,729.6,17,78,1,NULL,NULL,NULL,NULL,NULL,NULL,NULL,NULL,NULL,NULL,NULL,NULL,NULL,NULL,NULL,NULL,NULL),(1534,'2024-01-27','2024-02-05 08:22:17.886843','',7,8,729.6,18,78,1,NULL,NULL,NULL,NULL,NULL,NULL,NULL,NULL,NULL,NULL,NULL,NULL,NULL,NULL,NULL,NULL,NULL),(1535,'2024-01-27','2024-02-05 08:22:17.896959','',7,8,729.6,19,78,1,NULL,NULL,NULL,NULL,NULL,NULL,NULL,NULL,NULL,NULL,NULL,NULL,NULL,NULL,NULL,NULL,NULL),(1536,'2024-01-27','2024-02-05 08:22:17.914474','',25,113.692,2558.07,3,290,2,NULL,NULL,NULL,NULL,NULL,NULL,NULL,NULL,NULL,NULL,NULL,NULL,NULL,NULL,NULL,NULL,NULL),(1537,'2024-01-27','2024-02-05 08:22:17.923374','',25,110.806,2493.14,4,290,2,NULL,NULL,NULL,NULL,NULL,NULL,NULL,NULL,NULL,NULL,NULL,NULL,NULL,NULL,NULL,NULL,NULL),(1538,'2024-01-27','2024-02-05 08:22:17.939551','',1.7,62.297,2287.55,5,185,2,NULL,NULL,NULL,NULL,NULL,NULL,NULL,NULL,NULL,NULL,NULL,NULL,NULL,NULL,NULL,NULL,NULL),(1539,'2024-01-27','2024-02-05 08:22:17.947575','',21,9.8,361.76,6,24,2,NULL,NULL,NULL,NULL,NULL,NULL,NULL,NULL,NULL,NULL,NULL,NULL,NULL,NULL,NULL,NULL,NULL),(1540,'2024-01-27','2024-02-05 08:22:17.965600','',21,9.5,350.69,7,24,2,NULL,NULL,NULL,NULL,NULL,NULL,NULL,NULL,NULL,NULL,NULL,NULL,NULL,NULL,NULL,NULL,NULL),(1541,'2024-01-27','2024-02-05 08:22:17.975100','',21,9.61,354.75,8,24,2,NULL,NULL,NULL,NULL,NULL,NULL,NULL,NULL,NULL,NULL,NULL,NULL,NULL,NULL,NULL,NULL,NULL),(1542,'2024-01-27','2024-02-05 08:22:17.990758','',21,10.14,374.31,10,24,2,NULL,NULL,NULL,NULL,NULL,NULL,NULL,NULL,NULL,NULL,NULL,NULL,NULL,NULL,NULL,NULL,NULL),(1543,'2024-01-27','2024-02-05 08:22:17.999878','',21,533,506.35,11,24,2,NULL,NULL,NULL,NULL,NULL,NULL,NULL,NULL,NULL,NULL,NULL,NULL,NULL,NULL,NULL,NULL,NULL),(1544,'2024-01-27','2024-02-05 08:22:18.017099','',21,373,354.35,9,1100,2,NULL,NULL,NULL,NULL,NULL,NULL,NULL,NULL,NULL,NULL,NULL,NULL,NULL,NULL,NULL,NULL,NULL),(1545,'2024-01-27','2024-02-05 08:22:18.026442','',21,383,363.85,12,1100,2,NULL,NULL,NULL,NULL,NULL,NULL,NULL,NULL,NULL,NULL,NULL,NULL,NULL,NULL,NULL,NULL,NULL),(1546,'2024-01-27','2024-02-05 08:22:18.041454','',21,340,323,13,1100,2,NULL,NULL,NULL,NULL,NULL,NULL,NULL,NULL,NULL,NULL,NULL,NULL,NULL,NULL,NULL,NULL,NULL),(1547,'2024-01-27','2024-02-05 08:22:18.050175','',21,274,260.3,14,1100,2,NULL,NULL,NULL,NULL,NULL,NULL,NULL,NULL,NULL,NULL,NULL,NULL,NULL,NULL,NULL,NULL,NULL),(1548,'2024-01-27','2024-02-05 08:22:18.067011','',21,487,462.65,15,1050,2,NULL,NULL,NULL,NULL,NULL,NULL,NULL,NULL,NULL,NULL,NULL,NULL,NULL,NULL,NULL,NULL,NULL),(1549,'2024-01-27','2024-02-05 08:22:18.196336','',7,1118,2124.2,16,700,2,NULL,NULL,NULL,NULL,NULL,NULL,NULL,NULL,NULL,NULL,NULL,NULL,NULL,NULL,NULL,NULL,NULL),(1550,'2024-01-27','2024-02-05 08:22:18.300236','',7,8,729.6,17,78,2,NULL,NULL,NULL,NULL,NULL,NULL,NULL,NULL,NULL,NULL,NULL,NULL,NULL,NULL,NULL,NULL,NULL),(1551,'2024-01-27','2024-02-05 08:22:18.360879','',7,4,364.8,18,78,2,NULL,NULL,NULL,NULL,NULL,NULL,NULL,NULL,NULL,NULL,NULL,NULL,NULL,NULL,NULL,NULL,NULL),(1552,'2024-01-27','2024-02-05 08:22:18.386444','',7,8,729.6,19,78,2,NULL,NULL,NULL,NULL,NULL,NULL,NULL,NULL,NULL,NULL,NULL,NULL,NULL,NULL,NULL,NULL,NULL),(1553,'2024-01-27','2024-02-05 08:22:18.399724','',25,107.394,2416.37,3,290,3,NULL,NULL,NULL,NULL,NULL,NULL,NULL,NULL,NULL,NULL,NULL,NULL,NULL,NULL,NULL,NULL,NULL),(1554,'2024-01-27','2024-02-05 08:22:18.419132','',25,105.355,2370.49,4,290,3,NULL,NULL,NULL,NULL,NULL,NULL,NULL,NULL,NULL,NULL,NULL,NULL,NULL,NULL,NULL,NULL,NULL),(1555,'2024-01-27','2024-02-05 08:22:18.427814','',1.7,56.226,2064.62,5,185,3,NULL,NULL,NULL,NULL,NULL,NULL,NULL,NULL,NULL,NULL,NULL,NULL,NULL,NULL,NULL,NULL,NULL),(1556,'2024-01-27','2024-02-05 08:22:18.448761','',21,11.16,411.96,6,24,3,NULL,NULL,NULL,NULL,NULL,NULL,NULL,NULL,NULL,NULL,NULL,NULL,NULL,NULL,NULL,NULL,NULL),(1557,'2024-01-27','2024-02-05 08:22:18.457857','',21,11.22,414.18,7,24,3,NULL,NULL,NULL,NULL,NULL,NULL,NULL,NULL,NULL,NULL,NULL,NULL,NULL,NULL,NULL,NULL,NULL),(1558,'2024-01-27','2024-02-05 08:22:18.471897','',21,11.15,411.59,8,24,3,NULL,NULL,NULL,NULL,NULL,NULL,NULL,NULL,NULL,NULL,NULL,NULL,NULL,NULL,NULL,NULL,NULL),(1559,'2024-01-27','2024-02-05 08:22:18.496343','',21,10.96,404.58,10,24,3,NULL,NULL,NULL,NULL,NULL,NULL,NULL,NULL,NULL,NULL,NULL,NULL,NULL,NULL,NULL,NULL,NULL),(1560,'2024-01-27','2024-02-05 08:22:18.510346','',21,581,551.95,11,24,3,NULL,NULL,NULL,NULL,NULL,NULL,NULL,NULL,NULL,NULL,NULL,NULL,NULL,NULL,NULL,NULL,NULL),(1561,'2024-01-27','2024-02-05 08:22:18.520626','',21,430,408.5,9,1100,3,NULL,NULL,NULL,NULL,NULL,NULL,NULL,NULL,NULL,NULL,NULL,NULL,NULL,NULL,NULL,NULL,NULL),(1562,'2024-01-27','2024-02-05 08:22:18.542571','',21,430,408.5,12,1100,3,NULL,NULL,NULL,NULL,NULL,NULL,NULL,NULL,NULL,NULL,NULL,NULL,NULL,NULL,NULL,NULL,NULL),(1563,'2024-01-27','2024-02-05 08:22:18.550592','',21,446,423.7,13,1100,3,NULL,NULL,NULL,NULL,NULL,NULL,NULL,NULL,NULL,NULL,NULL,NULL,NULL,NULL,NULL,NULL,NULL),(1564,'2024-01-27','2024-02-05 08:22:18.565249','',21,418,397.1,14,1100,3,NULL,NULL,NULL,NULL,NULL,NULL,NULL,NULL,NULL,NULL,NULL,NULL,NULL,NULL,NULL,NULL,NULL),(1565,'2024-01-27','2024-02-05 08:22:18.574254','',21,543,515.85,15,1050,3,NULL,NULL,NULL,NULL,NULL,NULL,NULL,NULL,NULL,NULL,NULL,NULL,NULL,NULL,NULL,NULL,NULL),(1566,'2024-01-27','2024-02-05 08:22:18.595443','',7,1217,2312.3,16,700,3,NULL,NULL,NULL,NULL,NULL,NULL,NULL,NULL,NULL,NULL,NULL,NULL,NULL,NULL,NULL,NULL,NULL),(1567,'2024-01-27','2024-02-05 08:22:18.603437','',7,8,729.6,17,78,3,NULL,NULL,NULL,NULL,NULL,NULL,NULL,NULL,NULL,NULL,NULL,NULL,NULL,NULL,NULL,NULL,NULL),(1568,'2024-01-27','2024-02-05 08:22:18.618731','',7,6,547.2,18,78,3,NULL,NULL,NULL,NULL,NULL,NULL,NULL,NULL,NULL,NULL,NULL,NULL,NULL,NULL,NULL,NULL,NULL),(1569,'2024-01-27','2024-02-05 08:22:18.628207','',7,8,729.6,19,78,3,NULL,NULL,NULL,NULL,NULL,NULL,NULL,NULL,NULL,NULL,NULL,NULL,NULL,NULL,NULL,NULL,NULL),(1570,'2024-01-26','2024-02-05 08:23:39.282078','',25,110.231,2480.2,3,290,1,NULL,NULL,NULL,NULL,NULL,NULL,NULL,NULL,NULL,NULL,NULL,NULL,NULL,NULL,NULL,NULL,NULL),(1571,'2024-01-26','2024-02-05 08:23:39.289919','',25,114.683,2580.37,4,290,1,NULL,NULL,NULL,NULL,NULL,NULL,NULL,NULL,NULL,NULL,NULL,NULL,NULL,NULL,NULL,NULL,NULL),(1572,'2024-01-26','2024-02-05 08:23:39.298068','',1.7,62.786,2305.5,5,185,1,NULL,NULL,NULL,NULL,NULL,NULL,NULL,NULL,NULL,NULL,NULL,NULL,NULL,NULL,NULL,NULL,NULL),(1573,'2024-01-26','2024-02-05 08:23:39.305504','',21,0,0,6,24,1,NULL,NULL,NULL,NULL,NULL,NULL,NULL,NULL,NULL,NULL,NULL,NULL,NULL,NULL,NULL,NULL,NULL),(1574,'2024-01-26','2024-02-05 08:23:39.313669','',21,0,0,7,24,1,NULL,NULL,NULL,NULL,NULL,NULL,NULL,NULL,NULL,NULL,NULL,NULL,NULL,NULL,NULL,NULL,NULL),(1575,'2024-01-26','2024-02-05 08:23:39.321921','',21,0,0,8,24,1,NULL,NULL,NULL,NULL,NULL,NULL,NULL,NULL,NULL,NULL,NULL,NULL,NULL,NULL,NULL,NULL,NULL),(1576,'2024-01-26','2024-02-05 08:23:39.330978','',21,0,0,10,24,1,NULL,NULL,NULL,NULL,NULL,NULL,NULL,NULL,NULL,NULL,NULL,NULL,NULL,NULL,NULL,NULL,NULL),(1577,'2024-01-26','2024-02-05 08:23:39.338366','',21,0,0,11,24,1,NULL,NULL,NULL,NULL,NULL,NULL,NULL,NULL,NULL,NULL,NULL,NULL,NULL,NULL,NULL,NULL,NULL),(1578,'2024-01-26','2024-02-05 08:23:39.347289','',21,0,0,9,1100,1,NULL,NULL,NULL,NULL,NULL,NULL,NULL,NULL,NULL,NULL,NULL,NULL,NULL,NULL,NULL,NULL,NULL),(1579,'2024-01-26','2024-02-05 08:23:39.354201','',21,0,0,12,1100,1,NULL,NULL,NULL,NULL,NULL,NULL,NULL,NULL,NULL,NULL,NULL,NULL,NULL,NULL,NULL,NULL,NULL),(1580,'2024-01-26','2024-02-05 08:23:39.363495','',21,0,0,13,1100,1,NULL,NULL,NULL,NULL,NULL,NULL,NULL,NULL,NULL,NULL,NULL,NULL,NULL,NULL,NULL,NULL,NULL),(1581,'2024-01-26','2024-02-05 08:23:39.370574','',21,0,0,14,1100,1,NULL,NULL,NULL,NULL,NULL,NULL,NULL,NULL,NULL,NULL,NULL,NULL,NULL,NULL,NULL,NULL,NULL),(1582,'2024-01-26','2024-02-05 08:23:39.378926','',21,0,0,15,1050,1,NULL,NULL,NULL,NULL,NULL,NULL,NULL,NULL,NULL,NULL,NULL,NULL,NULL,NULL,NULL,NULL,NULL),(1583,'2024-01-26','2024-02-05 08:23:39.386853','',7,461,875.9,16,700,1,NULL,NULL,NULL,NULL,NULL,NULL,NULL,NULL,NULL,NULL,NULL,NULL,NULL,NULL,NULL,NULL,NULL),(1584,'2024-01-26','2024-02-05 08:23:39.394443','',7,8,729.6,17,78,1,NULL,NULL,NULL,NULL,NULL,NULL,NULL,NULL,NULL,NULL,NULL,NULL,NULL,NULL,NULL,NULL,NULL),(1585,'2024-01-26','2024-02-05 08:23:39.402949','',7,8,729.6,18,78,1,NULL,NULL,NULL,NULL,NULL,NULL,NULL,NULL,NULL,NULL,NULL,NULL,NULL,NULL,NULL,NULL,NULL),(1586,'2024-01-26','2024-02-05 08:23:39.411702','',7,4,364.8,19,78,1,NULL,NULL,NULL,NULL,NULL,NULL,NULL,NULL,NULL,NULL,NULL,NULL,NULL,NULL,NULL,NULL,NULL),(1587,'2024-01-26','2024-02-05 08:23:39.420078','',25,105.952,2383.92,3,290,2,NULL,NULL,NULL,NULL,NULL,NULL,NULL,NULL,NULL,NULL,NULL,NULL,NULL,NULL,NULL,NULL,NULL),(1588,'2024-01-26','2024-02-05 08:23:39.427552','',25,98.066,2206.49,4,290,2,NULL,NULL,NULL,NULL,NULL,NULL,NULL,NULL,NULL,NULL,NULL,NULL,NULL,NULL,NULL,NULL,NULL),(1589,'2024-01-26','2024-02-05 08:23:39.435393','',1.7,58.361,2143.02,5,185,2,NULL,NULL,NULL,NULL,NULL,NULL,NULL,NULL,NULL,NULL,NULL,NULL,NULL,NULL,NULL,NULL,NULL),(1590,'2024-01-26','2024-02-05 08:23:39.444371','',21,0,0,6,24,2,NULL,NULL,NULL,NULL,NULL,NULL,NULL,NULL,NULL,NULL,NULL,NULL,NULL,NULL,NULL,NULL,NULL),(1591,'2024-01-26','2024-02-05 08:23:39.452927','',21,0,0,7,24,2,NULL,NULL,NULL,NULL,NULL,NULL,NULL,NULL,NULL,NULL,NULL,NULL,NULL,NULL,NULL,NULL,NULL),(1592,'2024-01-26','2024-02-05 08:23:39.461207','',21,0,0,8,24,2,NULL,NULL,NULL,NULL,NULL,NULL,NULL,NULL,NULL,NULL,NULL,NULL,NULL,NULL,NULL,NULL,NULL),(1593,'2024-01-26','2024-02-05 08:23:39.469554','',21,0,0,10,24,2,NULL,NULL,NULL,NULL,NULL,NULL,NULL,NULL,NULL,NULL,NULL,NULL,NULL,NULL,NULL,NULL,NULL),(1594,'2024-01-26','2024-02-05 08:23:39.477723','',21,0,0,11,24,2,NULL,NULL,NULL,NULL,NULL,NULL,NULL,NULL,NULL,NULL,NULL,NULL,NULL,NULL,NULL,NULL,NULL),(1595,'2024-01-26','2024-02-05 08:23:39.485548','',21,0,0,9,1100,2,NULL,NULL,NULL,NULL,NULL,NULL,NULL,NULL,NULL,NULL,NULL,NULL,NULL,NULL,NULL,NULL,NULL),(1596,'2024-01-26','2024-02-05 08:23:39.493197','',21,0,0,12,1100,2,NULL,NULL,NULL,NULL,NULL,NULL,NULL,NULL,NULL,NULL,NULL,NULL,NULL,NULL,NULL,NULL,NULL),(1597,'2024-01-26','2024-02-05 08:23:39.500418','',21,0,0,13,1100,2,NULL,NULL,NULL,NULL,NULL,NULL,NULL,NULL,NULL,NULL,NULL,NULL,NULL,NULL,NULL,NULL,NULL),(1598,'2024-01-26','2024-02-05 08:23:39.509210','',21,0,0,14,1100,2,NULL,NULL,NULL,NULL,NULL,NULL,NULL,NULL,NULL,NULL,NULL,NULL,NULL,NULL,NULL,NULL,NULL),(1599,'2024-01-26','2024-02-05 08:23:39.516533','',21,0,0,15,1050,2,NULL,NULL,NULL,NULL,NULL,NULL,NULL,NULL,NULL,NULL,NULL,NULL,NULL,NULL,NULL,NULL,NULL),(1600,'2024-01-26','2024-02-05 08:23:39.524205','',7,0,0,16,700,2,NULL,NULL,NULL,NULL,NULL,NULL,NULL,NULL,NULL,NULL,NULL,NULL,NULL,NULL,NULL,NULL,NULL),(1601,'2024-01-26','2024-02-05 08:23:39.532316','',7,0,0,17,78,2,NULL,NULL,NULL,NULL,NULL,NULL,NULL,NULL,NULL,NULL,NULL,NULL,NULL,NULL,NULL,NULL,NULL),(1602,'2024-01-26','2024-02-05 08:23:39.539905','',7,0,0,18,78,2,NULL,NULL,NULL,NULL,NULL,NULL,NULL,NULL,NULL,NULL,NULL,NULL,NULL,NULL,NULL,NULL,NULL),(1603,'2024-01-26','2024-02-05 08:23:39.547357','',7,0,0,19,78,2,NULL,NULL,NULL,NULL,NULL,NULL,NULL,NULL,NULL,NULL,NULL,NULL,NULL,NULL,NULL,NULL,NULL),(1604,'2024-01-26','2024-02-05 08:23:39.555677','',25,0,0,3,290,3,NULL,NULL,NULL,NULL,NULL,NULL,NULL,NULL,NULL,NULL,NULL,NULL,NULL,NULL,NULL,NULL,NULL),(1605,'2024-01-26','2024-02-05 08:23:39.564561','',25,0,0,4,290,3,NULL,NULL,NULL,NULL,NULL,NULL,NULL,NULL,NULL,NULL,NULL,NULL,NULL,NULL,NULL,NULL,NULL),(1606,'2024-01-26','2024-02-05 08:23:39.572060','',1.7,0,0,5,185,3,NULL,NULL,NULL,NULL,NULL,NULL,NULL,NULL,NULL,NULL,NULL,NULL,NULL,NULL,NULL,NULL,NULL),(1607,'2024-01-26','2024-02-05 08:23:39.581493','',21,0,0,6,24,3,NULL,NULL,NULL,NULL,NULL,NULL,NULL,NULL,NULL,NULL,NULL,NULL,NULL,NULL,NULL,NULL,NULL),(1608,'2024-01-26','2024-02-05 08:23:39.589074','',21,0,0,7,24,3,NULL,NULL,NULL,NULL,NULL,NULL,NULL,NULL,NULL,NULL,NULL,NULL,NULL,NULL,NULL,NULL,NULL),(1609,'2024-01-26','2024-02-05 08:23:39.596933','',21,0,0,8,24,3,NULL,NULL,NULL,NULL,NULL,NULL,NULL,NULL,NULL,NULL,NULL,NULL,NULL,NULL,NULL,NULL,NULL),(1610,'2024-01-26','2024-02-05 08:23:39.605048','',21,0,0,10,24,3,NULL,NULL,NULL,NULL,NULL,NULL,NULL,NULL,NULL,NULL,NULL,NULL,NULL,NULL,NULL,NULL,NULL),(1611,'2024-01-26','2024-02-05 08:23:39.612981','',21,0,0,11,24,3,NULL,NULL,NULL,NULL,NULL,NULL,NULL,NULL,NULL,NULL,NULL,NULL,NULL,NULL,NULL,NULL,NULL),(1612,'2024-01-26','2024-02-05 08:23:39.621267','',21,0,0,9,1100,3,NULL,NULL,NULL,NULL,NULL,NULL,NULL,NULL,NULL,NULL,NULL,NULL,NULL,NULL,NULL,NULL,NULL),(1613,'2024-01-26','2024-02-05 08:23:39.629192','',21,0,0,12,1100,3,NULL,NULL,NULL,NULL,NULL,NULL,NULL,NULL,NULL,NULL,NULL,NULL,NULL,NULL,NULL,NULL,NULL),(1614,'2024-01-26','2024-02-05 08:23:39.639231','',21,0,0,13,1100,3,NULL,NULL,NULL,NULL,NULL,NULL,NULL,NULL,NULL,NULL,NULL,NULL,NULL,NULL,NULL,NULL,NULL),(1615,'2024-01-26','2024-02-05 08:23:39.647875','',21,0,0,14,1100,3,NULL,NULL,NULL,NULL,NULL,NULL,NULL,NULL,NULL,NULL,NULL,NULL,NULL,NULL,NULL,NULL,NULL),(1616,'2024-01-26','2024-02-05 08:23:39.655759','',21,0,0,15,1050,3,NULL,NULL,NULL,NULL,NULL,NULL,NULL,NULL,NULL,NULL,NULL,NULL,NULL,NULL,NULL,NULL,NULL),(1617,'2024-01-26','2024-02-05 08:23:39.684199','',7,0,0,16,700,3,NULL,NULL,NULL,NULL,NULL,NULL,NULL,NULL,NULL,NULL,NULL,NULL,NULL,NULL,NULL,NULL,NULL),(1618,'2024-01-26','2024-02-05 08:23:39.692805','',7,0,0,17,78,3,NULL,NULL,NULL,NULL,NULL,NULL,NULL,NULL,NULL,NULL,NULL,NULL,NULL,NULL,NULL,NULL,NULL),(1619,'2024-01-26','2024-02-05 08:23:39.700533','',7,0,0,18,78,3,NULL,NULL,NULL,NULL,NULL,NULL,NULL,NULL,NULL,NULL,NULL,NULL,NULL,NULL,NULL,NULL,NULL),(1620,'2024-01-26','2024-02-05 08:23:39.708352','',7,0,0,19,78,3,NULL,NULL,NULL,NULL,NULL,NULL,NULL,NULL,NULL,NULL,NULL,NULL,NULL,NULL,NULL,NULL,NULL),(1621,'2024-01-25','2024-02-05 08:29:49.289541','',25,116.801,2628.02,3,290,1,NULL,NULL,NULL,NULL,NULL,NULL,NULL,NULL,NULL,NULL,NULL,NULL,NULL,NULL,NULL,NULL,NULL),(1622,'2024-01-25','2024-02-05 08:29:49.297700','',25,111.53,2509.43,4,290,1,NULL,NULL,NULL,NULL,NULL,NULL,NULL,NULL,NULL,NULL,NULL,NULL,NULL,NULL,NULL,NULL,NULL),(1623,'2024-01-25','2024-02-05 08:29:49.305798','',1.7,59.267,2176.28,5,185,1,NULL,NULL,NULL,NULL,NULL,NULL,NULL,NULL,NULL,NULL,NULL,NULL,NULL,NULL,NULL,NULL,NULL),(1624,'2024-01-25','2024-02-05 08:29:49.314144','',21,10.78,397.94,6,24,1,NULL,NULL,NULL,NULL,NULL,NULL,NULL,NULL,NULL,NULL,NULL,NULL,NULL,NULL,NULL,NULL,NULL),(1625,'2024-01-25','2024-02-05 08:29:49.324499','',21,11.28,416.39,7,24,1,NULL,NULL,NULL,NULL,NULL,NULL,NULL,NULL,NULL,NULL,NULL,NULL,NULL,NULL,NULL,NULL,NULL),(1626,'2024-01-25','2024-02-05 08:29:49.335047','',21,3.74,138.06,8,24,1,NULL,NULL,NULL,NULL,NULL,NULL,NULL,NULL,NULL,NULL,NULL,NULL,NULL,NULL,NULL,NULL,NULL),(1627,'2024-01-25','2024-02-05 08:29:49.343752','',21,10.77,397.57,10,24,1,NULL,NULL,NULL,NULL,NULL,NULL,NULL,NULL,NULL,NULL,NULL,NULL,NULL,NULL,NULL,NULL,NULL),(1628,'2024-01-25','2024-02-05 08:29:49.351756','',21,297,282.15,11,24,1,NULL,NULL,NULL,NULL,NULL,NULL,NULL,NULL,NULL,NULL,NULL,NULL,NULL,NULL,NULL,NULL,NULL),(1629,'2024-01-25','2024-02-05 08:29:49.361218','',21,400,380,9,1100,1,NULL,NULL,NULL,NULL,NULL,NULL,NULL,NULL,NULL,NULL,NULL,NULL,NULL,NULL,NULL,NULL,NULL),(1630,'2024-01-25','2024-02-05 08:29:49.375619','',21,417,396.15,12,1100,1,NULL,NULL,NULL,NULL,NULL,NULL,NULL,NULL,NULL,NULL,NULL,NULL,NULL,NULL,NULL,NULL,NULL),(1631,'2024-01-25','2024-02-05 08:29:49.383791','',21,29,27.55,13,1100,1,NULL,NULL,NULL,NULL,NULL,NULL,NULL,NULL,NULL,NULL,NULL,NULL,NULL,NULL,NULL,NULL,NULL),(1632,'2024-01-25','2024-02-05 08:29:49.392775','',21,374,355.3,14,1100,1,NULL,NULL,NULL,NULL,NULL,NULL,NULL,NULL,NULL,NULL,NULL,NULL,NULL,NULL,NULL,NULL,NULL),(1633,'2024-01-25','2024-02-05 08:29:49.400706','',21,335,318.25,15,1050,1,NULL,NULL,NULL,NULL,NULL,NULL,NULL,NULL,NULL,NULL,NULL,NULL,NULL,NULL,NULL,NULL,NULL),(1634,'2024-01-25','2024-02-05 08:29:49.408903','',7,764,1451.6,16,700,1,NULL,NULL,NULL,NULL,NULL,NULL,NULL,NULL,NULL,NULL,NULL,NULL,NULL,NULL,NULL,NULL,NULL),(1635,'2024-01-25','2024-02-05 08:29:49.416373','',7,7,638.4,17,78,1,NULL,NULL,NULL,NULL,NULL,NULL,NULL,NULL,NULL,NULL,NULL,NULL,NULL,NULL,NULL,NULL,NULL),(1636,'2024-01-25','2024-02-05 08:29:49.424764','',7,6,547.2,18,78,1,NULL,NULL,NULL,NULL,NULL,NULL,NULL,NULL,NULL,NULL,NULL,NULL,NULL,NULL,NULL,NULL,NULL),(1637,'2024-01-25','2024-02-05 08:29:49.431136','',7,8,729.6,19,78,1,NULL,NULL,NULL,NULL,NULL,NULL,NULL,NULL,NULL,NULL,NULL,NULL,NULL,NULL,NULL,NULL,NULL),(1638,'2024-01-25','2024-02-05 08:29:49.438217','',25,96.615,2173.84,3,290,2,NULL,NULL,NULL,NULL,NULL,NULL,NULL,NULL,NULL,NULL,NULL,NULL,NULL,NULL,NULL,NULL,NULL),(1639,'2024-01-25','2024-02-05 08:29:49.445981','',25,98.299,2211.73,4,290,2,NULL,NULL,NULL,NULL,NULL,NULL,NULL,NULL,NULL,NULL,NULL,NULL,NULL,NULL,NULL,NULL,NULL),(1640,'2024-01-25','2024-02-05 08:29:49.453396','',1.7,52.299,1920.42,5,185,2,NULL,NULL,NULL,NULL,NULL,NULL,NULL,NULL,NULL,NULL,NULL,NULL,NULL,NULL,NULL,NULL,NULL),(1641,'2024-01-25','2024-02-05 08:29:49.461312','',21,10.94,403.84,6,24,2,NULL,NULL,NULL,NULL,NULL,NULL,NULL,NULL,NULL,NULL,NULL,NULL,NULL,NULL,NULL,NULL,NULL),(1642,'2024-01-25','2024-02-05 08:29:49.468902','',21,10.96,404.58,7,24,2,NULL,NULL,NULL,NULL,NULL,NULL,NULL,NULL,NULL,NULL,NULL,NULL,NULL,NULL,NULL,NULL,NULL),(1643,'2024-01-25','2024-02-05 08:29:49.477071','',21,10.5,387.6,8,24,2,NULL,NULL,NULL,NULL,NULL,NULL,NULL,NULL,NULL,NULL,NULL,NULL,NULL,NULL,NULL,NULL,NULL),(1644,'2024-01-25','2024-02-05 08:29:49.484148','',21,8.41,310.45,10,24,2,NULL,NULL,NULL,NULL,NULL,NULL,NULL,NULL,NULL,NULL,NULL,NULL,NULL,NULL,NULL,NULL,NULL),(1645,'2024-01-25','2024-02-05 08:29:49.492015','',21,580,551,11,24,2,NULL,NULL,NULL,NULL,NULL,NULL,NULL,NULL,NULL,NULL,NULL,NULL,NULL,NULL,NULL,NULL,NULL),(1646,'2024-01-25','2024-02-05 08:29:49.499520','',21,422,400.9,9,1100,2,NULL,NULL,NULL,NULL,NULL,NULL,NULL,NULL,NULL,NULL,NULL,NULL,NULL,NULL,NULL,NULL,NULL),(1647,'2024-01-25','2024-02-05 08:29:49.508370','',21,418,397.1,12,1100,2,NULL,NULL,NULL,NULL,NULL,NULL,NULL,NULL,NULL,NULL,NULL,NULL,NULL,NULL,NULL,NULL,NULL),(1648,'2024-01-25','2024-02-05 08:29:49.515768','',21,394,374.3,13,1100,2,NULL,NULL,NULL,NULL,NULL,NULL,NULL,NULL,NULL,NULL,NULL,NULL,NULL,NULL,NULL,NULL,NULL),(1649,'2024-01-25','2024-02-05 08:29:49.522987','',21,191,181.45,14,1100,2,NULL,NULL,NULL,NULL,NULL,NULL,NULL,NULL,NULL,NULL,NULL,NULL,NULL,NULL,NULL,NULL,NULL),(1650,'2024-01-25','2024-02-05 08:29:49.538601','',21,369,350.55,15,1050,2,NULL,NULL,NULL,NULL,NULL,NULL,NULL,NULL,NULL,NULL,NULL,NULL,NULL,NULL,NULL,NULL,NULL),(1651,'2024-01-25','2024-02-05 08:29:49.548614','',7,1096,2082.4,16,700,2,NULL,NULL,NULL,NULL,NULL,NULL,NULL,NULL,NULL,NULL,NULL,NULL,NULL,NULL,NULL,NULL,NULL),(1652,'2024-01-25','2024-02-05 08:29:49.555645','',7,4,364.8,17,78,2,NULL,NULL,NULL,NULL,NULL,NULL,NULL,NULL,NULL,NULL,NULL,NULL,NULL,NULL,NULL,NULL,NULL),(1653,'2024-01-25','2024-02-05 08:29:49.564378','',7,4,364.8,18,78,2,NULL,NULL,NULL,NULL,NULL,NULL,NULL,NULL,NULL,NULL,NULL,NULL,NULL,NULL,NULL,NULL,NULL),(1654,'2024-01-25','2024-02-05 08:29:49.570662','',7,5,456,19,78,2,NULL,NULL,NULL,NULL,NULL,NULL,NULL,NULL,NULL,NULL,NULL,NULL,NULL,NULL,NULL,NULL,NULL),(1655,'2024-01-25','2024-02-05 08:29:49.578342','',25,99.702,2243.3,3,290,3,NULL,NULL,NULL,NULL,NULL,NULL,NULL,NULL,NULL,NULL,NULL,NULL,NULL,NULL,NULL,NULL,NULL),(1656,'2024-01-25','2024-02-05 08:29:49.584722','',25,93.721,2108.72,4,290,3,NULL,NULL,NULL,NULL,NULL,NULL,NULL,NULL,NULL,NULL,NULL,NULL,NULL,NULL,NULL,NULL,NULL),(1657,'2024-01-25','2024-02-05 08:29:49.593117','',1.7,53.24,1954.97,5,185,3,NULL,NULL,NULL,NULL,NULL,NULL,NULL,NULL,NULL,NULL,NULL,NULL,NULL,NULL,NULL,NULL,NULL),(1658,'2024-01-25','2024-02-05 08:29:49.599414','',21,10.32,380.96,6,24,3,NULL,NULL,NULL,NULL,NULL,NULL,NULL,NULL,NULL,NULL,NULL,NULL,NULL,NULL,NULL,NULL,NULL),(1659,'2024-01-25','2024-02-05 08:29:49.606436','',21,11.06,408.27,7,24,3,NULL,NULL,NULL,NULL,NULL,NULL,NULL,NULL,NULL,NULL,NULL,NULL,NULL,NULL,NULL,NULL,NULL),(1660,'2024-01-25','2024-02-05 08:29:49.613441','',21,10.78,397.94,8,24,3,NULL,NULL,NULL,NULL,NULL,NULL,NULL,NULL,NULL,NULL,NULL,NULL,NULL,NULL,NULL,NULL,NULL),(1661,'2024-01-25','2024-02-05 08:29:49.620657','',21,0,0,10,24,3,NULL,NULL,NULL,NULL,NULL,NULL,NULL,NULL,NULL,NULL,NULL,NULL,NULL,NULL,NULL,NULL,NULL),(1662,'2024-01-25','2024-02-05 08:29:49.628501','',21,568,539.6,11,24,3,NULL,NULL,NULL,NULL,NULL,NULL,NULL,NULL,NULL,NULL,NULL,NULL,NULL,NULL,NULL,NULL,NULL),(1663,'2024-01-25','2024-02-05 08:29:49.635834','',21,409,388.55,9,1100,3,NULL,NULL,NULL,NULL,NULL,NULL,NULL,NULL,NULL,NULL,NULL,NULL,NULL,NULL,NULL,NULL,NULL),(1664,'2024-01-25','2024-02-05 08:29:49.643008','',21,420,399,12,1100,3,NULL,NULL,NULL,NULL,NULL,NULL,NULL,NULL,NULL,NULL,NULL,NULL,NULL,NULL,NULL,NULL,NULL),(1665,'2024-01-25','2024-02-05 08:29:49.649850','',21,428,406.6,13,1100,3,NULL,NULL,NULL,NULL,NULL,NULL,NULL,NULL,NULL,NULL,NULL,NULL,NULL,NULL,NULL,NULL,NULL),(1666,'2024-01-25','2024-02-05 08:29:49.657930','',21,0,0,14,1100,3,NULL,NULL,NULL,NULL,NULL,NULL,NULL,NULL,NULL,NULL,NULL,NULL,NULL,NULL,NULL,NULL,NULL),(1667,'2024-01-25','2024-02-05 08:29:49.665394','',21,558,530.1,15,1050,3,NULL,NULL,NULL,NULL,NULL,NULL,NULL,NULL,NULL,NULL,NULL,NULL,NULL,NULL,NULL,NULL,NULL),(1668,'2024-01-25','2024-02-05 08:29:49.672643','',7,1127,2141.3,16,700,3,NULL,NULL,NULL,NULL,NULL,NULL,NULL,NULL,NULL,NULL,NULL,NULL,NULL,NULL,NULL,NULL,NULL),(1669,'2024-01-25','2024-02-05 08:29:49.680340','',7,8,729.6,17,78,3,NULL,NULL,NULL,NULL,NULL,NULL,NULL,NULL,NULL,NULL,NULL,NULL,NULL,NULL,NULL,NULL,NULL),(1670,'2024-01-25','2024-02-05 08:29:49.688434','',7,8,729.6,18,78,3,NULL,NULL,NULL,NULL,NULL,NULL,NULL,NULL,NULL,NULL,NULL,NULL,NULL,NULL,NULL,NULL,NULL),(1671,'2024-01-25','2024-02-05 08:29:49.695816','',7,0,0,19,78,3,NULL,NULL,NULL,NULL,NULL,NULL,NULL,NULL,NULL,NULL,NULL,NULL,NULL,NULL,NULL,NULL,NULL),(1672,'2024-01-24','2024-02-05 08:32:56.867218','',25,84.777,1907.48,3,290,1,NULL,NULL,NULL,NULL,NULL,NULL,NULL,NULL,NULL,NULL,NULL,NULL,NULL,NULL,NULL,NULL,NULL),(1673,'2024-01-24','2024-02-05 08:32:56.876977','',25,87.348,1965.33,4,290,1,NULL,NULL,NULL,NULL,NULL,NULL,NULL,NULL,NULL,NULL,NULL,NULL,NULL,NULL,NULL,NULL,NULL),(1674,'2024-01-24','2024-02-05 08:32:56.885391','',1.7,48.374,1776.29,5,185,1,NULL,NULL,NULL,NULL,NULL,NULL,NULL,NULL,NULL,NULL,NULL,NULL,NULL,NULL,NULL,NULL,NULL),(1675,'2024-01-24','2024-02-05 08:32:56.894917','',21,11.16,411.96,6,24,1,NULL,NULL,NULL,NULL,NULL,NULL,NULL,NULL,NULL,NULL,NULL,NULL,NULL,NULL,NULL,NULL,NULL),(1676,'2024-01-24','2024-02-05 08:32:56.901911','',21,9.39,346.63,7,24,1,NULL,NULL,NULL,NULL,NULL,NULL,NULL,NULL,NULL,NULL,NULL,NULL,NULL,NULL,NULL,NULL,NULL),(1677,'2024-01-24','2024-02-05 08:32:56.911297','',21,10.47,386.49,8,24,1,NULL,NULL,NULL,NULL,NULL,NULL,NULL,NULL,NULL,NULL,NULL,NULL,NULL,NULL,NULL,NULL,NULL),(1678,'2024-01-24','2024-02-05 08:32:56.917559','',21,10.9,402.37,10,24,1,NULL,NULL,NULL,NULL,NULL,NULL,NULL,NULL,NULL,NULL,NULL,NULL,NULL,NULL,NULL,NULL,NULL),(1679,'2024-01-24','2024-02-05 08:32:56.927494','',21,571,542.45,11,24,1,NULL,NULL,NULL,NULL,NULL,NULL,NULL,NULL,NULL,NULL,NULL,NULL,NULL,NULL,NULL,NULL,NULL),(1680,'2024-01-24','2024-02-05 08:32:56.935191','',21,424,402.8,9,1100,1,NULL,NULL,NULL,NULL,NULL,NULL,NULL,NULL,NULL,NULL,NULL,NULL,NULL,NULL,NULL,NULL,NULL),(1681,'2024-01-24','2024-02-05 08:32:56.942473','',21,251,238.45,12,1100,1,NULL,NULL,NULL,NULL,NULL,NULL,NULL,NULL,NULL,NULL,NULL,NULL,NULL,NULL,NULL,NULL,NULL),(1682,'2024-01-24','2024-02-05 08:32:56.949578','',21,411,390.45,13,1100,1,NULL,NULL,NULL,NULL,NULL,NULL,NULL,NULL,NULL,NULL,NULL,NULL,NULL,NULL,NULL,NULL,NULL),(1683,'2024-01-24','2024-02-05 08:32:56.958832','',21,403,382.85,14,1100,1,NULL,NULL,NULL,NULL,NULL,NULL,NULL,NULL,NULL,NULL,NULL,NULL,NULL,NULL,NULL,NULL,NULL),(1684,'2024-01-24','2024-02-05 08:32:56.966325','',21,479,455.05,15,1050,1,NULL,NULL,NULL,NULL,NULL,NULL,NULL,NULL,NULL,NULL,NULL,NULL,NULL,NULL,NULL,NULL,NULL),(1685,'2024-01-24','2024-02-05 08:32:56.974637','',7,1182,2245.8,16,700,1,NULL,NULL,NULL,NULL,NULL,NULL,NULL,NULL,NULL,NULL,NULL,NULL,NULL,NULL,NULL,NULL,NULL),(1686,'2024-01-24','2024-02-05 08:32:56.981153','',7,8,729.6,17,78,1,NULL,NULL,NULL,NULL,NULL,NULL,NULL,NULL,NULL,NULL,NULL,NULL,NULL,NULL,NULL,NULL,NULL),(1687,'2024-01-24','2024-02-05 08:32:56.990496','',7,8,729.6,18,78,1,NULL,NULL,NULL,NULL,NULL,NULL,NULL,NULL,NULL,NULL,NULL,NULL,NULL,NULL,NULL,NULL,NULL),(1688,'2024-01-24','2024-02-05 08:32:56.998359','',7,8,729.6,19,78,1,NULL,NULL,NULL,NULL,NULL,NULL,NULL,NULL,NULL,NULL,NULL,NULL,NULL,NULL,NULL,NULL,NULL),(1689,'2024-01-24','2024-02-05 08:32:57.007326','',25,68.062,1531.39,3,290,2,NULL,NULL,NULL,NULL,NULL,NULL,NULL,NULL,NULL,NULL,NULL,NULL,NULL,NULL,NULL,NULL,NULL),(1690,'2024-01-24','2024-02-05 08:32:57.015133','',25,67.448,1517.58,4,290,2,NULL,NULL,NULL,NULL,NULL,NULL,NULL,NULL,NULL,NULL,NULL,NULL,NULL,NULL,NULL,NULL,NULL),(1691,'2024-01-24','2024-02-05 08:32:57.023883','',1.7,41.918,1539.23,5,185,2,NULL,NULL,NULL,NULL,NULL,NULL,NULL,NULL,NULL,NULL,NULL,NULL,NULL,NULL,NULL,NULL,NULL),(1692,'2024-01-24','2024-02-05 08:32:57.031577','',21,11.22,414.18,6,24,2,NULL,NULL,NULL,NULL,NULL,NULL,NULL,NULL,NULL,NULL,NULL,NULL,NULL,NULL,NULL,NULL,NULL),(1693,'2024-01-24','2024-02-05 08:32:57.044765','',21,11.32,417.87,7,24,2,NULL,NULL,NULL,NULL,NULL,NULL,NULL,NULL,NULL,NULL,NULL,NULL,NULL,NULL,NULL,NULL,NULL),(1694,'2024-01-24','2024-02-05 08:32:57.053328','',21,10.82,399.41,8,24,2,NULL,NULL,NULL,NULL,NULL,NULL,NULL,NULL,NULL,NULL,NULL,NULL,NULL,NULL,NULL,NULL,NULL),(1695,'2024-01-24','2024-02-05 08:32:57.062536','',21,11.06,408.27,10,24,2,NULL,NULL,NULL,NULL,NULL,NULL,NULL,NULL,NULL,NULL,NULL,NULL,NULL,NULL,NULL,NULL,NULL),(1696,'2024-01-24','2024-02-05 08:32:57.070398','',21,62,58.9,11,24,2,NULL,NULL,NULL,NULL,NULL,NULL,NULL,NULL,NULL,NULL,NULL,NULL,NULL,NULL,NULL,NULL,NULL),(1697,'2024-01-24','2024-02-05 08:32:57.079375','',21,423,401.85,9,1100,2,NULL,NULL,NULL,NULL,NULL,NULL,NULL,NULL,NULL,NULL,NULL,NULL,NULL,NULL,NULL,NULL,NULL),(1698,'2024-01-24','2024-02-05 08:32:57.087778','',21,426,404.7,12,1100,2,NULL,NULL,NULL,NULL,NULL,NULL,NULL,NULL,NULL,NULL,NULL,NULL,NULL,NULL,NULL,NULL,NULL),(1699,'2024-01-24','2024-02-05 08:32:57.094993','',21,410,389.5,13,1100,2,NULL,NULL,NULL,NULL,NULL,NULL,NULL,NULL,NULL,NULL,NULL,NULL,NULL,NULL,NULL,NULL,NULL),(1700,'2024-01-24','2024-02-05 08:32:57.105061','',21,436,414.2,14,1100,2,NULL,NULL,NULL,NULL,NULL,NULL,NULL,NULL,NULL,NULL,NULL,NULL,NULL,NULL,NULL,NULL,NULL),(1701,'2024-01-24','2024-02-05 08:32:57.112945','',21,45,42.75,15,1050,2,NULL,NULL,NULL,NULL,NULL,NULL,NULL,NULL,NULL,NULL,NULL,NULL,NULL,NULL,NULL,NULL,NULL),(1702,'2024-01-24','2024-02-05 08:32:57.120755','',7,1101,2091.9,16,700,2,NULL,NULL,NULL,NULL,NULL,NULL,NULL,NULL,NULL,NULL,NULL,NULL,NULL,NULL,NULL,NULL,NULL),(1703,'2024-01-24','2024-02-05 08:32:57.128125','',7,8,729.6,17,78,2,NULL,NULL,NULL,NULL,NULL,NULL,NULL,NULL,NULL,NULL,NULL,NULL,NULL,NULL,NULL,NULL,NULL),(1704,'2024-01-24','2024-02-05 08:32:57.136313','',7,6,547.2,18,78,2,NULL,NULL,NULL,NULL,NULL,NULL,NULL,NULL,NULL,NULL,NULL,NULL,NULL,NULL,NULL,NULL,NULL),(1705,'2024-01-24','2024-02-05 08:32:57.143423','',7,7,638.4,19,78,2,NULL,NULL,NULL,NULL,NULL,NULL,NULL,NULL,NULL,NULL,NULL,NULL,NULL,NULL,NULL,NULL,NULL),(1706,'2024-01-24','2024-02-05 08:32:57.150415','',25,86.147,1938.31,3,290,3,NULL,NULL,NULL,NULL,NULL,NULL,NULL,NULL,NULL,NULL,NULL,NULL,NULL,NULL,NULL,NULL,NULL),(1707,'2024-01-24','2024-02-05 08:32:57.159211','',25,78.148,1758.33,4,290,3,NULL,NULL,NULL,NULL,NULL,NULL,NULL,NULL,NULL,NULL,NULL,NULL,NULL,NULL,NULL,NULL,NULL),(1708,'2024-01-24','2024-02-05 08:32:57.167207','',1.7,42.049,1544.04,5,185,3,NULL,NULL,NULL,NULL,NULL,NULL,NULL,NULL,NULL,NULL,NULL,NULL,NULL,NULL,NULL,NULL,NULL),(1709,'2024-01-24','2024-02-05 08:32:57.178671','',21,10.68,394.24,6,24,3,NULL,NULL,NULL,NULL,NULL,NULL,NULL,NULL,NULL,NULL,NULL,NULL,NULL,NULL,NULL,NULL,NULL),(1710,'2024-01-24','2024-02-05 08:32:57.187799','',21,11.28,416.39,7,24,3,NULL,NULL,NULL,NULL,NULL,NULL,NULL,NULL,NULL,NULL,NULL,NULL,NULL,NULL,NULL,NULL,NULL),(1711,'2024-01-24','2024-02-05 08:32:57.195496','',21,7.79,287.56,8,24,3,NULL,NULL,NULL,NULL,NULL,NULL,NULL,NULL,NULL,NULL,NULL,NULL,NULL,NULL,NULL,NULL,NULL),(1712,'2024-01-24','2024-02-05 08:32:57.202492','',21,10.24,378,10,24,3,NULL,NULL,NULL,NULL,NULL,NULL,NULL,NULL,NULL,NULL,NULL,NULL,NULL,NULL,NULL,NULL,NULL),(1713,'2024-01-24','2024-02-05 08:32:57.211386','',21,438,416.1,11,24,3,NULL,NULL,NULL,NULL,NULL,NULL,NULL,NULL,NULL,NULL,NULL,NULL,NULL,NULL,NULL,NULL,NULL),(1714,'2024-01-24','2024-02-05 08:32:57.220483','',21,429,407.55,9,1100,3,NULL,NULL,NULL,NULL,NULL,NULL,NULL,NULL,NULL,NULL,NULL,NULL,NULL,NULL,NULL,NULL,NULL),(1715,'2024-01-24','2024-02-05 08:32:57.228254','',21,435,413.25,12,1100,3,NULL,NULL,NULL,NULL,NULL,NULL,NULL,NULL,NULL,NULL,NULL,NULL,NULL,NULL,NULL,NULL,NULL),(1716,'2024-01-24','2024-02-05 08:32:57.234713','',21,286,271.7,13,1100,3,NULL,NULL,NULL,NULL,NULL,NULL,NULL,NULL,NULL,NULL,NULL,NULL,NULL,NULL,NULL,NULL,NULL),(1717,'2024-01-24','2024-02-05 08:32:57.241950','',21,382,362.9,14,1100,3,NULL,NULL,NULL,NULL,NULL,NULL,NULL,NULL,NULL,NULL,NULL,NULL,NULL,NULL,NULL,NULL,NULL),(1718,'2024-01-24','2024-02-05 08:32:57.249075','',21,250,237.5,15,1050,3,NULL,NULL,NULL,NULL,NULL,NULL,NULL,NULL,NULL,NULL,NULL,NULL,NULL,NULL,NULL,NULL,NULL),(1719,'2024-01-24','2024-02-05 08:32:57.257026','',7,815,1548.5,16,700,3,NULL,NULL,NULL,NULL,NULL,NULL,NULL,NULL,NULL,NULL,NULL,NULL,NULL,NULL,NULL,NULL,NULL),(1720,'2024-01-24','2024-02-05 08:32:57.263452','',7,8,729.6,17,78,3,NULL,NULL,NULL,NULL,NULL,NULL,NULL,NULL,NULL,NULL,NULL,NULL,NULL,NULL,NULL,NULL,NULL),(1721,'2024-01-24','2024-02-05 08:32:57.271843','',7,0,0,18,78,3,NULL,NULL,NULL,NULL,NULL,NULL,NULL,NULL,NULL,NULL,NULL,NULL,NULL,NULL,NULL,NULL,NULL),(1722,'2024-01-24','2024-02-05 08:32:57.278075','',7,8,729.6,19,78,3,NULL,NULL,NULL,NULL,NULL,NULL,NULL,NULL,NULL,NULL,NULL,NULL,NULL,NULL,NULL,NULL,NULL),(1723,'2024-01-23','2024-02-05 08:35:40.695046','',25,87.955,1978.99,3,290,1,NULL,NULL,NULL,NULL,NULL,NULL,NULL,NULL,NULL,NULL,NULL,NULL,NULL,NULL,NULL,NULL,NULL),(1724,'2024-01-23','2024-02-05 08:35:40.702545','',25,84.665,1904.96,4,290,1,NULL,NULL,NULL,NULL,NULL,NULL,NULL,NULL,NULL,NULL,NULL,NULL,NULL,NULL,NULL,NULL,NULL),(1725,'2024-01-23','2024-02-05 08:35:40.711950','',1.7,38.739,1422.5,5,185,1,NULL,NULL,NULL,NULL,NULL,NULL,NULL,NULL,NULL,NULL,NULL,NULL,NULL,NULL,NULL,NULL,NULL),(1726,'2024-01-23','2024-02-05 08:35:40.718416','',21,8.97,331.12,6,24,1,NULL,NULL,NULL,NULL,NULL,NULL,NULL,NULL,NULL,NULL,NULL,NULL,NULL,NULL,NULL,NULL,NULL),(1727,'2024-01-23','2024-02-05 08:35:40.725637','',21,11.32,417.87,7,24,1,NULL,NULL,NULL,NULL,NULL,NULL,NULL,NULL,NULL,NULL,NULL,NULL,NULL,NULL,NULL,NULL,NULL),(1728,'2024-01-23','2024-02-05 08:35:40.733181','',21,11.21,413.81,8,24,1,NULL,NULL,NULL,NULL,NULL,NULL,NULL,NULL,NULL,NULL,NULL,NULL,NULL,NULL,NULL,NULL,NULL),(1729,'2024-01-23','2024-02-05 08:35:40.739496','',21,11.04,407.53,10,24,1,NULL,NULL,NULL,NULL,NULL,NULL,NULL,NULL,NULL,NULL,NULL,NULL,NULL,NULL,NULL,NULL,NULL),(1730,'2024-01-23','2024-02-05 08:35:40.747049','',21,578,549.1,11,24,1,NULL,NULL,NULL,NULL,NULL,NULL,NULL,NULL,NULL,NULL,NULL,NULL,NULL,NULL,NULL,NULL,NULL),(1731,'2024-01-23','2024-02-05 08:35:40.754252','',21,206,195.7,9,1100,1,NULL,NULL,NULL,NULL,NULL,NULL,NULL,NULL,NULL,NULL,NULL,NULL,NULL,NULL,NULL,NULL,NULL),(1732,'2024-01-23','2024-02-05 08:35:40.761657','',21,450,427.5,12,1100,1,NULL,NULL,NULL,NULL,NULL,NULL,NULL,NULL,NULL,NULL,NULL,NULL,NULL,NULL,NULL,NULL,NULL),(1733,'2024-01-23','2024-02-05 08:35:40.768123','',21,414,393.3,13,1100,1,NULL,NULL,NULL,NULL,NULL,NULL,NULL,NULL,NULL,NULL,NULL,NULL,NULL,NULL,NULL,NULL,NULL),(1734,'2024-01-23','2024-02-05 08:35:40.777525','',21,426,404.7,14,1100,1,NULL,NULL,NULL,NULL,NULL,NULL,NULL,NULL,NULL,NULL,NULL,NULL,NULL,NULL,NULL,NULL,NULL),(1735,'2024-01-23','2024-02-05 08:35:40.785422','',21,528,501.6,15,1050,1,NULL,NULL,NULL,NULL,NULL,NULL,NULL,NULL,NULL,NULL,NULL,NULL,NULL,NULL,NULL,NULL,NULL),(1736,'2024-01-23','2024-02-05 08:35:40.791929','',7,1161,2205.9,16,700,1,NULL,NULL,NULL,NULL,NULL,NULL,NULL,NULL,NULL,NULL,NULL,NULL,NULL,NULL,NULL,NULL,NULL),(1737,'2024-01-23','2024-02-05 08:35:40.801016','',7,8,729.6,17,78,1,NULL,NULL,NULL,NULL,NULL,NULL,NULL,NULL,NULL,NULL,NULL,NULL,NULL,NULL,NULL,NULL,NULL),(1738,'2024-01-23','2024-02-05 08:35:40.807668','',7,8,729.6,18,78,1,NULL,NULL,NULL,NULL,NULL,NULL,NULL,NULL,NULL,NULL,NULL,NULL,NULL,NULL,NULL,NULL,NULL),(1739,'2024-01-23','2024-02-05 08:35:40.815417','',7,8,729.6,19,78,1,NULL,NULL,NULL,NULL,NULL,NULL,NULL,NULL,NULL,NULL,NULL,NULL,NULL,NULL,NULL,NULL,NULL),(1740,'2024-01-23','2024-02-05 08:35:40.822990','',25,86.48,1945.8,3,290,2,NULL,NULL,NULL,NULL,NULL,NULL,NULL,NULL,NULL,NULL,NULL,NULL,NULL,NULL,NULL,NULL,NULL),(1741,'2024-01-23','2024-02-05 08:35:40.831299','',25,93.963,2114.17,4,290,2,NULL,NULL,NULL,NULL,NULL,NULL,NULL,NULL,NULL,NULL,NULL,NULL,NULL,NULL,NULL,NULL,NULL),(1742,'2024-01-23','2024-02-05 08:35:40.839960','',1.7,54.064,1985.23,5,185,2,NULL,NULL,NULL,NULL,NULL,NULL,NULL,NULL,NULL,NULL,NULL,NULL,NULL,NULL,NULL,NULL,NULL),(1743,'2024-01-23','2024-02-05 08:35:40.849453','',21,2.24,82.69,6,24,2,NULL,NULL,NULL,NULL,NULL,NULL,NULL,NULL,NULL,NULL,NULL,NULL,NULL,NULL,NULL,NULL,NULL),(1744,'2024-01-23','2024-02-05 08:35:40.856902','',21,10.81,399.04,7,24,2,NULL,NULL,NULL,NULL,NULL,NULL,NULL,NULL,NULL,NULL,NULL,NULL,NULL,NULL,NULL,NULL,NULL),(1745,'2024-01-23','2024-02-05 08:35:40.866716','',21,10.32,380.96,8,24,2,NULL,NULL,NULL,NULL,NULL,NULL,NULL,NULL,NULL,NULL,NULL,NULL,NULL,NULL,NULL,NULL,NULL),(1746,'2024-01-23','2024-02-05 08:35:40.872661','',21,10.82,399.41,10,24,2,NULL,NULL,NULL,NULL,NULL,NULL,NULL,NULL,NULL,NULL,NULL,NULL,NULL,NULL,NULL,NULL,NULL),(1747,'2024-01-23','2024-02-05 08:35:40.882662','',21,586,556.7,11,24,2,NULL,NULL,NULL,NULL,NULL,NULL,NULL,NULL,NULL,NULL,NULL,NULL,NULL,NULL,NULL,NULL,NULL),(1748,'2024-01-23','2024-02-05 08:35:40.888870','',21,0,0,9,1100,2,NULL,NULL,NULL,NULL,NULL,NULL,NULL,NULL,NULL,NULL,NULL,NULL,NULL,NULL,NULL,NULL,NULL),(1749,'2024-01-23','2024-02-05 08:35:40.898354','',21,418,397.1,12,1100,2,NULL,NULL,NULL,NULL,NULL,NULL,NULL,NULL,NULL,NULL,NULL,NULL,NULL,NULL,NULL,NULL,NULL),(1750,'2024-01-23','2024-02-05 08:35:40.905683','',21,393,373.35,13,1100,2,NULL,NULL,NULL,NULL,NULL,NULL,NULL,NULL,NULL,NULL,NULL,NULL,NULL,NULL,NULL,NULL,NULL),(1751,'2024-01-23','2024-02-05 08:35:40.914936','',21,417,396.15,14,1100,2,NULL,NULL,NULL,NULL,NULL,NULL,NULL,NULL,NULL,NULL,NULL,NULL,NULL,NULL,NULL,NULL,NULL),(1752,'2024-01-23','2024-02-05 08:35:40.921541','',21,585,555.75,15,1050,2,NULL,NULL,NULL,NULL,NULL,NULL,NULL,NULL,NULL,NULL,NULL,NULL,NULL,NULL,NULL,NULL,NULL),(1753,'2024-01-23','2024-02-05 08:35:40.930501','',7,1115,2118.5,16,700,2,NULL,NULL,NULL,NULL,NULL,NULL,NULL,NULL,NULL,NULL,NULL,NULL,NULL,NULL,NULL,NULL,NULL),(1754,'2024-01-23','2024-02-05 08:35:40.939732','',7,8,729.6,17,78,2,NULL,NULL,NULL,NULL,NULL,NULL,NULL,NULL,NULL,NULL,NULL,NULL,NULL,NULL,NULL,NULL,NULL),(1755,'2024-01-23','2024-02-05 08:35:40.950889','',7,8,729.6,18,78,2,NULL,NULL,NULL,NULL,NULL,NULL,NULL,NULL,NULL,NULL,NULL,NULL,NULL,NULL,NULL,NULL,NULL),(1756,'2024-01-23','2024-02-05 08:35:40.958530','',7,8,729.6,19,78,2,NULL,NULL,NULL,NULL,NULL,NULL,NULL,NULL,NULL,NULL,NULL,NULL,NULL,NULL,NULL,NULL,NULL),(1757,'2024-01-23','2024-02-05 08:35:40.970668','',25,88.91,2000.47,3,290,3,NULL,NULL,NULL,NULL,NULL,NULL,NULL,NULL,NULL,NULL,NULL,NULL,NULL,NULL,NULL,NULL,NULL),(1758,'2024-01-23','2024-02-05 08:35:40.978449','',25,79.321,1784.72,4,290,3,NULL,NULL,NULL,NULL,NULL,NULL,NULL,NULL,NULL,NULL,NULL,NULL,NULL,NULL,NULL,NULL,NULL),(1759,'2024-01-23','2024-02-05 08:35:40.985207','',1.7,43.061,1581.2,5,185,3,NULL,NULL,NULL,NULL,NULL,NULL,NULL,NULL,NULL,NULL,NULL,NULL,NULL,NULL,NULL,NULL,NULL),(1760,'2024-01-23','2024-02-05 08:35:40.992460','',21,11.07,408.64,6,24,3,NULL,NULL,NULL,NULL,NULL,NULL,NULL,NULL,NULL,NULL,NULL,NULL,NULL,NULL,NULL,NULL,NULL),(1761,'2024-01-23','2024-02-05 08:35:41.000656','',21,1.3,47.99,7,24,3,NULL,NULL,NULL,NULL,NULL,NULL,NULL,NULL,NULL,NULL,NULL,NULL,NULL,NULL,NULL,NULL,NULL),(1762,'2024-01-23','2024-02-05 08:35:41.008079','',21,11.11,410.12,8,24,3,NULL,NULL,NULL,NULL,NULL,NULL,NULL,NULL,NULL,NULL,NULL,NULL,NULL,NULL,NULL,NULL,NULL),(1763,'2024-01-23','2024-02-05 08:35:41.017118','',21,10.85,400.52,10,24,3,NULL,NULL,NULL,NULL,NULL,NULL,NULL,NULL,NULL,NULL,NULL,NULL,NULL,NULL,NULL,NULL,NULL),(1764,'2024-01-23','2024-02-05 08:35:41.023912','',21,582,552.9,11,24,3,NULL,NULL,NULL,NULL,NULL,NULL,NULL,NULL,NULL,NULL,NULL,NULL,NULL,NULL,NULL,NULL,NULL),(1765,'2024-01-23','2024-02-05 08:35:41.033113','',21,387,367.65,9,1100,3,NULL,NULL,NULL,NULL,NULL,NULL,NULL,NULL,NULL,NULL,NULL,NULL,NULL,NULL,NULL,NULL,NULL),(1766,'2024-01-23','2024-02-05 08:35:41.039503','',21,85,80.75,12,1100,3,NULL,NULL,NULL,NULL,NULL,NULL,NULL,NULL,NULL,NULL,NULL,NULL,NULL,NULL,NULL,NULL,NULL),(1767,'2024-01-23','2024-02-05 08:35:41.048886','',21,416,395.2,13,1100,3,NULL,NULL,NULL,NULL,NULL,NULL,NULL,NULL,NULL,NULL,NULL,NULL,NULL,NULL,NULL,NULL,NULL),(1768,'2024-01-23','2024-02-05 08:35:41.056472','',21,410,389.5,14,1100,3,NULL,NULL,NULL,NULL,NULL,NULL,NULL,NULL,NULL,NULL,NULL,NULL,NULL,NULL,NULL,NULL,NULL),(1769,'2024-01-23','2024-02-05 08:35:41.064913','',21,532,505.4,15,1050,3,NULL,NULL,NULL,NULL,NULL,NULL,NULL,NULL,NULL,NULL,NULL,NULL,NULL,NULL,NULL,NULL,NULL),(1770,'2024-01-23','2024-02-05 08:35:41.071348','',7,1190,2261,16,700,3,NULL,NULL,NULL,NULL,NULL,NULL,NULL,NULL,NULL,NULL,NULL,NULL,NULL,NULL,NULL,NULL,NULL),(1771,'2024-01-23','2024-02-05 08:35:41.079192','',7,8,729.6,17,78,3,NULL,NULL,NULL,NULL,NULL,NULL,NULL,NULL,NULL,NULL,NULL,NULL,NULL,NULL,NULL,NULL,NULL),(1772,'2024-01-23','2024-02-05 08:35:41.086530','',7,8,729.6,18,78,3,NULL,NULL,NULL,NULL,NULL,NULL,NULL,NULL,NULL,NULL,NULL,NULL,NULL,NULL,NULL,NULL,NULL),(1773,'2024-01-23','2024-02-05 08:35:41.092892','',7,8,729.6,19,78,3,NULL,NULL,NULL,NULL,NULL,NULL,NULL,NULL,NULL,NULL,NULL,NULL,NULL,NULL,NULL,NULL,NULL),(1774,'2024-02-05','2024-02-06 06:56:25.157148','',25,73.452,1652.67,3,290,1,NULL,NULL,NULL,NULL,NULL,NULL,NULL,NULL,NULL,NULL,NULL,NULL,NULL,NULL,NULL,NULL,NULL),(1775,'2024-02-05','2024-02-06 06:56:25.166077','',25,70.156,1578.51,4,290,1,NULL,NULL,NULL,NULL,NULL,NULL,NULL,NULL,NULL,NULL,NULL,NULL,NULL,NULL,NULL,NULL,NULL),(1776,'2024-02-05','2024-02-06 06:56:25.173766','',1.7,60.768,2231.4,5,185,1,NULL,NULL,NULL,NULL,NULL,NULL,NULL,NULL,NULL,NULL,NULL,NULL,NULL,NULL,NULL,NULL,NULL),(1777,'2024-02-05','2024-02-06 06:56:25.181759','',21,11.2,413.44,6,24,1,NULL,NULL,NULL,NULL,NULL,NULL,NULL,NULL,NULL,NULL,NULL,NULL,NULL,NULL,NULL,NULL,NULL),(1778,'2024-02-05','2024-02-06 06:56:25.197128','',21,11.24,414.92,7,24,1,NULL,NULL,NULL,NULL,NULL,NULL,NULL,NULL,NULL,NULL,NULL,NULL,NULL,NULL,NULL,NULL,NULL),(1779,'2024-02-05','2024-02-06 06:56:25.206580','',21,11.05,407.9,8,24,1,NULL,NULL,NULL,NULL,NULL,NULL,NULL,NULL,NULL,NULL,NULL,NULL,NULL,NULL,NULL,NULL,NULL),(1780,'2024-02-05','2024-02-06 06:56:25.214583','',21,11.07,408.64,10,24,1,NULL,NULL,NULL,NULL,NULL,NULL,NULL,NULL,NULL,NULL,NULL,NULL,NULL,NULL,NULL,NULL,NULL),(1781,'2024-02-05','2024-02-06 06:56:25.222999','',21,606,575.7,11,24,1,NULL,NULL,NULL,NULL,NULL,NULL,NULL,NULL,NULL,NULL,NULL,NULL,NULL,NULL,NULL,NULL,NULL),(1782,'2024-02-05','2024-02-06 06:56:25.230994','',21,374,355.3,9,1100,1,NULL,NULL,NULL,NULL,NULL,NULL,NULL,NULL,NULL,NULL,NULL,NULL,NULL,NULL,NULL,NULL,NULL),(1783,'2024-02-05','2024-02-06 06:56:25.238294','',21,440,418,12,1100,1,NULL,NULL,NULL,NULL,NULL,NULL,NULL,NULL,NULL,NULL,NULL,NULL,NULL,NULL,NULL,NULL,NULL),(1784,'2024-02-05','2024-02-06 06:56:25.245291','',21,421,399.95,13,1100,1,NULL,NULL,NULL,NULL,NULL,NULL,NULL,NULL,NULL,NULL,NULL,NULL,NULL,NULL,NULL,NULL,NULL),(1785,'2024-02-05','2024-02-06 06:56:25.253606','',21,435,413.25,14,1100,1,NULL,NULL,NULL,NULL,NULL,NULL,NULL,NULL,NULL,NULL,NULL,NULL,NULL,NULL,NULL,NULL,NULL),(1786,'2024-02-05','2024-02-06 06:56:25.260654','',21,571,542.45,15,1050,1,NULL,NULL,NULL,NULL,NULL,NULL,NULL,NULL,NULL,NULL,NULL,NULL,NULL,NULL,NULL,NULL,NULL),(1787,'2024-02-05','2024-02-06 06:56:25.267652','',7,1158,2200.2,16,700,1,NULL,NULL,NULL,NULL,NULL,NULL,NULL,NULL,NULL,NULL,NULL,NULL,NULL,NULL,NULL,NULL,NULL),(1788,'2024-02-05','2024-02-06 06:56:25.276044','',7,8,729.6,17,78,1,NULL,NULL,NULL,NULL,NULL,NULL,NULL,NULL,NULL,NULL,NULL,NULL,NULL,NULL,NULL,NULL,NULL),(1789,'2024-02-05','2024-02-06 06:56:25.283039','',7,8,729.6,18,78,1,NULL,NULL,NULL,NULL,NULL,NULL,NULL,NULL,NULL,NULL,NULL,NULL,NULL,NULL,NULL,NULL,NULL),(1790,'2024-02-05','2024-02-06 06:56:25.291436','',7,8,729.6,19,78,1,NULL,NULL,NULL,NULL,NULL,NULL,NULL,NULL,NULL,NULL,NULL,NULL,NULL,NULL,NULL,NULL,NULL),(1791,'2024-02-05','2024-02-06 06:56:25.299430','',25,65.742,1479.2,3,290,2,NULL,NULL,NULL,NULL,NULL,NULL,NULL,NULL,NULL,NULL,NULL,NULL,NULL,NULL,NULL,NULL,NULL),(1792,'2024-02-05','2024-02-06 06:56:25.308728','',25,73.371,1650.85,4,290,2,NULL,NULL,NULL,NULL,NULL,NULL,NULL,NULL,NULL,NULL,NULL,NULL,NULL,NULL,NULL,NULL,NULL),(1793,'2024-02-05','2024-02-06 06:56:25.315722','',1.7,24.597,903.2,5,185,2,NULL,NULL,NULL,NULL,NULL,NULL,NULL,NULL,NULL,NULL,NULL,NULL,NULL,NULL,NULL,NULL,NULL),(1794,'2024-02-05','2024-02-06 06:56:25.322977','',21,7.29,269.11,6,24,2,NULL,NULL,NULL,NULL,NULL,NULL,NULL,NULL,NULL,NULL,NULL,NULL,NULL,NULL,NULL,NULL,NULL),(1795,'2024-02-05','2024-02-06 06:56:25.329973','',21,11.25,415.29,7,24,2,NULL,NULL,NULL,NULL,NULL,NULL,NULL,NULL,NULL,NULL,NULL,NULL,NULL,NULL,NULL,NULL,NULL),(1796,'2024-02-05','2024-02-06 06:56:25.338232','',21,10.89,402,8,24,2,NULL,NULL,NULL,NULL,NULL,NULL,NULL,NULL,NULL,NULL,NULL,NULL,NULL,NULL,NULL,NULL,NULL),(1797,'2024-02-05','2024-02-06 06:56:25.345227','',21,10.94,403.84,10,24,2,NULL,NULL,NULL,NULL,NULL,NULL,NULL,NULL,NULL,NULL,NULL,NULL,NULL,NULL,NULL,NULL,NULL),(1798,'2024-02-05','2024-02-06 06:56:25.352222','',21,686,651.7,11,24,2,NULL,NULL,NULL,NULL,NULL,NULL,NULL,NULL,NULL,NULL,NULL,NULL,NULL,NULL,NULL,NULL,NULL),(1799,'2024-02-05','2024-02-06 06:56:25.360560','',21,163,154.85,9,1100,2,NULL,NULL,NULL,NULL,NULL,NULL,NULL,NULL,NULL,NULL,NULL,NULL,NULL,NULL,NULL,NULL,NULL),(1800,'2024-02-05','2024-02-06 06:56:25.367556','',21,427,405.65,12,1100,2,NULL,NULL,NULL,NULL,NULL,NULL,NULL,NULL,NULL,NULL,NULL,NULL,NULL,NULL,NULL,NULL,NULL),(1801,'2024-02-05','2024-02-06 06:56:25.374708','',21,398,378.1,13,1100,2,NULL,NULL,NULL,NULL,NULL,NULL,NULL,NULL,NULL,NULL,NULL,NULL,NULL,NULL,NULL,NULL,NULL),(1802,'2024-02-05','2024-02-06 06:56:25.380703','',21,411,390.45,14,1100,2,NULL,NULL,NULL,NULL,NULL,NULL,NULL,NULL,NULL,NULL,NULL,NULL,NULL,NULL,NULL,NULL,NULL),(1803,'2024-02-05','2024-02-06 06:56:25.388922','',21,656,623.2,15,1050,2,NULL,NULL,NULL,NULL,NULL,NULL,NULL,NULL,NULL,NULL,NULL,NULL,NULL,NULL,NULL,NULL,NULL),(1804,'2024-02-05','2024-02-06 06:56:25.395917','',7,1253,2380.7,16,700,2,NULL,NULL,NULL,NULL,NULL,NULL,NULL,NULL,NULL,NULL,NULL,NULL,NULL,NULL,NULL,NULL,NULL),(1805,'2024-02-05','2024-02-06 06:56:25.404066','',7,8,729.6,17,78,2,NULL,NULL,NULL,NULL,NULL,NULL,NULL,NULL,NULL,NULL,NULL,NULL,NULL,NULL,NULL,NULL,NULL),(1806,'2024-02-05','2024-02-06 06:56:25.411061','',7,8,729.6,18,78,2,NULL,NULL,NULL,NULL,NULL,NULL,NULL,NULL,NULL,NULL,NULL,NULL,NULL,NULL,NULL,NULL,NULL),(1807,'2024-02-05','2024-02-06 06:56:25.418057','',7,8,729.6,19,78,2,NULL,NULL,NULL,NULL,NULL,NULL,NULL,NULL,NULL,NULL,NULL,NULL,NULL,NULL,NULL,NULL,NULL),(1808,'2024-02-05','2024-02-06 06:56:25.425502','',25,74.351,1672.9,3,290,3,NULL,NULL,NULL,NULL,NULL,NULL,NULL,NULL,NULL,NULL,NULL,NULL,NULL,NULL,NULL,NULL,NULL),(1809,'2024-02-05','2024-02-06 06:56:25.433497','',25,71.953,1618.94,4,290,3,NULL,NULL,NULL,NULL,NULL,NULL,NULL,NULL,NULL,NULL,NULL,NULL,NULL,NULL,NULL,NULL,NULL),(1810,'2024-02-05','2024-02-06 06:56:25.441013','',1.7,57.878,2125.28,5,185,3,NULL,NULL,NULL,NULL,NULL,NULL,NULL,NULL,NULL,NULL,NULL,NULL,NULL,NULL,NULL,NULL,NULL),(1811,'2024-02-05','2024-02-06 06:56:25.448008','',21,11.12,410.49,6,24,3,NULL,NULL,NULL,NULL,NULL,NULL,NULL,NULL,NULL,NULL,NULL,NULL,NULL,NULL,NULL,NULL,NULL),(1812,'2024-02-05','2024-02-06 06:56:25.456273','',21,11.16,411.96,7,24,3,NULL,NULL,NULL,NULL,NULL,NULL,NULL,NULL,NULL,NULL,NULL,NULL,NULL,NULL,NULL,NULL,NULL),(1813,'2024-02-05','2024-02-06 06:56:25.463269','',21,10.95,404.21,8,24,3,NULL,NULL,NULL,NULL,NULL,NULL,NULL,NULL,NULL,NULL,NULL,NULL,NULL,NULL,NULL,NULL,NULL),(1814,'2024-02-05','2024-02-06 06:56:25.470458','',21,11.33,418.24,10,24,3,NULL,NULL,NULL,NULL,NULL,NULL,NULL,NULL,NULL,NULL,NULL,NULL,NULL,NULL,NULL,NULL,NULL),(1815,'2024-02-05','2024-02-06 06:56:25.477454','',21,581,551.95,11,24,3,NULL,NULL,NULL,NULL,NULL,NULL,NULL,NULL,NULL,NULL,NULL,NULL,NULL,NULL,NULL,NULL,NULL),(1816,'2024-02-05','2024-02-06 06:56:25.485450','',21,426,404.7,9,1100,3,NULL,NULL,NULL,NULL,NULL,NULL,NULL,NULL,NULL,NULL,NULL,NULL,NULL,NULL,NULL,NULL,NULL),(1817,'2024-02-05','2024-02-06 06:56:25.493695','',21,434,412.3,12,1100,3,NULL,NULL,NULL,NULL,NULL,NULL,NULL,NULL,NULL,NULL,NULL,NULL,NULL,NULL,NULL,NULL,NULL),(1818,'2024-02-05','2024-02-06 06:56:25.500692','',21,483,458.85,13,1100,3,NULL,NULL,NULL,NULL,NULL,NULL,NULL,NULL,NULL,NULL,NULL,NULL,NULL,NULL,NULL,NULL,NULL),(1819,'2024-02-05','2024-02-06 06:56:25.507849','',21,388,368.6,14,1100,3,NULL,NULL,NULL,NULL,NULL,NULL,NULL,NULL,NULL,NULL,NULL,NULL,NULL,NULL,NULL,NULL,NULL),(1820,'2024-02-05','2024-02-06 06:56:25.514844','',21,546,518.7,15,1050,3,NULL,NULL,NULL,NULL,NULL,NULL,NULL,NULL,NULL,NULL,NULL,NULL,NULL,NULL,NULL,NULL,NULL),(1821,'2024-02-05','2024-02-06 06:56:25.523031','',7,1252,2378.8,16,700,3,NULL,NULL,NULL,NULL,NULL,NULL,NULL,NULL,NULL,NULL,NULL,NULL,NULL,NULL,NULL,NULL,NULL),(1822,'2024-02-05','2024-02-06 06:56:25.530027','',7,8,729.6,17,78,3,NULL,NULL,NULL,NULL,NULL,NULL,NULL,NULL,NULL,NULL,NULL,NULL,NULL,NULL,NULL,NULL,NULL),(1823,'2024-02-05','2024-02-06 06:56:25.537204','',7,8,729.6,18,78,3,NULL,NULL,NULL,NULL,NULL,NULL,NULL,NULL,NULL,NULL,NULL,NULL,NULL,NULL,NULL,NULL,NULL),(1824,'2024-02-05','2024-02-06 06:56:25.544199','',7,8,729.6,19,78,3,NULL,NULL,NULL,NULL,NULL,NULL,NULL,NULL,NULL,NULL,NULL,NULL,NULL,NULL,NULL,NULL,NULL),(1825,'2024-02-05','2024-02-06 07:03:28.601128','',0,0,1542.86,22,418,1,0,45000,0,21000,21000,0,0,1542.86,0,0,0,0,0,0,0,0,0),(1826,'2024-02-05','2024-02-06 07:03:28.610592','',0,0,440.62,20,300,1,0,4700,0,47888,47936,34412,34456,440.62,5800,1166,1261,672,2326,4088,635,0,0),(1827,'2024-02-05','2024-02-06 07:03:28.618785','',0,0,443.74,21,300,1,0,4700,0,12628,12672,30264,30312,443.74,5800,87,5099,3176,1741,608,3288,0,0),(1828,'2024-02-05','2024-02-06 07:03:28.627677','',0,0,1500,22,418,2,0,45000,0,21000,16000,0,0,1500,0,0,0,0,0,0,0,0,0),(1829,'2024-02-05','2024-02-06 07:03:28.635507','',0,0,437.48,20,300,2,0,4700,0,47936,47984,34456,34500,437.48,5800,188,0,0,3919,2168,0,0,0),(1830,'2024-02-05','2024-02-06 07:03:28.643938','',0,0,423.78,21,300,2,0,4700,0,12672,12716,30312,30356,423.78,5800,4140,1841,0,0,4572,2014,0,0),(1831,'2024-02-05','2024-02-06 07:03:28.650850','',0,0,1551.43,22,418,3,0,45000,0,20000,21000,0,0,1551.43,0,0,0,0,0,0,0,0,0),(1832,'2024-02-05','2024-02-06 07:03:28.659497','',0,0,375.53,20,300,3,0,4700,0,47852,47888,34372,34412,375.53,5800,4019,5051,4198,1315,5362,2676,0,0),(1833,'2024-02-05','2024-02-06 07:03:28.667207','',0,0,390.11,21,300,3,0,4700,0,12580,12628,30232,30264,390.11,5800,1650,2345,84,4435,3583,5311,0,0),(1834,'2024-02-06','2024-02-07 11:28:47.051988','',25,112.44,2529.9,3,290,1,NULL,NULL,NULL,NULL,NULL,NULL,NULL,NULL,NULL,NULL,NULL,NULL,NULL,NULL,NULL,NULL,NULL),(1835,'2024-02-06','2024-02-07 11:28:47.062168','',25,88.232,1985.22,4,290,1,NULL,NULL,NULL,NULL,NULL,NULL,NULL,NULL,NULL,NULL,NULL,NULL,NULL,NULL,NULL,NULL,NULL),(1836,'2024-02-06','2024-02-07 11:28:47.067165','',1.7,48.865,1794.32,5,185,1,NULL,NULL,NULL,NULL,NULL,NULL,NULL,NULL,NULL,NULL,NULL,NULL,NULL,NULL,NULL,NULL,NULL),(1837,'2024-02-06','2024-02-07 11:28:47.083357','',21,11.19,413.07,6,24,1,NULL,NULL,NULL,NULL,NULL,NULL,NULL,NULL,NULL,NULL,NULL,NULL,NULL,NULL,NULL,NULL,NULL),(1838,'2024-02-06','2024-02-07 11:28:47.087689','',21,1.31,48.36,7,24,1,NULL,NULL,NULL,NULL,NULL,NULL,NULL,NULL,NULL,NULL,NULL,NULL,NULL,NULL,NULL,NULL,NULL),(1839,'2024-02-06','2024-02-07 11:28:47.094648','',21,11.18,412.7,8,24,1,NULL,NULL,NULL,NULL,NULL,NULL,NULL,NULL,NULL,NULL,NULL,NULL,NULL,NULL,NULL,NULL,NULL),(1840,'2024-02-06','2024-02-07 11:28:47.100012','',21,11.03,407.16,10,24,1,NULL,NULL,NULL,NULL,NULL,NULL,NULL,NULL,NULL,NULL,NULL,NULL,NULL,NULL,NULL,NULL,NULL),(1841,'2024-02-06','2024-02-07 11:28:47.110289','',21,702,666.9,11,24,1,NULL,NULL,NULL,NULL,NULL,NULL,NULL,NULL,NULL,NULL,NULL,NULL,NULL,NULL,NULL,NULL,NULL),(1842,'2024-02-06','2024-02-07 11:28:47.115508','',21,371,352.45,9,1100,1,NULL,NULL,NULL,NULL,NULL,NULL,NULL,NULL,NULL,NULL,NULL,NULL,NULL,NULL,NULL,NULL,NULL),(1843,'2024-02-06','2024-02-07 11:28:47.120131','',21,85,80.75,12,1100,1,NULL,NULL,NULL,NULL,NULL,NULL,NULL,NULL,NULL,NULL,NULL,NULL,NULL,NULL,NULL,NULL,NULL),(1844,'2024-02-06','2024-02-07 11:28:47.128121','',21,417,396.15,13,1100,1,NULL,NULL,NULL,NULL,NULL,NULL,NULL,NULL,NULL,NULL,NULL,NULL,NULL,NULL,NULL,NULL,NULL),(1845,'2024-02-06','2024-02-07 11:28:47.144097','',21,419,398.05,14,1100,1,NULL,NULL,NULL,NULL,NULL,NULL,NULL,NULL,NULL,NULL,NULL,NULL,NULL,NULL,NULL,NULL,NULL),(1846,'2024-02-06','2024-02-07 11:28:47.149800','',21,539,512.05,15,1050,1,NULL,NULL,NULL,NULL,NULL,NULL,NULL,NULL,NULL,NULL,NULL,NULL,NULL,NULL,NULL,NULL,NULL),(1847,'2024-02-06','2024-02-07 11:28:47.154209','',7,1135,2156.5,16,700,1,NULL,NULL,NULL,NULL,NULL,NULL,NULL,NULL,NULL,NULL,NULL,NULL,NULL,NULL,NULL,NULL,NULL),(1848,'2024-02-06','2024-02-07 11:28:47.160659','',7,8,729.6,17,78,1,NULL,NULL,NULL,NULL,NULL,NULL,NULL,NULL,NULL,NULL,NULL,NULL,NULL,NULL,NULL,NULL,NULL),(1849,'2024-02-06','2024-02-07 11:28:47.172097','',7,8,729.6,18,78,1,NULL,NULL,NULL,NULL,NULL,NULL,NULL,NULL,NULL,NULL,NULL,NULL,NULL,NULL,NULL,NULL,NULL),(1850,'2024-02-06','2024-02-07 11:28:47.177950','',7,8,729.6,19,78,1,NULL,NULL,NULL,NULL,NULL,NULL,NULL,NULL,NULL,NULL,NULL,NULL,NULL,NULL,NULL,NULL,NULL),(1851,'2024-02-06','2024-02-07 11:28:47.182818','',25,64.555,1452.49,3,290,2,NULL,NULL,NULL,NULL,NULL,NULL,NULL,NULL,NULL,NULL,NULL,NULL,NULL,NULL,NULL,NULL,NULL),(1852,'2024-02-06','2024-02-07 11:28:47.187632','',25,82.071,1846.6,4,290,2,NULL,NULL,NULL,NULL,NULL,NULL,NULL,NULL,NULL,NULL,NULL,NULL,NULL,NULL,NULL,NULL,NULL),(1853,'2024-02-06','2024-02-07 11:28:47.202722','',1.7,45.685,1677.55,5,185,2,NULL,NULL,NULL,NULL,NULL,NULL,NULL,NULL,NULL,NULL,NULL,NULL,NULL,NULL,NULL,NULL,NULL),(1854,'2024-02-06','2024-02-07 11:28:47.207692','',21,10.94,403.84,6,24,2,NULL,NULL,NULL,NULL,NULL,NULL,NULL,NULL,NULL,NULL,NULL,NULL,NULL,NULL,NULL,NULL,NULL),(1855,'2024-02-06','2024-02-07 11:28:47.212865','',21,9.2,339.61,7,24,2,NULL,NULL,NULL,NULL,NULL,NULL,NULL,NULL,NULL,NULL,NULL,NULL,NULL,NULL,NULL,NULL,NULL),(1856,'2024-02-06','2024-02-07 11:28:47.218312','',21,10.52,388.34,8,24,2,NULL,NULL,NULL,NULL,NULL,NULL,NULL,NULL,NULL,NULL,NULL,NULL,NULL,NULL,NULL,NULL,NULL),(1857,'2024-02-06','2024-02-07 11:28:47.228366','',21,10.69,394.61,10,24,2,NULL,NULL,NULL,NULL,NULL,NULL,NULL,NULL,NULL,NULL,NULL,NULL,NULL,NULL,NULL,NULL,NULL),(1858,'2024-02-06','2024-02-07 11:28:47.233488','',21,278,264.1,11,24,2,NULL,NULL,NULL,NULL,NULL,NULL,NULL,NULL,NULL,NULL,NULL,NULL,NULL,NULL,NULL,NULL,NULL),(1859,'2024-02-06','2024-02-07 11:28:47.240751','',21,418,397.1,9,1100,2,NULL,NULL,NULL,NULL,NULL,NULL,NULL,NULL,NULL,NULL,NULL,NULL,NULL,NULL,NULL,NULL,NULL),(1860,'2024-02-06','2024-02-07 11:28:47.254792','',21,246,233.7,12,1100,2,NULL,NULL,NULL,NULL,NULL,NULL,NULL,NULL,NULL,NULL,NULL,NULL,NULL,NULL,NULL,NULL,NULL),(1861,'2024-02-06','2024-02-07 11:28:47.260634','',21,420,399,13,1100,2,NULL,NULL,NULL,NULL,NULL,NULL,NULL,NULL,NULL,NULL,NULL,NULL,NULL,NULL,NULL,NULL,NULL),(1862,'2024-02-06','2024-02-07 11:28:47.266514','',21,421,399.95,14,1100,2,NULL,NULL,NULL,NULL,NULL,NULL,NULL,NULL,NULL,NULL,NULL,NULL,NULL,NULL,NULL,NULL,NULL),(1863,'2024-02-06','2024-02-07 11:28:47.271641','',21,133,126.35,15,1050,2,NULL,NULL,NULL,NULL,NULL,NULL,NULL,NULL,NULL,NULL,NULL,NULL,NULL,NULL,NULL,NULL,NULL),(1864,'2024-02-06','2024-02-07 11:28:47.284576','',7,894,1698.6,16,700,2,NULL,NULL,NULL,NULL,NULL,NULL,NULL,NULL,NULL,NULL,NULL,NULL,NULL,NULL,NULL,NULL,NULL),(1865,'2024-02-06','2024-02-07 11:28:47.289112','',7,8,729.6,17,78,2,NULL,NULL,NULL,NULL,NULL,NULL,NULL,NULL,NULL,NULL,NULL,NULL,NULL,NULL,NULL,NULL,NULL),(1866,'2024-02-06','2024-02-07 11:28:47.295694','',7,8,729.6,18,78,2,NULL,NULL,NULL,NULL,NULL,NULL,NULL,NULL,NULL,NULL,NULL,NULL,NULL,NULL,NULL,NULL,NULL),(1867,'2024-02-06','2024-02-07 11:28:47.300872','',7,8,729.6,19,78,2,NULL,NULL,NULL,NULL,NULL,NULL,NULL,NULL,NULL,NULL,NULL,NULL,NULL,NULL,NULL,NULL,NULL),(1868,'2024-02-06','2024-02-07 11:28:47.314382','',25,38.736,871.56,3,290,3,NULL,NULL,NULL,NULL,NULL,NULL,NULL,NULL,NULL,NULL,NULL,NULL,NULL,NULL,NULL,NULL,NULL),(1869,'2024-02-06','2024-02-07 11:28:47.319418','',25,27.685,622.91,4,290,3,NULL,NULL,NULL,NULL,NULL,NULL,NULL,NULL,NULL,NULL,NULL,NULL,NULL,NULL,NULL,NULL,NULL),(1870,'2024-02-06','2024-02-07 11:28:47.326183','',1.7,45.092,1655.78,5,185,3,NULL,NULL,NULL,NULL,NULL,NULL,NULL,NULL,NULL,NULL,NULL,NULL,NULL,NULL,NULL,NULL,NULL),(1871,'2024-02-06','2024-02-07 11:28:47.332336','',21,1.58,58.32,6,24,3,NULL,NULL,NULL,NULL,NULL,NULL,NULL,NULL,NULL,NULL,NULL,NULL,NULL,NULL,NULL,NULL,NULL),(1872,'2024-02-06','2024-02-07 11:28:47.342903','',21,11.12,410.49,7,24,3,NULL,NULL,NULL,NULL,NULL,NULL,NULL,NULL,NULL,NULL,NULL,NULL,NULL,NULL,NULL,NULL,NULL),(1873,'2024-02-06','2024-02-07 11:28:47.348322','',21,11.02,406.8,8,24,3,NULL,NULL,NULL,NULL,NULL,NULL,NULL,NULL,NULL,NULL,NULL,NULL,NULL,NULL,NULL,NULL,NULL),(1874,'2024-02-06','2024-02-07 11:28:47.353342','',21,10.71,395.35,10,24,3,NULL,NULL,NULL,NULL,NULL,NULL,NULL,NULL,NULL,NULL,NULL,NULL,NULL,NULL,NULL,NULL,NULL),(1875,'2024-02-06','2024-02-07 11:28:47.359441','',21,698,663.1,11,24,3,NULL,NULL,NULL,NULL,NULL,NULL,NULL,NULL,NULL,NULL,NULL,NULL,NULL,NULL,NULL,NULL,NULL),(1876,'2024-02-06','2024-02-07 11:28:47.373993','',21,0,0,9,1100,3,NULL,NULL,NULL,NULL,NULL,NULL,NULL,NULL,NULL,NULL,NULL,NULL,NULL,NULL,NULL,NULL,NULL),(1877,'2024-02-06','2024-02-07 11:28:47.379708','',21,385,365.75,12,1100,3,NULL,NULL,NULL,NULL,NULL,NULL,NULL,NULL,NULL,NULL,NULL,NULL,NULL,NULL,NULL,NULL,NULL),(1878,'2024-02-06','2024-02-07 11:28:47.384531','',21,413,392.35,13,1100,3,NULL,NULL,NULL,NULL,NULL,NULL,NULL,NULL,NULL,NULL,NULL,NULL,NULL,NULL,NULL,NULL,NULL),(1879,'2024-02-06','2024-02-07 11:28:47.390692','',21,407,386.65,14,1100,3,NULL,NULL,NULL,NULL,NULL,NULL,NULL,NULL,NULL,NULL,NULL,NULL,NULL,NULL,NULL,NULL,NULL),(1880,'2024-02-06','2024-02-07 11:28:47.401362','',21,690,655.5,15,1050,3,NULL,NULL,NULL,NULL,NULL,NULL,NULL,NULL,NULL,NULL,NULL,NULL,NULL,NULL,NULL,NULL,NULL),(1881,'2024-02-06','2024-02-07 11:28:47.407443','',7,1181,2243.9,16,700,3,NULL,NULL,NULL,NULL,NULL,NULL,NULL,NULL,NULL,NULL,NULL,NULL,NULL,NULL,NULL,NULL,NULL),(1882,'2024-02-06','2024-02-07 11:28:47.412971','',7,8,729.6,17,78,3,NULL,NULL,NULL,NULL,NULL,NULL,NULL,NULL,NULL,NULL,NULL,NULL,NULL,NULL,NULL,NULL,NULL),(1883,'2024-02-06','2024-02-07 11:28:47.418386','',7,8,729.6,18,78,3,NULL,NULL,NULL,NULL,NULL,NULL,NULL,NULL,NULL,NULL,NULL,NULL,NULL,NULL,NULL,NULL,NULL),(1884,'2024-02-06','2024-02-07 11:28:47.432824','',7,8,729.6,19,78,3,NULL,NULL,NULL,NULL,NULL,NULL,NULL,NULL,NULL,NULL,NULL,NULL,NULL,NULL,NULL,NULL,NULL),(1885,'2024-02-07','2024-02-10 07:17:39.001256','',25,107.487,2418.46,3,290,1,NULL,NULL,NULL,NULL,NULL,NULL,NULL,NULL,NULL,NULL,NULL,NULL,NULL,NULL,NULL,NULL,NULL),(1886,'2024-02-07','2024-02-10 07:17:39.023242','',25,97.38,2191.05,4,290,1,NULL,NULL,NULL,NULL,NULL,NULL,NULL,NULL,NULL,NULL,NULL,NULL,NULL,NULL,NULL,NULL,NULL),(1887,'2024-02-07','2024-02-10 07:17:39.029068','',1.7,57.71,2119.11,5,185,1,NULL,NULL,NULL,NULL,NULL,NULL,NULL,NULL,NULL,NULL,NULL,NULL,NULL,NULL,NULL,NULL,NULL),(1888,'2024-02-07','2024-02-10 07:17:39.044321','',21,10.78,397.94,6,24,1,NULL,NULL,NULL,NULL,NULL,NULL,NULL,NULL,NULL,NULL,NULL,NULL,NULL,NULL,NULL,NULL,NULL),(1889,'2024-02-07','2024-02-10 07:17:39.050771','',21,10.55,389.45,7,24,1,NULL,NULL,NULL,NULL,NULL,NULL,NULL,NULL,NULL,NULL,NULL,NULL,NULL,NULL,NULL,NULL,NULL),(1890,'2024-02-07','2024-02-10 07:17:39.067747','',21,0,0,8,24,1,NULL,NULL,NULL,NULL,NULL,NULL,NULL,NULL,NULL,NULL,NULL,NULL,NULL,NULL,NULL,NULL,NULL),(1891,'2024-02-07','2024-02-10 07:17:39.073633','',21,10.25,378.37,10,24,1,NULL,NULL,NULL,NULL,NULL,NULL,NULL,NULL,NULL,NULL,NULL,NULL,NULL,NULL,NULL,NULL,NULL),(1892,'2024-02-07','2024-02-10 07:17:39.084548','',21,505,479.75,11,24,1,NULL,NULL,NULL,NULL,NULL,NULL,NULL,NULL,NULL,NULL,NULL,NULL,NULL,NULL,NULL,NULL,NULL),(1893,'2024-02-07','2024-02-10 07:17:39.090729','',21,366,347.7,9,1100,1,NULL,NULL,NULL,NULL,NULL,NULL,NULL,NULL,NULL,NULL,NULL,NULL,NULL,NULL,NULL,NULL,NULL),(1894,'2024-02-07','2024-02-10 07:17:39.107706','',21,366,347.7,12,1100,1,NULL,NULL,NULL,NULL,NULL,NULL,NULL,NULL,NULL,NULL,NULL,NULL,NULL,NULL,NULL,NULL,NULL),(1895,'2024-02-07','2024-02-10 07:17:39.114407','',21,0,0,13,1100,1,NULL,NULL,NULL,NULL,NULL,NULL,NULL,NULL,NULL,NULL,NULL,NULL,NULL,NULL,NULL,NULL,NULL),(1896,'2024-02-07','2024-02-10 07:17:39.124910','',21,354,336.3,14,1100,1,NULL,NULL,NULL,NULL,NULL,NULL,NULL,NULL,NULL,NULL,NULL,NULL,NULL,NULL,NULL,NULL,NULL),(1897,'2024-02-07','2024-02-10 07:17:39.167261','',21,342,324.9,15,1050,1,NULL,NULL,NULL,NULL,NULL,NULL,NULL,NULL,NULL,NULL,NULL,NULL,NULL,NULL,NULL,NULL,NULL),(1898,'2024-02-07','2024-02-10 07:17:39.330833','',7,800,1520,16,700,1,NULL,NULL,NULL,NULL,NULL,NULL,NULL,NULL,NULL,NULL,NULL,NULL,NULL,NULL,NULL,NULL,NULL),(1899,'2024-02-07','2024-02-10 07:17:39.336829','',7,8,729.6,17,78,1,NULL,NULL,NULL,NULL,NULL,NULL,NULL,NULL,NULL,NULL,NULL,NULL,NULL,NULL,NULL,NULL,NULL),(1900,'2024-02-07','2024-02-10 07:17:39.352369','',7,4,364.8,18,78,1,NULL,NULL,NULL,NULL,NULL,NULL,NULL,NULL,NULL,NULL,NULL,NULL,NULL,NULL,NULL,NULL,NULL),(1901,'2024-02-07','2024-02-10 07:17:39.359264','',7,8,729.6,19,78,1,NULL,NULL,NULL,NULL,NULL,NULL,NULL,NULL,NULL,NULL,NULL,NULL,NULL,NULL,NULL,NULL,NULL),(1902,'2024-02-07','2024-02-10 07:17:39.371124','',25,94.696,2130.66,3,290,2,NULL,NULL,NULL,NULL,NULL,NULL,NULL,NULL,NULL,NULL,NULL,NULL,NULL,NULL,NULL,NULL,NULL),(1903,'2024-02-07','2024-02-10 07:17:39.377681','',25,105.246,2368.03,4,290,2,NULL,NULL,NULL,NULL,NULL,NULL,NULL,NULL,NULL,NULL,NULL,NULL,NULL,NULL,NULL,NULL,NULL),(1904,'2024-02-07','2024-02-10 07:17:39.395342','',1.7,52.72,1935.88,5,185,2,NULL,NULL,NULL,NULL,NULL,NULL,NULL,NULL,NULL,NULL,NULL,NULL,NULL,NULL,NULL,NULL,NULL),(1905,'2024-02-07','2024-02-10 07:17:39.401663','',21,10.82,399.41,6,24,2,NULL,NULL,NULL,NULL,NULL,NULL,NULL,NULL,NULL,NULL,NULL,NULL,NULL,NULL,NULL,NULL,NULL),(1906,'2024-02-07','2024-02-10 07:17:39.412937','',21,10.88,401.63,7,24,2,NULL,NULL,NULL,NULL,NULL,NULL,NULL,NULL,NULL,NULL,NULL,NULL,NULL,NULL,NULL,NULL,NULL),(1907,'2024-02-07','2024-02-10 07:17:39.418933','',21,10.81,399.04,8,24,2,NULL,NULL,NULL,NULL,NULL,NULL,NULL,NULL,NULL,NULL,NULL,NULL,NULL,NULL,NULL,NULL,NULL),(1908,'2024-02-07','2024-02-10 07:17:39.435504','',21,3.11,114.8,10,24,2,NULL,NULL,NULL,NULL,NULL,NULL,NULL,NULL,NULL,NULL,NULL,NULL,NULL,NULL,NULL,NULL,NULL),(1909,'2024-02-07','2024-02-10 07:17:39.441500','',21,391,371.45,11,24,2,NULL,NULL,NULL,NULL,NULL,NULL,NULL,NULL,NULL,NULL,NULL,NULL,NULL,NULL,NULL,NULL,NULL),(1910,'2024-02-07','2024-02-10 07:17:39.454221','',21,366,347.7,9,1100,2,NULL,NULL,NULL,NULL,NULL,NULL,NULL,NULL,NULL,NULL,NULL,NULL,NULL,NULL,NULL,NULL,NULL),(1911,'2024-02-07','2024-02-10 07:17:39.461050','',21,358,340.1,12,1100,2,NULL,NULL,NULL,NULL,NULL,NULL,NULL,NULL,NULL,NULL,NULL,NULL,NULL,NULL,NULL,NULL,NULL),(1912,'2024-02-07','2024-02-10 07:17:39.479479','',21,278,264.1,13,1100,2,NULL,NULL,NULL,NULL,NULL,NULL,NULL,NULL,NULL,NULL,NULL,NULL,NULL,NULL,NULL,NULL,NULL),(1913,'2024-02-07','2024-02-10 07:17:39.485021','',21,78,74.1,14,1100,2,NULL,NULL,NULL,NULL,NULL,NULL,NULL,NULL,NULL,NULL,NULL,NULL,NULL,NULL,NULL,NULL,NULL),(1914,'2024-02-07','2024-02-10 07:17:39.497412','',21,443,420.85,15,1050,2,NULL,NULL,NULL,NULL,NULL,NULL,NULL,NULL,NULL,NULL,NULL,NULL,NULL,NULL,NULL,NULL,NULL),(1915,'2024-02-07','2024-02-10 07:17:39.503788','',7,849,1613.1,16,700,2,NULL,NULL,NULL,NULL,NULL,NULL,NULL,NULL,NULL,NULL,NULL,NULL,NULL,NULL,NULL,NULL,NULL),(1916,'2024-02-07','2024-02-10 07:17:39.519249','',7,4,364.8,17,78,2,NULL,NULL,NULL,NULL,NULL,NULL,NULL,NULL,NULL,NULL,NULL,NULL,NULL,NULL,NULL,NULL,NULL),(1917,'2024-02-07','2024-02-10 07:17:39.526091','',7,8,729.6,18,78,2,NULL,NULL,NULL,NULL,NULL,NULL,NULL,NULL,NULL,NULL,NULL,NULL,NULL,NULL,NULL,NULL,NULL),(1918,'2024-02-07','2024-02-10 07:17:39.537797','',7,8,729.6,19,78,2,NULL,NULL,NULL,NULL,NULL,NULL,NULL,NULL,NULL,NULL,NULL,NULL,NULL,NULL,NULL,NULL,NULL),(1919,'2024-02-07','2024-02-10 07:17:39.544066','',25,96.843,2178.97,3,290,3,NULL,NULL,NULL,NULL,NULL,NULL,NULL,NULL,NULL,NULL,NULL,NULL,NULL,NULL,NULL,NULL,NULL),(1920,'2024-02-07','2024-02-10 07:17:39.562223','',25,84.742,1906.7,4,290,3,NULL,NULL,NULL,NULL,NULL,NULL,NULL,NULL,NULL,NULL,NULL,NULL,NULL,NULL,NULL,NULL,NULL),(1921,'2024-02-07','2024-02-10 07:17:39.569409','',1.7,41.537,1525.24,5,185,3,NULL,NULL,NULL,NULL,NULL,NULL,NULL,NULL,NULL,NULL,NULL,NULL,NULL,NULL,NULL,NULL,NULL),(1922,'2024-02-07','2024-02-10 07:17:39.581329','',21,11.17,412.33,6,24,3,NULL,NULL,NULL,NULL,NULL,NULL,NULL,NULL,NULL,NULL,NULL,NULL,NULL,NULL,NULL,NULL,NULL),(1923,'2024-02-07','2024-02-10 07:17:39.587811','',21,11.48,423.78,7,24,3,NULL,NULL,NULL,NULL,NULL,NULL,NULL,NULL,NULL,NULL,NULL,NULL,NULL,NULL,NULL,NULL,NULL),(1924,'2024-02-07','2024-02-10 07:17:39.603977','',21,6.87,253.6,8,24,3,NULL,NULL,NULL,NULL,NULL,NULL,NULL,NULL,NULL,NULL,NULL,NULL,NULL,NULL,NULL,NULL,NULL),(1925,'2024-02-07','2024-02-10 07:17:39.610759','',21,10.51,387.97,10,24,3,NULL,NULL,NULL,NULL,NULL,NULL,NULL,NULL,NULL,NULL,NULL,NULL,NULL,NULL,NULL,NULL,NULL),(1926,'2024-02-07','2024-02-10 07:17:39.622547','',21,0,0,11,24,3,NULL,NULL,NULL,NULL,NULL,NULL,NULL,NULL,NULL,NULL,NULL,NULL,NULL,NULL,NULL,NULL,NULL),(1927,'2024-02-07','2024-02-10 07:17:39.629431','',21,387,367.65,9,1100,3,NULL,NULL,NULL,NULL,NULL,NULL,NULL,NULL,NULL,NULL,NULL,NULL,NULL,NULL,NULL,NULL,NULL),(1928,'2024-02-07','2024-02-10 07:17:39.646086','',21,365,346.75,12,1100,3,NULL,NULL,NULL,NULL,NULL,NULL,NULL,NULL,NULL,NULL,NULL,NULL,NULL,NULL,NULL,NULL,NULL),(1929,'2024-02-07','2024-02-10 07:17:39.653026','',21,221,209.95,13,1100,3,NULL,NULL,NULL,NULL,NULL,NULL,NULL,NULL,NULL,NULL,NULL,NULL,NULL,NULL,NULL,NULL,NULL),(1930,'2024-02-07','2024-02-10 07:17:39.682356','',21,372,353.4,14,1100,3,NULL,NULL,NULL,NULL,NULL,NULL,NULL,NULL,NULL,NULL,NULL,NULL,NULL,NULL,NULL,NULL,NULL),(1931,'2024-02-07','2024-02-10 07:17:39.689495','',21,0,0,15,1050,3,NULL,NULL,NULL,NULL,NULL,NULL,NULL,NULL,NULL,NULL,NULL,NULL,NULL,NULL,NULL,NULL,NULL),(1932,'2024-02-07','2024-02-10 07:17:39.700919','',7,1212,2302.8,16,700,3,NULL,NULL,NULL,NULL,NULL,NULL,NULL,NULL,NULL,NULL,NULL,NULL,NULL,NULL,NULL,NULL,NULL),(1933,'2024-02-07','2024-02-10 07:17:39.707352','',7,8,729.6,17,78,3,NULL,NULL,NULL,NULL,NULL,NULL,NULL,NULL,NULL,NULL,NULL,NULL,NULL,NULL,NULL,NULL,NULL),(1934,'2024-02-07','2024-02-10 07:17:39.724166','',7,8,729.6,18,78,3,NULL,NULL,NULL,NULL,NULL,NULL,NULL,NULL,NULL,NULL,NULL,NULL,NULL,NULL,NULL,NULL,NULL),(1935,'2024-02-07','2024-02-10 07:17:39.730827','',7,4,364.8,19,78,3,NULL,NULL,NULL,NULL,NULL,NULL,NULL,NULL,NULL,NULL,NULL,NULL,NULL,NULL,NULL,NULL,NULL),(1936,'2024-02-08','2024-02-10 07:20:47.373558','',25,90.751,2041.9,3,290,1,NULL,NULL,NULL,NULL,NULL,NULL,NULL,NULL,NULL,NULL,NULL,NULL,NULL,NULL,NULL,NULL,NULL),(1937,'2024-02-08','2024-02-10 07:20:47.380552','',25,89.809,2020.7,4,290,1,NULL,NULL,NULL,NULL,NULL,NULL,NULL,NULL,NULL,NULL,NULL,NULL,NULL,NULL,NULL,NULL,NULL),(1938,'2024-02-08','2024-02-10 07:20:47.389453','',1.7,49.016,1799.87,5,185,1,NULL,NULL,NULL,NULL,NULL,NULL,NULL,NULL,NULL,NULL,NULL,NULL,NULL,NULL,NULL,NULL,NULL),(1939,'2024-02-08','2024-02-10 07:20:47.395482','',21,11.15,411.59,6,24,1,NULL,NULL,NULL,NULL,NULL,NULL,NULL,NULL,NULL,NULL,NULL,NULL,NULL,NULL,NULL,NULL,NULL),(1940,'2024-02-08','2024-02-10 07:20:47.402127','',21,11.17,412.33,7,24,1,NULL,NULL,NULL,NULL,NULL,NULL,NULL,NULL,NULL,NULL,NULL,NULL,NULL,NULL,NULL,NULL,NULL),(1941,'2024-02-08','2024-02-10 07:20:47.408569','',21,11.19,413.07,8,24,1,NULL,NULL,NULL,NULL,NULL,NULL,NULL,NULL,NULL,NULL,NULL,NULL,NULL,NULL,NULL,NULL,NULL),(1942,'2024-02-08','2024-02-10 07:20:47.414640','',21,11.01,406.43,10,24,1,NULL,NULL,NULL,NULL,NULL,NULL,NULL,NULL,NULL,NULL,NULL,NULL,NULL,NULL,NULL,NULL,NULL),(1943,'2024-02-08','2024-02-10 07:20:47.420249','',21,612,581.4,11,24,1,NULL,NULL,NULL,NULL,NULL,NULL,NULL,NULL,NULL,NULL,NULL,NULL,NULL,NULL,NULL,NULL,NULL),(1944,'2024-02-08','2024-02-10 07:20:47.427706','',21,374,355.3,9,1100,1,NULL,NULL,NULL,NULL,NULL,NULL,NULL,NULL,NULL,NULL,NULL,NULL,NULL,NULL,NULL,NULL,NULL),(1945,'2024-02-08','2024-02-10 07:20:47.432952','',21,383,363.85,12,1100,1,NULL,NULL,NULL,NULL,NULL,NULL,NULL,NULL,NULL,NULL,NULL,NULL,NULL,NULL,NULL,NULL,NULL),(1946,'2024-02-08','2024-02-10 07:20:47.439717','',21,394,374.3,13,1100,1,NULL,NULL,NULL,NULL,NULL,NULL,NULL,NULL,NULL,NULL,NULL,NULL,NULL,NULL,NULL,NULL,NULL),(1947,'2024-02-08','2024-02-10 07:20:47.444991','',21,417,396.15,14,1100,1,NULL,NULL,NULL,NULL,NULL,NULL,NULL,NULL,NULL,NULL,NULL,NULL,NULL,NULL,NULL,NULL,NULL),(1948,'2024-02-08','2024-02-10 07:20:47.450830','',21,678,644.1,15,1050,1,NULL,NULL,NULL,NULL,NULL,NULL,NULL,NULL,NULL,NULL,NULL,NULL,NULL,NULL,NULL,NULL,NULL),(1949,'2024-02-08','2024-02-10 07:20:47.458446','',7,1154,2192.6,16,700,1,NULL,NULL,NULL,NULL,NULL,NULL,NULL,NULL,NULL,NULL,NULL,NULL,NULL,NULL,NULL,NULL,NULL),(1950,'2024-02-08','2024-02-10 07:20:47.464337','',7,8,729.6,17,78,1,NULL,NULL,NULL,NULL,NULL,NULL,NULL,NULL,NULL,NULL,NULL,NULL,NULL,NULL,NULL,NULL,NULL),(1951,'2024-02-08','2024-02-10 07:20:47.469799','',7,8,729.6,18,78,1,NULL,NULL,NULL,NULL,NULL,NULL,NULL,NULL,NULL,NULL,NULL,NULL,NULL,NULL,NULL,NULL,NULL),(1952,'2024-02-08','2024-02-10 07:20:47.475154','',7,8,729.6,19,78,1,NULL,NULL,NULL,NULL,NULL,NULL,NULL,NULL,NULL,NULL,NULL,NULL,NULL,NULL,NULL,NULL,NULL),(1953,'2024-02-08','2024-02-10 07:20:47.480354','',25,78.655,1769.74,3,290,2,NULL,NULL,NULL,NULL,NULL,NULL,NULL,NULL,NULL,NULL,NULL,NULL,NULL,NULL,NULL,NULL,NULL),(1954,'2024-02-08','2024-02-10 07:20:47.486049','',25,78.082,1756.84,4,290,2,NULL,NULL,NULL,NULL,NULL,NULL,NULL,NULL,NULL,NULL,NULL,NULL,NULL,NULL,NULL,NULL,NULL),(1955,'2024-02-08','2024-02-10 07:20:47.494894','',1.7,50.021,1836.77,5,185,2,NULL,NULL,NULL,NULL,NULL,NULL,NULL,NULL,NULL,NULL,NULL,NULL,NULL,NULL,NULL,NULL,NULL),(1956,'2024-02-08','2024-02-10 07:20:47.500440','',21,11.48,423.78,6,24,2,NULL,NULL,NULL,NULL,NULL,NULL,NULL,NULL,NULL,NULL,NULL,NULL,NULL,NULL,NULL,NULL,NULL),(1957,'2024-02-08','2024-02-10 07:20:47.505276','',21,11.34,418.61,7,24,2,NULL,NULL,NULL,NULL,NULL,NULL,NULL,NULL,NULL,NULL,NULL,NULL,NULL,NULL,NULL,NULL,NULL),(1958,'2024-02-08','2024-02-10 07:20:47.513560','',21,11,406.06,8,24,2,NULL,NULL,NULL,NULL,NULL,NULL,NULL,NULL,NULL,NULL,NULL,NULL,NULL,NULL,NULL,NULL,NULL),(1959,'2024-02-08','2024-02-10 07:20:47.519044','',21,11.07,408.64,10,24,2,NULL,NULL,NULL,NULL,NULL,NULL,NULL,NULL,NULL,NULL,NULL,NULL,NULL,NULL,NULL,NULL,NULL),(1960,'2024-02-08','2024-02-10 07:20:47.526789','',21,607,576.65,11,24,2,NULL,NULL,NULL,NULL,NULL,NULL,NULL,NULL,NULL,NULL,NULL,NULL,NULL,NULL,NULL,NULL,NULL),(1961,'2024-02-08','2024-02-10 07:20:47.531760','',21,387,367.65,9,1100,2,NULL,NULL,NULL,NULL,NULL,NULL,NULL,NULL,NULL,NULL,NULL,NULL,NULL,NULL,NULL,NULL,NULL),(1962,'2024-02-08','2024-02-10 07:20:47.537556','',21,371,352.45,12,1100,2,NULL,NULL,NULL,NULL,NULL,NULL,NULL,NULL,NULL,NULL,NULL,NULL,NULL,NULL,NULL,NULL,NULL),(1963,'2024-02-08','2024-02-10 07:20:47.544014','',21,364,345.8,13,1100,2,NULL,NULL,NULL,NULL,NULL,NULL,NULL,NULL,NULL,NULL,NULL,NULL,NULL,NULL,NULL,NULL,NULL),(1964,'2024-02-08','2024-02-10 07:20:47.549176','',21,426,404.7,14,1100,2,NULL,NULL,NULL,NULL,NULL,NULL,NULL,NULL,NULL,NULL,NULL,NULL,NULL,NULL,NULL,NULL,NULL),(1965,'2024-02-08','2024-02-10 07:20:47.553827','',21,625,593.75,15,1050,2,NULL,NULL,NULL,NULL,NULL,NULL,NULL,NULL,NULL,NULL,NULL,NULL,NULL,NULL,NULL,NULL,NULL),(1966,'2024-02-08','2024-02-10 07:20:47.561534','',7,1157,2198.3,16,700,2,NULL,NULL,NULL,NULL,NULL,NULL,NULL,NULL,NULL,NULL,NULL,NULL,NULL,NULL,NULL,NULL,NULL),(1967,'2024-02-08','2024-02-10 07:20:47.567017','',7,8,729.6,17,78,2,NULL,NULL,NULL,NULL,NULL,NULL,NULL,NULL,NULL,NULL,NULL,NULL,NULL,NULL,NULL,NULL,NULL),(1968,'2024-02-08','2024-02-10 07:20:47.572583','',7,8,729.6,18,78,2,NULL,NULL,NULL,NULL,NULL,NULL,NULL,NULL,NULL,NULL,NULL,NULL,NULL,NULL,NULL,NULL,NULL),(1969,'2024-02-08','2024-02-10 07:20:47.578546','',7,8,729.6,19,78,2,NULL,NULL,NULL,NULL,NULL,NULL,NULL,NULL,NULL,NULL,NULL,NULL,NULL,NULL,NULL,NULL,NULL),(1970,'2024-02-08','2024-02-10 07:20:47.584207','',25,75.95,1708.88,3,290,3,NULL,NULL,NULL,NULL,NULL,NULL,NULL,NULL,NULL,NULL,NULL,NULL,NULL,NULL,NULL,NULL,NULL),(1971,'2024-02-08','2024-02-10 07:20:47.589125','',25,62.065,1396.46,4,290,3,NULL,NULL,NULL,NULL,NULL,NULL,NULL,NULL,NULL,NULL,NULL,NULL,NULL,NULL,NULL,NULL,NULL),(1972,'2024-02-08','2024-02-10 07:20:47.596672','',1.7,48.39,1776.88,5,185,3,NULL,NULL,NULL,NULL,NULL,NULL,NULL,NULL,NULL,NULL,NULL,NULL,NULL,NULL,NULL,NULL,NULL),(1973,'2024-02-08','2024-02-10 07:20:47.602165','',21,11.35,418.98,6,24,3,NULL,NULL,NULL,NULL,NULL,NULL,NULL,NULL,NULL,NULL,NULL,NULL,NULL,NULL,NULL,NULL,NULL),(1974,'2024-02-08','2024-02-10 07:20:47.610459','',21,11.28,416.39,7,24,3,NULL,NULL,NULL,NULL,NULL,NULL,NULL,NULL,NULL,NULL,NULL,NULL,NULL,NULL,NULL,NULL,NULL),(1975,'2024-02-08','2024-02-10 07:20:47.615741','',21,11.07,408.64,8,24,3,NULL,NULL,NULL,NULL,NULL,NULL,NULL,NULL,NULL,NULL,NULL,NULL,NULL,NULL,NULL,NULL,NULL),(1976,'2024-02-08','2024-02-10 07:20:47.622515','',21,8.64,318.94,10,24,3,NULL,NULL,NULL,NULL,NULL,NULL,NULL,NULL,NULL,NULL,NULL,NULL,NULL,NULL,NULL,NULL,NULL),(1977,'2024-02-08','2024-02-10 07:20:47.628771','',21,614,583.3,11,24,3,NULL,NULL,NULL,NULL,NULL,NULL,NULL,NULL,NULL,NULL,NULL,NULL,NULL,NULL,NULL,NULL,NULL),(1978,'2024-02-08','2024-02-10 07:20:47.635457','',21,392,372.4,9,1100,3,NULL,NULL,NULL,NULL,NULL,NULL,NULL,NULL,NULL,NULL,NULL,NULL,NULL,NULL,NULL,NULL,NULL),(1979,'2024-02-08','2024-02-10 07:20:47.643160','',21,383,363.85,12,1100,3,NULL,NULL,NULL,NULL,NULL,NULL,NULL,NULL,NULL,NULL,NULL,NULL,NULL,NULL,NULL,NULL,NULL),(1980,'2024-02-08','2024-02-10 07:20:47.648515','',21,411,390.45,13,1100,3,NULL,NULL,NULL,NULL,NULL,NULL,NULL,NULL,NULL,NULL,NULL,NULL,NULL,NULL,NULL,NULL,NULL),(1981,'2024-02-08','2024-02-10 07:20:47.654852','',21,214,203.3,14,1100,3,NULL,NULL,NULL,NULL,NULL,NULL,NULL,NULL,NULL,NULL,NULL,NULL,NULL,NULL,NULL,NULL,NULL),(1982,'2024-02-08','2024-02-10 07:20:47.660857','',21,676,642.2,15,1050,3,NULL,NULL,NULL,NULL,NULL,NULL,NULL,NULL,NULL,NULL,NULL,NULL,NULL,NULL,NULL,NULL,NULL),(1983,'2024-02-08','2024-02-10 07:20:47.669393','',7,1073,2038.7,16,700,3,NULL,NULL,NULL,NULL,NULL,NULL,NULL,NULL,NULL,NULL,NULL,NULL,NULL,NULL,NULL,NULL,NULL),(1984,'2024-02-08','2024-02-10 07:20:47.676927','',7,8,729.6,17,78,3,NULL,NULL,NULL,NULL,NULL,NULL,NULL,NULL,NULL,NULL,NULL,NULL,NULL,NULL,NULL,NULL,NULL),(1985,'2024-02-08','2024-02-10 07:20:47.682672','',7,8,729.6,18,78,3,NULL,NULL,NULL,NULL,NULL,NULL,NULL,NULL,NULL,NULL,NULL,NULL,NULL,NULL,NULL,NULL,NULL),(1986,'2024-02-08','2024-02-10 07:20:47.688496','',7,8,729.6,19,78,3,NULL,NULL,NULL,NULL,NULL,NULL,NULL,NULL,NULL,NULL,NULL,NULL,NULL,NULL,NULL,NULL,NULL),(1987,'2024-02-09','2024-02-10 07:22:52.912621','',25,90.479,2035.78,3,290,1,NULL,NULL,NULL,NULL,NULL,NULL,NULL,NULL,NULL,NULL,NULL,NULL,NULL,NULL,NULL,NULL,NULL),(1988,'2024-02-09','2024-02-10 07:22:52.921782','',25,99.449,2237.6,4,290,1,NULL,NULL,NULL,NULL,NULL,NULL,NULL,NULL,NULL,NULL,NULL,NULL,NULL,NULL,NULL,NULL,NULL),(1989,'2024-02-09','2024-02-10 07:22:52.928333','',1.7,48.906,1795.83,5,185,1,NULL,NULL,NULL,NULL,NULL,NULL,NULL,NULL,NULL,NULL,NULL,NULL,NULL,NULL,NULL,NULL,NULL),(1990,'2024-02-09','2024-02-10 07:22:52.933804','',21,0,0,6,24,1,NULL,NULL,NULL,NULL,NULL,NULL,NULL,NULL,NULL,NULL,NULL,NULL,NULL,NULL,NULL,NULL,NULL),(1991,'2024-02-09','2024-02-10 07:22:52.939919','',21,0,0,7,24,1,NULL,NULL,NULL,NULL,NULL,NULL,NULL,NULL,NULL,NULL,NULL,NULL,NULL,NULL,NULL,NULL,NULL),(1992,'2024-02-09','2024-02-10 07:22:52.945455','',21,0,0,8,24,1,NULL,NULL,NULL,NULL,NULL,NULL,NULL,NULL,NULL,NULL,NULL,NULL,NULL,NULL,NULL,NULL,NULL),(1993,'2024-02-09','2024-02-10 07:22:52.950612','',21,0,0,10,24,1,NULL,NULL,NULL,NULL,NULL,NULL,NULL,NULL,NULL,NULL,NULL,NULL,NULL,NULL,NULL,NULL,NULL),(1994,'2024-02-09','2024-02-10 07:22:52.957694','',21,0,0,11,24,1,NULL,NULL,NULL,NULL,NULL,NULL,NULL,NULL,NULL,NULL,NULL,NULL,NULL,NULL,NULL,NULL,NULL),(1995,'2024-02-09','2024-02-10 07:22:52.964305','',21,0,0,9,1100,1,NULL,NULL,NULL,NULL,NULL,NULL,NULL,NULL,NULL,NULL,NULL,NULL,NULL,NULL,NULL,NULL,NULL),(1996,'2024-02-09','2024-02-10 07:22:52.970001','',21,0,0,12,1100,1,NULL,NULL,NULL,NULL,NULL,NULL,NULL,NULL,NULL,NULL,NULL,NULL,NULL,NULL,NULL,NULL,NULL),(1997,'2024-02-09','2024-02-10 07:22:52.976721','',21,0,0,13,1100,1,NULL,NULL,NULL,NULL,NULL,NULL,NULL,NULL,NULL,NULL,NULL,NULL,NULL,NULL,NULL,NULL,NULL),(1998,'2024-02-09','2024-02-10 07:22:52.983240','',21,0,0,14,1100,1,NULL,NULL,NULL,NULL,NULL,NULL,NULL,NULL,NULL,NULL,NULL,NULL,NULL,NULL,NULL,NULL,NULL),(1999,'2024-02-09','2024-02-10 07:22:52.989649','',21,0,0,15,1050,1,NULL,NULL,NULL,NULL,NULL,NULL,NULL,NULL,NULL,NULL,NULL,NULL,NULL,NULL,NULL,NULL,NULL),(2000,'2024-02-09','2024-02-10 07:22:52.997003','',7,0,0,16,700,1,NULL,NULL,NULL,NULL,NULL,NULL,NULL,NULL,NULL,NULL,NULL,NULL,NULL,NULL,NULL,NULL,NULL),(2001,'2024-02-09','2024-02-10 07:22:53.004970','',7,0,0,17,78,1,NULL,NULL,NULL,NULL,NULL,NULL,NULL,NULL,NULL,NULL,NULL,NULL,NULL,NULL,NULL,NULL,NULL),(2002,'2024-02-09','2024-02-10 07:22:53.011440','',7,0,0,18,78,1,NULL,NULL,NULL,NULL,NULL,NULL,NULL,NULL,NULL,NULL,NULL,NULL,NULL,NULL,NULL,NULL,NULL),(2003,'2024-02-09','2024-02-10 07:22:53.030878','',7,0,0,19,78,1,NULL,NULL,NULL,NULL,NULL,NULL,NULL,NULL,NULL,NULL,NULL,NULL,NULL,NULL,NULL,NULL,NULL),(2004,'2024-02-09','2024-02-10 07:22:53.036839','',25,0,0,3,290,2,NULL,NULL,NULL,NULL,NULL,NULL,NULL,NULL,NULL,NULL,NULL,NULL,NULL,NULL,NULL,NULL,NULL),(2005,'2024-02-09','2024-02-10 07:22:53.044923','',25,19.899,447.73,4,290,2,NULL,NULL,NULL,NULL,NULL,NULL,NULL,NULL,NULL,NULL,NULL,NULL,NULL,NULL,NULL,NULL,NULL),(2006,'2024-02-09','2024-02-10 07:22:53.050162','',1.7,53.291,1956.85,5,185,2,NULL,NULL,NULL,NULL,NULL,NULL,NULL,NULL,NULL,NULL,NULL,NULL,NULL,NULL,NULL,NULL,NULL),(2007,'2024-02-09','2024-02-10 07:22:53.056672','',21,0,0,6,24,2,NULL,NULL,NULL,NULL,NULL,NULL,NULL,NULL,NULL,NULL,NULL,NULL,NULL,NULL,NULL,NULL,NULL),(2008,'2024-02-09','2024-02-10 07:22:53.063618','',21,0,0,7,24,2,NULL,NULL,NULL,NULL,NULL,NULL,NULL,NULL,NULL,NULL,NULL,NULL,NULL,NULL,NULL,NULL,NULL),(2009,'2024-02-09','2024-02-10 07:22:53.069149','',21,0,0,8,24,2,NULL,NULL,NULL,NULL,NULL,NULL,NULL,NULL,NULL,NULL,NULL,NULL,NULL,NULL,NULL,NULL,NULL),(2010,'2024-02-09','2024-02-10 07:22:53.076001','',21,0,0,10,24,2,NULL,NULL,NULL,NULL,NULL,NULL,NULL,NULL,NULL,NULL,NULL,NULL,NULL,NULL,NULL,NULL,NULL),(2011,'2024-02-09','2024-02-10 07:22:53.081533','',21,0,0,11,24,2,NULL,NULL,NULL,NULL,NULL,NULL,NULL,NULL,NULL,NULL,NULL,NULL,NULL,NULL,NULL,NULL,NULL),(2012,'2024-02-09','2024-02-10 07:22:53.086895','',21,0,0,9,1100,2,NULL,NULL,NULL,NULL,NULL,NULL,NULL,NULL,NULL,NULL,NULL,NULL,NULL,NULL,NULL,NULL,NULL),(2013,'2024-02-09','2024-02-10 07:22:53.093751','',21,0,0,12,1100,2,NULL,NULL,NULL,NULL,NULL,NULL,NULL,NULL,NULL,NULL,NULL,NULL,NULL,NULL,NULL,NULL,NULL),(2014,'2024-02-09','2024-02-10 07:22:53.100400','',21,0,0,13,1100,2,NULL,NULL,NULL,NULL,NULL,NULL,NULL,NULL,NULL,NULL,NULL,NULL,NULL,NULL,NULL,NULL,NULL),(2015,'2024-02-09','2024-02-10 07:22:53.106744','',21,0,0,14,1100,2,NULL,NULL,NULL,NULL,NULL,NULL,NULL,NULL,NULL,NULL,NULL,NULL,NULL,NULL,NULL,NULL,NULL),(2016,'2024-02-09','2024-02-10 07:22:53.114162','',21,0,0,15,1050,2,NULL,NULL,NULL,NULL,NULL,NULL,NULL,NULL,NULL,NULL,NULL,NULL,NULL,NULL,NULL,NULL,NULL),(2017,'2024-02-09','2024-02-10 07:22:53.119805','',7,0,0,16,700,2,NULL,NULL,NULL,NULL,NULL,NULL,NULL,NULL,NULL,NULL,NULL,NULL,NULL,NULL,NULL,NULL,NULL),(2018,'2024-02-09','2024-02-10 07:22:53.127512','',7,0,0,17,78,2,NULL,NULL,NULL,NULL,NULL,NULL,NULL,NULL,NULL,NULL,NULL,NULL,NULL,NULL,NULL,NULL,NULL),(2019,'2024-02-09','2024-02-10 07:22:53.134345','',7,0,0,18,78,2,NULL,NULL,NULL,NULL,NULL,NULL,NULL,NULL,NULL,NULL,NULL,NULL,NULL,NULL,NULL,NULL,NULL),(2020,'2024-02-09','2024-02-10 07:22:53.139428','',7,0,0,19,78,2,NULL,NULL,NULL,NULL,NULL,NULL,NULL,NULL,NULL,NULL,NULL,NULL,NULL,NULL,NULL,NULL,NULL),(2021,'2024-02-09','2024-02-10 07:22:53.146751','',25,84.859,1909.33,3,290,3,NULL,NULL,NULL,NULL,NULL,NULL,NULL,NULL,NULL,NULL,NULL,NULL,NULL,NULL,NULL,NULL,NULL),(2022,'2024-02-09','2024-02-10 07:22:53.151984','',25,59.595,1340.89,4,290,3,NULL,NULL,NULL,NULL,NULL,NULL,NULL,NULL,NULL,NULL,NULL,NULL,NULL,NULL,NULL,NULL,NULL),(2023,'2024-02-09','2024-02-10 07:22:53.159278','',1.7,34.62,1271.25,5,185,3,NULL,NULL,NULL,NULL,NULL,NULL,NULL,NULL,NULL,NULL,NULL,NULL,NULL,NULL,NULL,NULL,NULL),(2024,'2024-02-09','2024-02-10 07:22:53.165407','',21,10.22,377.26,6,24,3,NULL,NULL,NULL,NULL,NULL,NULL,NULL,NULL,NULL,NULL,NULL,NULL,NULL,NULL,NULL,NULL,NULL),(2025,'2024-02-09','2024-02-10 07:22:53.170824','',21,10.46,386.12,7,24,3,NULL,NULL,NULL,NULL,NULL,NULL,NULL,NULL,NULL,NULL,NULL,NULL,NULL,NULL,NULL,NULL,NULL),(2026,'2024-02-09','2024-02-10 07:22:53.178400','',21,1.74,64.23,8,24,3,NULL,NULL,NULL,NULL,NULL,NULL,NULL,NULL,NULL,NULL,NULL,NULL,NULL,NULL,NULL,NULL,NULL),(2027,'2024-02-09','2024-02-10 07:22:53.185020','',21,10.01,369.51,10,24,3,NULL,NULL,NULL,NULL,NULL,NULL,NULL,NULL,NULL,NULL,NULL,NULL,NULL,NULL,NULL,NULL,NULL),(2028,'2024-02-09','2024-02-10 07:22:53.190851','',21,512,486.4,11,24,3,NULL,NULL,NULL,NULL,NULL,NULL,NULL,NULL,NULL,NULL,NULL,NULL,NULL,NULL,NULL,NULL,NULL),(2029,'2024-02-09','2024-02-10 07:22:53.198312','',21,345,327.75,9,1100,3,NULL,NULL,NULL,NULL,NULL,NULL,NULL,NULL,NULL,NULL,NULL,NULL,NULL,NULL,NULL,NULL,NULL),(2030,'2024-02-09','2024-02-10 07:22:53.203815','',21,360,342,12,1100,3,NULL,NULL,NULL,NULL,NULL,NULL,NULL,NULL,NULL,NULL,NULL,NULL,NULL,NULL,NULL,NULL,NULL),(2031,'2024-02-09','2024-02-10 07:22:53.211430','',21,88,83.6,13,1100,3,NULL,NULL,NULL,NULL,NULL,NULL,NULL,NULL,NULL,NULL,NULL,NULL,NULL,NULL,NULL,NULL,NULL),(2032,'2024-02-09','2024-02-10 07:22:53.217058','',21,378,359.1,14,1100,3,NULL,NULL,NULL,NULL,NULL,NULL,NULL,NULL,NULL,NULL,NULL,NULL,NULL,NULL,NULL,NULL,NULL),(2033,'2024-02-09','2024-02-10 07:22:53.227760','',21,500,475,15,1050,3,NULL,NULL,NULL,NULL,NULL,NULL,NULL,NULL,NULL,NULL,NULL,NULL,NULL,NULL,NULL,NULL,NULL),(2034,'2024-02-09','2024-02-10 07:22:53.233289','',7,1220,2318,16,700,3,NULL,NULL,NULL,NULL,NULL,NULL,NULL,NULL,NULL,NULL,NULL,NULL,NULL,NULL,NULL,NULL,NULL),(2035,'2024-02-09','2024-02-10 07:22:53.238410','',7,8,729.6,17,78,3,NULL,NULL,NULL,NULL,NULL,NULL,NULL,NULL,NULL,NULL,NULL,NULL,NULL,NULL,NULL,NULL,NULL),(2036,'2024-02-09','2024-02-10 07:22:53.244751','',7,8,729.6,18,78,3,NULL,NULL,NULL,NULL,NULL,NULL,NULL,NULL,NULL,NULL,NULL,NULL,NULL,NULL,NULL,NULL,NULL),(2037,'2024-02-09','2024-02-10 07:22:53.249764','',7,8,729.6,19,78,3,NULL,NULL,NULL,NULL,NULL,NULL,NULL,NULL,NULL,NULL,NULL,NULL,NULL,NULL,NULL,NULL,NULL),(2038,'2024-02-09','2024-02-10 07:56:21.014537','',0,0,1294.29,22,418,1,0,45000,0,4000,20000,0,0,1294.29,0,0,0,0,0,0,0,0,0),(2039,'2024-02-09','2024-02-10 07:56:21.022948','',0,0,0,20,300,1,0,0,0,0,0,0,0,0,0,0,0,0,0,0,0,0,0),(2040,'2024-02-09','2024-02-10 07:56:21.029491','',0,0,0,21,300,1,0,0,0,0,0,0,0,0,0,0,0,0,0,0,0,0,0),(2041,'2024-02-09','2024-02-10 07:56:21.035210','',0,0,1380,22,418,2,0,45000,0,20000,1000,0,0,1380,0,0,0,0,0,0,0,0,0),(2042,'2024-02-09','2024-02-10 07:56:21.051929','',0,0,0,20,300,2,0,0,0,0,0,0,0,0,0,0,0,0,0,0,0,0,0),(2043,'2024-02-09','2024-02-10 07:56:21.059618','',0,0,0,21,300,2,0,0,0,0,0,0,0,0,0,0,0,0,0,0,0,0,0),(2044,'2024-02-09','2024-02-10 07:56:21.065976','',0,0,1474.29,22,418,3,0,45000,0,12000,4000,0,0,1474.29,0,0,0,0,0,0,0,0,0),(2045,'2024-02-09','2024-02-10 07:56:21.072428','',0,0,0,20,300,3,0,0,0,0,0,0,0,0,0,0,0,0,0,0,0,0,0),(2046,'2024-02-09','2024-02-10 07:56:21.078424','',0,0,0,21,300,3,0,0,0,0,0,0,0,0,0,0,0,0,0,0,0,0,0),(2047,'2024-02-08','2024-02-10 07:57:49.026838','',0,0,1551.43,22,418,1,0,45000,0,10000,11000,0,0,1551.43,0,0,0,0,0,0,0,0,0),(2048,'2024-02-08','2024-02-10 07:57:49.034932','',0,0,0,20,300,1,0,0,0,0,0,0,0,0,0,0,0,0,0,0,0,0,0),(2049,'2024-02-08','2024-02-10 07:57:49.041836','',0,0,0,21,300,1,0,0,0,0,0,0,0,0,0,0,0,0,0,0,0,0,0),(2050,'2024-02-08','2024-02-10 07:57:49.048617','',0,0,1551.43,22,418,2,0,45000,0,11000,12000,0,0,1551.43,0,0,0,0,0,0,0,0,0),(2051,'2024-02-08','2024-02-10 07:57:49.055520','',0,0,0,20,300,2,0,0,0,0,0,0,0,0,0,0,0,0,0,0,0,0,0),(2052,'2024-02-08','2024-02-10 07:57:49.061606','',0,0,0,21,300,2,0,0,0,0,0,0,0,0,0,0,0,0,0,0,0,0,0),(2053,'2024-02-08','2024-02-10 07:57:49.066655','',0,0,1474.29,22,418,3,0,45000,0,18000,10000,0,0,1474.29,0,0,0,0,0,0,0,0,0),(2054,'2024-02-08','2024-02-10 07:57:49.074312','',0,0,0,20,300,3,0,0,0,0,0,0,0,0,0,0,0,0,0,0,0,0,0),(2055,'2024-02-08','2024-02-10 07:57:49.080584','',0,0,0,21,300,3,0,0,0,0,0,0,0,0,0,0,0,0,0,0,0,0,0),(2056,'2024-02-10','2024-02-12 08:00:37.934731','',25,75.419,1696.93,3,290,1,NULL,NULL,NULL,NULL,NULL,NULL,NULL,NULL,NULL,NULL,NULL,NULL,NULL,NULL,NULL,NULL,NULL),(2057,'2024-02-10','2024-02-12 08:00:37.943677','',25,41.308,929.43,4,290,1,NULL,NULL,NULL,NULL,NULL,NULL,NULL,NULL,NULL,NULL,NULL,NULL,NULL,NULL,NULL,NULL,NULL),(2058,'2024-02-10','2024-02-12 08:00:37.950674','',1.7,13.357,490.47,5,185,1,NULL,NULL,NULL,NULL,NULL,NULL,NULL,NULL,NULL,NULL,NULL,NULL,NULL,NULL,NULL,NULL,NULL),(2059,'2024-02-10','2024-02-12 08:00:37.964434','',21,10.44,385.39,6,24,1,NULL,NULL,NULL,NULL,NULL,NULL,NULL,NULL,NULL,NULL,NULL,NULL,NULL,NULL,NULL,NULL,NULL),(2060,'2024-02-10','2024-02-12 08:00:37.970296','',21,10.24,378,7,24,1,NULL,NULL,NULL,NULL,NULL,NULL,NULL,NULL,NULL,NULL,NULL,NULL,NULL,NULL,NULL,NULL,NULL),(2061,'2024-02-10','2024-02-12 08:00:37.975861','',21,10.13,373.94,8,24,1,NULL,NULL,NULL,NULL,NULL,NULL,NULL,NULL,NULL,NULL,NULL,NULL,NULL,NULL,NULL,NULL,NULL),(2062,'2024-02-10','2024-02-12 08:00:37.984356','',21,9.48,349.95,10,24,1,NULL,NULL,NULL,NULL,NULL,NULL,NULL,NULL,NULL,NULL,NULL,NULL,NULL,NULL,NULL,NULL,NULL),(2063,'2024-02-10','2024-02-12 08:00:37.999751','',21,611,580.45,11,24,1,NULL,NULL,NULL,NULL,NULL,NULL,NULL,NULL,NULL,NULL,NULL,NULL,NULL,NULL,NULL,NULL,NULL),(2064,'2024-02-10','2024-02-12 08:00:38.005065','',21,341,323.95,9,1100,1,NULL,NULL,NULL,NULL,NULL,NULL,NULL,NULL,NULL,NULL,NULL,NULL,NULL,NULL,NULL,NULL,NULL),(2065,'2024-02-10','2024-02-12 08:00:38.012474','',21,329,312.55,12,1100,1,NULL,NULL,NULL,NULL,NULL,NULL,NULL,NULL,NULL,NULL,NULL,NULL,NULL,NULL,NULL,NULL,NULL),(2066,'2024-02-10','2024-02-12 08:00:38.018084','',21,310,294.5,13,1100,1,NULL,NULL,NULL,NULL,NULL,NULL,NULL,NULL,NULL,NULL,NULL,NULL,NULL,NULL,NULL,NULL,NULL),(2067,'2024-02-10','2024-02-12 08:00:38.033525','',21,356,338.2,14,1100,1,NULL,NULL,NULL,NULL,NULL,NULL,NULL,NULL,NULL,NULL,NULL,NULL,NULL,NULL,NULL,NULL,NULL),(2068,'2024-02-10','2024-02-12 08:00:38.039522','',21,557,529.15,15,1050,1,NULL,NULL,NULL,NULL,NULL,NULL,NULL,NULL,NULL,NULL,NULL,NULL,NULL,NULL,NULL,NULL,NULL),(2069,'2024-02-10','2024-02-12 08:00:38.045003','',7,1137,2160.3,16,700,1,NULL,NULL,NULL,NULL,NULL,NULL,NULL,NULL,NULL,NULL,NULL,NULL,NULL,NULL,NULL,NULL,NULL),(2070,'2024-02-10','2024-02-12 08:00:38.142280','',7,8,729.6,17,78,1,NULL,NULL,NULL,NULL,NULL,NULL,NULL,NULL,NULL,NULL,NULL,NULL,NULL,NULL,NULL,NULL,NULL),(2071,'2024-02-10','2024-02-12 08:00:38.194123','',7,8,729.6,18,78,1,NULL,NULL,NULL,NULL,NULL,NULL,NULL,NULL,NULL,NULL,NULL,NULL,NULL,NULL,NULL,NULL,NULL),(2072,'2024-02-10','2024-02-12 08:00:38.200369','',7,8,729.6,19,78,1,NULL,NULL,NULL,NULL,NULL,NULL,NULL,NULL,NULL,NULL,NULL,NULL,NULL,NULL,NULL,NULL,NULL),(2073,'2024-02-10','2024-02-12 08:00:38.212105','',25,113.504,2553.84,3,290,2,NULL,NULL,NULL,NULL,NULL,NULL,NULL,NULL,NULL,NULL,NULL,NULL,NULL,NULL,NULL,NULL,NULL),(2074,'2024-02-10','2024-02-12 08:00:38.222196','',25,86.3,1941.75,4,290,2,NULL,NULL,NULL,NULL,NULL,NULL,NULL,NULL,NULL,NULL,NULL,NULL,NULL,NULL,NULL,NULL,NULL),(2075,'2024-02-10','2024-02-12 08:00:38.230722','',1.7,34.106,1252.37,5,185,2,NULL,NULL,NULL,NULL,NULL,NULL,NULL,NULL,NULL,NULL,NULL,NULL,NULL,NULL,NULL,NULL,NULL),(2076,'2024-02-10','2024-02-12 08:00:38.238080','',21,11.51,424.88,6,24,2,NULL,NULL,NULL,NULL,NULL,NULL,NULL,NULL,NULL,NULL,NULL,NULL,NULL,NULL,NULL,NULL,NULL),(2077,'2024-02-10','2024-02-12 08:00:38.245952','',21,11.29,416.76,7,24,2,NULL,NULL,NULL,NULL,NULL,NULL,NULL,NULL,NULL,NULL,NULL,NULL,NULL,NULL,NULL,NULL,NULL),(2078,'2024-02-10','2024-02-12 08:00:38.263569','',21,11.03,407.16,8,24,2,NULL,NULL,NULL,NULL,NULL,NULL,NULL,NULL,NULL,NULL,NULL,NULL,NULL,NULL,NULL,NULL,NULL),(2079,'2024-02-10','2024-02-12 08:00:38.269566','',21,11.3,417.13,10,24,2,NULL,NULL,NULL,NULL,NULL,NULL,NULL,NULL,NULL,NULL,NULL,NULL,NULL,NULL,NULL,NULL,NULL),(2080,'2024-02-10','2024-02-12 08:00:38.278159','',21,588,558.6,11,24,2,NULL,NULL,NULL,NULL,NULL,NULL,NULL,NULL,NULL,NULL,NULL,NULL,NULL,NULL,NULL,NULL,NULL),(2081,'2024-02-10','2024-02-12 08:00:38.286071','',21,243,230.85,9,1100,2,NULL,NULL,NULL,NULL,NULL,NULL,NULL,NULL,NULL,NULL,NULL,NULL,NULL,NULL,NULL,NULL,NULL),(2082,'2024-02-10','2024-02-12 08:00:38.299863','',21,394,374.3,12,1100,2,NULL,NULL,NULL,NULL,NULL,NULL,NULL,NULL,NULL,NULL,NULL,NULL,NULL,NULL,NULL,NULL,NULL),(2083,'2024-02-10','2024-02-12 08:00:38.306316','',21,380,361,13,1100,2,NULL,NULL,NULL,NULL,NULL,NULL,NULL,NULL,NULL,NULL,NULL,NULL,NULL,NULL,NULL,NULL,NULL),(2084,'2024-02-10','2024-02-12 08:00:38.317351','',21,389,369.55,14,1100,2,NULL,NULL,NULL,NULL,NULL,NULL,NULL,NULL,NULL,NULL,NULL,NULL,NULL,NULL,NULL,NULL,NULL),(2085,'2024-02-10','2024-02-12 08:00:38.323494','',21,599,569.05,15,1050,2,NULL,NULL,NULL,NULL,NULL,NULL,NULL,NULL,NULL,NULL,NULL,NULL,NULL,NULL,NULL,NULL,NULL),(2086,'2024-02-10','2024-02-12 08:00:38.338620','',7,1075,2042.5,16,700,2,NULL,NULL,NULL,NULL,NULL,NULL,NULL,NULL,NULL,NULL,NULL,NULL,NULL,NULL,NULL,NULL,NULL),(2087,'2024-02-10','2024-02-12 08:00:38.346651','',7,8,729.6,17,78,2,NULL,NULL,NULL,NULL,NULL,NULL,NULL,NULL,NULL,NULL,NULL,NULL,NULL,NULL,NULL,NULL,NULL),(2088,'2024-02-10','2024-02-12 08:00:38.352139','',7,8,729.6,18,78,2,NULL,NULL,NULL,NULL,NULL,NULL,NULL,NULL,NULL,NULL,NULL,NULL,NULL,NULL,NULL,NULL,NULL),(2089,'2024-02-10','2024-02-12 08:00:38.359007','',7,8,729.6,19,78,2,NULL,NULL,NULL,NULL,NULL,NULL,NULL,NULL,NULL,NULL,NULL,NULL,NULL,NULL,NULL,NULL,NULL),(2090,'2024-02-10','2024-02-12 08:00:38.370170','',25,114.507,2576.41,3,290,3,NULL,NULL,NULL,NULL,NULL,NULL,NULL,NULL,NULL,NULL,NULL,NULL,NULL,NULL,NULL,NULL,NULL),(2091,'2024-02-10','2024-02-12 08:00:38.376034','',25,99.912,2248.02,4,290,3,NULL,NULL,NULL,NULL,NULL,NULL,NULL,NULL,NULL,NULL,NULL,NULL,NULL,NULL,NULL,NULL,NULL),(2092,'2024-02-10','2024-02-12 08:00:38.382613','',1.7,41.48,1523.15,5,185,3,NULL,NULL,NULL,NULL,NULL,NULL,NULL,NULL,NULL,NULL,NULL,NULL,NULL,NULL,NULL,NULL,NULL),(2093,'2024-02-10','2024-02-12 08:00:38.388018','',21,0.32,11.81,6,24,3,NULL,NULL,NULL,NULL,NULL,NULL,NULL,NULL,NULL,NULL,NULL,NULL,NULL,NULL,NULL,NULL,NULL),(2094,'2024-02-10','2024-02-12 08:00:38.403098','',21,11.18,412.7,7,24,3,NULL,NULL,NULL,NULL,NULL,NULL,NULL,NULL,NULL,NULL,NULL,NULL,NULL,NULL,NULL,NULL,NULL),(2095,'2024-02-10','2024-02-12 08:00:38.408990','',21,10.7,394.98,8,24,3,NULL,NULL,NULL,NULL,NULL,NULL,NULL,NULL,NULL,NULL,NULL,NULL,NULL,NULL,NULL,NULL,NULL),(2096,'2024-02-10','2024-02-12 08:00:38.415499','',21,10.79,398.31,10,24,3,NULL,NULL,NULL,NULL,NULL,NULL,NULL,NULL,NULL,NULL,NULL,NULL,NULL,NULL,NULL,NULL,NULL),(2097,'2024-02-10','2024-02-12 08:00:38.420717','',21,607,576.65,11,24,3,NULL,NULL,NULL,NULL,NULL,NULL,NULL,NULL,NULL,NULL,NULL,NULL,NULL,NULL,NULL,NULL,NULL),(2098,'2024-02-10','2024-02-12 08:00:38.431869','',21,39,37.05,9,1100,3,NULL,NULL,NULL,NULL,NULL,NULL,NULL,NULL,NULL,NULL,NULL,NULL,NULL,NULL,NULL,NULL,NULL),(2099,'2024-02-10','2024-02-12 08:00:38.437866','',21,360,342,12,1100,3,NULL,NULL,NULL,NULL,NULL,NULL,NULL,NULL,NULL,NULL,NULL,NULL,NULL,NULL,NULL,NULL,NULL),(2100,'2024-02-10','2024-02-12 08:00:38.445032','',21,363,344.85,13,1100,3,NULL,NULL,NULL,NULL,NULL,NULL,NULL,NULL,NULL,NULL,NULL,NULL,NULL,NULL,NULL,NULL,NULL),(2101,'2024-02-10','2024-02-12 08:00:38.451472','',21,364,345.8,14,1100,3,NULL,NULL,NULL,NULL,NULL,NULL,NULL,NULL,NULL,NULL,NULL,NULL,NULL,NULL,NULL,NULL,NULL),(2102,'2024-02-10','2024-02-12 08:00:38.466978','',21,595,565.25,15,1050,3,NULL,NULL,NULL,NULL,NULL,NULL,NULL,NULL,NULL,NULL,NULL,NULL,NULL,NULL,NULL,NULL,NULL),(2103,'2024-02-10','2024-02-12 08:00:38.472972','',7,1268,2409.2,16,700,3,NULL,NULL,NULL,NULL,NULL,NULL,NULL,NULL,NULL,NULL,NULL,NULL,NULL,NULL,NULL,NULL,NULL),(2104,'2024-02-10','2024-02-12 08:00:38.483230','',7,8,729.6,17,78,3,NULL,NULL,NULL,NULL,NULL,NULL,NULL,NULL,NULL,NULL,NULL,NULL,NULL,NULL,NULL,NULL,NULL),(2105,'2024-02-10','2024-02-12 08:00:38.495498','',7,8,729.6,18,78,3,NULL,NULL,NULL,NULL,NULL,NULL,NULL,NULL,NULL,NULL,NULL,NULL,NULL,NULL,NULL,NULL,NULL),(2106,'2024-02-10','2024-02-12 08:00:38.500495','',7,8,729.6,19,78,3,NULL,NULL,NULL,NULL,NULL,NULL,NULL,NULL,NULL,NULL,NULL,NULL,NULL,NULL,NULL,NULL,NULL),(2107,'2024-02-11','2024-02-12 08:07:18.403663','',25,100.035,2250.79,3,290,1,NULL,NULL,NULL,NULL,NULL,NULL,NULL,NULL,NULL,NULL,NULL,NULL,NULL,NULL,NULL,NULL,NULL),(2108,'2024-02-11','2024-02-12 08:07:18.410965','',25,80.045,1801.01,4,290,1,NULL,NULL,NULL,NULL,NULL,NULL,NULL,NULL,NULL,NULL,NULL,NULL,NULL,NULL,NULL,NULL,NULL),(2109,'2024-02-11','2024-02-12 08:07:18.424363','',1.7,38.031,1396.5,5,185,1,NULL,NULL,NULL,NULL,NULL,NULL,NULL,NULL,NULL,NULL,NULL,NULL,NULL,NULL,NULL,NULL,NULL),(2110,'2024-02-11','2024-02-12 08:07:18.430360','',21,9.69,357.7,6,24,1,NULL,NULL,NULL,NULL,NULL,NULL,NULL,NULL,NULL,NULL,NULL,NULL,NULL,NULL,NULL,NULL,NULL),(2111,'2024-02-11','2024-02-12 08:07:18.436513','',21,5.55,204.87,7,24,1,NULL,NULL,NULL,NULL,NULL,NULL,NULL,NULL,NULL,NULL,NULL,NULL,NULL,NULL,NULL,NULL,NULL),(2112,'2024-02-11','2024-02-12 08:07:18.444754','',21,10.44,385.39,8,24,1,NULL,NULL,NULL,NULL,NULL,NULL,NULL,NULL,NULL,NULL,NULL,NULL,NULL,NULL,NULL,NULL,NULL),(2113,'2024-02-11','2024-02-12 08:07:18.461309','',21,10.66,393.51,10,24,1,NULL,NULL,NULL,NULL,NULL,NULL,NULL,NULL,NULL,NULL,NULL,NULL,NULL,NULL,NULL,NULL,NULL),(2114,'2024-02-11','2024-02-12 08:07:18.468929','',21,579,550.05,11,24,1,NULL,NULL,NULL,NULL,NULL,NULL,NULL,NULL,NULL,NULL,NULL,NULL,NULL,NULL,NULL,NULL,NULL),(2115,'2024-02-11','2024-02-12 08:07:18.475800','',21,262,248.9,9,1100,1,NULL,NULL,NULL,NULL,NULL,NULL,NULL,NULL,NULL,NULL,NULL,NULL,NULL,NULL,NULL,NULL,NULL),(2116,'2024-02-11','2024-02-12 08:07:18.486700','',21,128,121.6,12,1100,1,NULL,NULL,NULL,NULL,NULL,NULL,NULL,NULL,NULL,NULL,NULL,NULL,NULL,NULL,NULL,NULL,NULL),(2117,'2024-02-11','2024-02-12 08:07:18.493813','',21,336,319.2,13,1100,1,NULL,NULL,NULL,NULL,NULL,NULL,NULL,NULL,NULL,NULL,NULL,NULL,NULL,NULL,NULL,NULL,NULL),(2118,'2024-02-11','2024-02-12 08:07:18.499729','',21,358,340.1,14,1100,1,NULL,NULL,NULL,NULL,NULL,NULL,NULL,NULL,NULL,NULL,NULL,NULL,NULL,NULL,NULL,NULL,NULL),(2119,'2024-02-11','2024-02-12 08:07:18.504423','',21,529,502.55,15,1050,1,NULL,NULL,NULL,NULL,NULL,NULL,NULL,NULL,NULL,NULL,NULL,NULL,NULL,NULL,NULL,NULL,NULL),(2120,'2024-02-11','2024-02-12 08:07:18.520552','',7,1116,2120.4,16,700,1,NULL,NULL,NULL,NULL,NULL,NULL,NULL,NULL,NULL,NULL,NULL,NULL,NULL,NULL,NULL,NULL,NULL),(2121,'2024-02-11','2024-02-12 08:07:18.529083','',7,8,729.6,17,78,1,NULL,NULL,NULL,NULL,NULL,NULL,NULL,NULL,NULL,NULL,NULL,NULL,NULL,NULL,NULL,NULL,NULL),(2122,'2024-02-11','2024-02-12 08:07:18.534463','',7,8,729.6,18,78,1,NULL,NULL,NULL,NULL,NULL,NULL,NULL,NULL,NULL,NULL,NULL,NULL,NULL,NULL,NULL,NULL,NULL),(2123,'2024-02-11','2024-02-12 08:07:18.541843','',7,8,729.6,19,78,1,NULL,NULL,NULL,NULL,NULL,NULL,NULL,NULL,NULL,NULL,NULL,NULL,NULL,NULL,NULL,NULL,NULL),(2124,'2024-02-11','2024-02-12 08:07:18.552662','',25,86.962,1956.65,3,290,2,NULL,NULL,NULL,NULL,NULL,NULL,NULL,NULL,NULL,NULL,NULL,NULL,NULL,NULL,NULL,NULL,NULL),(2125,'2024-02-11','2024-02-12 08:07:18.559442','',25,78.625,1769.06,4,290,2,NULL,NULL,NULL,NULL,NULL,NULL,NULL,NULL,NULL,NULL,NULL,NULL,NULL,NULL,NULL,NULL,NULL),(2126,'2024-02-11','2024-02-12 08:07:18.566075','',1.7,39.999,1468.76,5,185,2,NULL,NULL,NULL,NULL,NULL,NULL,NULL,NULL,NULL,NULL,NULL,NULL,NULL,NULL,NULL,NULL,NULL),(2127,'2024-02-11','2024-02-12 08:07:18.572113','',21,10.57,390.18,6,24,2,NULL,NULL,NULL,NULL,NULL,NULL,NULL,NULL,NULL,NULL,NULL,NULL,NULL,NULL,NULL,NULL,NULL),(2128,'2024-02-11','2024-02-12 08:07:18.587647','',21,6.88,253.97,7,24,2,NULL,NULL,NULL,NULL,NULL,NULL,NULL,NULL,NULL,NULL,NULL,NULL,NULL,NULL,NULL,NULL,NULL),(2129,'2024-02-11','2024-02-12 08:07:18.595270','',21,10.85,400.52,8,24,2,NULL,NULL,NULL,NULL,NULL,NULL,NULL,NULL,NULL,NULL,NULL,NULL,NULL,NULL,NULL,NULL,NULL),(2130,'2024-02-11','2024-02-12 08:07:18.601049','',21,10.66,393.51,10,24,2,NULL,NULL,NULL,NULL,NULL,NULL,NULL,NULL,NULL,NULL,NULL,NULL,NULL,NULL,NULL,NULL,NULL),(2131,'2024-02-11','2024-02-12 08:07:18.607578','',21,482,457.9,11,24,2,NULL,NULL,NULL,NULL,NULL,NULL,NULL,NULL,NULL,NULL,NULL,NULL,NULL,NULL,NULL,NULL,NULL),(2132,'2024-02-11','2024-02-12 08:07:18.619399','',21,382,362.9,9,1100,2,NULL,NULL,NULL,NULL,NULL,NULL,NULL,NULL,NULL,NULL,NULL,NULL,NULL,NULL,NULL,NULL,NULL),(2133,'2024-02-11','2024-02-12 08:07:18.626398','',21,155,147.25,12,1100,2,NULL,NULL,NULL,NULL,NULL,NULL,NULL,NULL,NULL,NULL,NULL,NULL,NULL,NULL,NULL,NULL,NULL),(2134,'2024-02-11','2024-02-12 08:07:18.633394','',21,370,351.5,13,1100,2,NULL,NULL,NULL,NULL,NULL,NULL,NULL,NULL,NULL,NULL,NULL,NULL,NULL,NULL,NULL,NULL,NULL),(2135,'2024-02-11','2024-02-12 08:07:18.641850','',21,350,332.5,14,1100,2,NULL,NULL,NULL,NULL,NULL,NULL,NULL,NULL,NULL,NULL,NULL,NULL,NULL,NULL,NULL,NULL,NULL),(2136,'2024-02-11','2024-02-12 08:07:18.670097','',21,312,296.4,15,1050,2,NULL,NULL,NULL,NULL,NULL,NULL,NULL,NULL,NULL,NULL,NULL,NULL,NULL,NULL,NULL,NULL,NULL),(2137,'2024-02-11','2024-02-12 08:07:18.763565','',7,1032,1960.8,16,700,2,NULL,NULL,NULL,NULL,NULL,NULL,NULL,NULL,NULL,NULL,NULL,NULL,NULL,NULL,NULL,NULL,NULL),(2138,'2024-02-11','2024-02-12 08:07:18.801763','',7,8,729.6,17,78,2,NULL,NULL,NULL,NULL,NULL,NULL,NULL,NULL,NULL,NULL,NULL,NULL,NULL,NULL,NULL,NULL,NULL),(2139,'2024-02-11','2024-02-12 08:07:18.808979','',7,8,729.6,18,78,2,NULL,NULL,NULL,NULL,NULL,NULL,NULL,NULL,NULL,NULL,NULL,NULL,NULL,NULL,NULL,NULL,NULL),(2140,'2024-02-11','2024-02-12 08:07:18.820510','',7,8,729.6,19,78,2,NULL,NULL,NULL,NULL,NULL,NULL,NULL,NULL,NULL,NULL,NULL,NULL,NULL,NULL,NULL,NULL,NULL),(2141,'2024-02-11','2024-02-12 08:07:18.827873','',25,94.981,2137.07,3,290,3,NULL,NULL,NULL,NULL,NULL,NULL,NULL,NULL,NULL,NULL,NULL,NULL,NULL,NULL,NULL,NULL,NULL),(2142,'2024-02-11','2024-02-12 08:07:18.833869','',25,97.496,2193.66,4,290,3,NULL,NULL,NULL,NULL,NULL,NULL,NULL,NULL,NULL,NULL,NULL,NULL,NULL,NULL,NULL,NULL,NULL),(2143,'2024-02-11','2024-02-12 08:07:18.843262','',1.7,51.984,1908.85,5,185,3,NULL,NULL,NULL,NULL,NULL,NULL,NULL,NULL,NULL,NULL,NULL,NULL,NULL,NULL,NULL,NULL,NULL),(2144,'2024-02-11','2024-02-12 08:07:18.858943','',21,11.21,413.81,6,24,3,NULL,NULL,NULL,NULL,NULL,NULL,NULL,NULL,NULL,NULL,NULL,NULL,NULL,NULL,NULL,NULL,NULL),(2145,'2024-02-11','2024-02-12 08:07:18.865498','',21,10.77,397.57,7,24,3,NULL,NULL,NULL,NULL,NULL,NULL,NULL,NULL,NULL,NULL,NULL,NULL,NULL,NULL,NULL,NULL,NULL),(2146,'2024-02-11','2024-02-12 08:07:18.870700','',21,9.95,367.3,8,24,3,NULL,NULL,NULL,NULL,NULL,NULL,NULL,NULL,NULL,NULL,NULL,NULL,NULL,NULL,NULL,NULL,NULL),(2147,'2024-02-11','2024-02-12 08:07:18.877987','',21,10.93,403.47,10,24,3,NULL,NULL,NULL,NULL,NULL,NULL,NULL,NULL,NULL,NULL,NULL,NULL,NULL,NULL,NULL,NULL,NULL),(2148,'2024-02-11','2024-02-12 08:07:18.897701','',21,0,0,11,24,3,NULL,NULL,NULL,NULL,NULL,NULL,NULL,NULL,NULL,NULL,NULL,NULL,NULL,NULL,NULL,NULL,NULL),(2149,'2024-02-11','2024-02-12 08:07:18.904183','',21,423,401.85,9,1100,3,NULL,NULL,NULL,NULL,NULL,NULL,NULL,NULL,NULL,NULL,NULL,NULL,NULL,NULL,NULL,NULL,NULL),(2150,'2024-02-11','2024-02-12 08:07:18.914160','',21,399,379.05,12,1100,3,NULL,NULL,NULL,NULL,NULL,NULL,NULL,NULL,NULL,NULL,NULL,NULL,NULL,NULL,NULL,NULL,NULL),(2151,'2024-02-11','2024-02-12 08:07:18.920383','',21,327,310.65,13,1100,3,NULL,NULL,NULL,NULL,NULL,NULL,NULL,NULL,NULL,NULL,NULL,NULL,NULL,NULL,NULL,NULL,NULL),(2152,'2024-02-11','2024-02-12 08:07:18.935013','',21,406,385.7,14,1100,3,NULL,NULL,NULL,NULL,NULL,NULL,NULL,NULL,NULL,NULL,NULL,NULL,NULL,NULL,NULL,NULL,NULL),(2153,'2024-02-11','2024-02-12 08:07:18.942586','',21,0,0,15,1050,3,NULL,NULL,NULL,NULL,NULL,NULL,NULL,NULL,NULL,NULL,NULL,NULL,NULL,NULL,NULL,NULL,NULL),(2154,'2024-02-11','2024-02-12 08:07:18.947701','',7,908,1725.2,16,700,3,NULL,NULL,NULL,NULL,NULL,NULL,NULL,NULL,NULL,NULL,NULL,NULL,NULL,NULL,NULL,NULL,NULL),(2155,'2024-02-11','2024-02-12 08:07:18.953147','',7,8,729.6,17,78,3,NULL,NULL,NULL,NULL,NULL,NULL,NULL,NULL,NULL,NULL,NULL,NULL,NULL,NULL,NULL,NULL,NULL),(2156,'2024-02-11','2024-02-12 08:07:18.965601','',7,8,729.6,18,78,3,NULL,NULL,NULL,NULL,NULL,NULL,NULL,NULL,NULL,NULL,NULL,NULL,NULL,NULL,NULL,NULL,NULL),(2157,'2024-02-11','2024-02-12 08:07:18.972818','',7,8,729.6,19,78,3,NULL,NULL,NULL,NULL,NULL,NULL,NULL,NULL,NULL,NULL,NULL,NULL,NULL,NULL,NULL,NULL,NULL),(2158,'2024-02-11','2024-02-12 09:37:36.234028','',0,0,1465.71,22,418,1,0,45000,0,13000,4000,0,0,1465.71,0,0,0,0,0,0,0,0,0),(2159,'2024-02-11','2024-02-12 09:37:36.253648','',0,0,0,20,300,1,0,0,0,0,0,0,0,0,0,0,0,0,0,0,0,0,0),(2160,'2024-02-11','2024-02-12 09:37:36.259552','',0,0,0,21,300,1,0,0,0,0,0,0,0,0,0,0,0,0,0,0,0,0,0),(2161,'2024-02-11','2024-02-12 09:37:36.265426','',0,0,1225.71,22,418,2,0,45000,0,4000,12000,0,0,1225.71,0,0,0,0,0,0,0,0,0),(2162,'2024-02-11','2024-02-12 09:37:36.278465','',0,0,0,20,300,2,0,0,0,0,0,0,0,0,0,0,0,0,0,0,0,0,0),(2163,'2024-02-11','2024-02-12 09:37:36.286372','',0,0,0,21,300,2,0,0,0,0,0,0,0,0,0,0,0,0,0,0,0,0,0),(2164,'2024-02-11','2024-02-12 09:37:36.293075','',0,0,1174.29,22,418,3,0,45000,0,12000,14000,0,0,1174.29,0,0,0,0,0,0,0,0,0),(2165,'2024-02-11','2024-02-12 09:37:36.301156','',0,0,0,20,300,3,0,0,0,0,0,0,0,0,0,0,0,0,0,0,0,0,0),(2166,'2024-02-11','2024-02-12 09:37:36.318572','',0,0,0,21,300,3,0,0,0,0,0,0,0,0,0,0,0,0,0,0,0,0,0),(2167,'2024-02-10','2024-02-12 09:39:25.023957','',0,0,1294.29,22,418,1,0,45000,0,1000,17000,0,0,1294.29,0,0,0,0,0,0,0,0,0),(2168,'2024-02-10','2024-02-12 09:39:25.037826','',0,0,0,20,300,1,0,0,0,0,0,0,0,0,0,0,0,0,0,0,0,0,0),(2169,'2024-02-10','2024-02-12 09:39:25.043848','',0,0,0,21,300,1,0,0,0,0,0,0,0,0,0,0,0,0,0,0,0,0,0),(2170,'2024-02-10','2024-02-12 09:39:25.052453','',0,0,1148.57,22,418,2,0,45000,0,17000,16000,0,0,1148.57,0,0,0,0,0,0,0,0,0),(2171,'2024-02-10','2024-02-12 09:39:25.059263','',0,0,0,20,300,2,0,0,0,0,0,0,0,0,0,0,0,0,0,0,0,0,0),(2172,'2024-02-10','2024-02-12 09:39:25.080167','',0,0,0,21,300,2,0,0,0,0,0,0,0,0,0,0,0,0,0,0,0,0,0),(2173,'2024-02-10','2024-02-12 09:39:25.087147','',0,0,128.57,22,418,3,0,4500,0,16000,13000,0,0,128.57,0,0,0,0,0,0,0,0,0),(2174,'2024-02-10','2024-02-12 09:39:25.093437','',0,0,0,20,300,3,0,0,0,0,0,0,0,0,0,0,0,0,0,0,0,0,0),(2175,'2024-02-10','2024-02-12 09:39:25.113529','',0,0,0,21,300,3,0,0,0,0,0,0,0,0,0,0,0,0,0,0,0,0,0),(2176,'2024-02-12','2024-02-13 07:50:40.134574','',0,0,1577.14,22,418,1,0,45000,0,14000,18000,0,0,1577.14,0,0,0,0,0,0,0,0,0),(2177,'2024-02-12','2024-02-13 07:50:40.143361','',0,0,0,20,300,1,0,0,0,0,0,0,0,0,0,0,0,0,0,0,0,0,0),(2178,'2024-02-12','2024-02-13 07:50:40.149668','',0,0,0,21,300,1,0,0,0,0,0,0,0,0,0,0,0,0,0,0,0,0,0),(2179,'2024-02-12','2024-02-13 07:50:40.158741','',0,0,1037.14,22,418,2,0,45000,0,18000,4000,0,0,1037.14,0,0,0,0,0,0,0,0,0),(2180,'2024-02-12','2024-02-13 07:50:40.171949','',0,0,0,20,300,2,0,0,0,0,0,0,0,0,0,0,0,0,0,0,0,0,0),(2181,'2024-02-12','2024-02-13 07:50:40.178576','',0,0,0,21,300,2,0,0,0,0,0,0,0,0,0,0,0,0,0,0,0,0,0),(2182,'2024-02-12','2024-02-13 07:50:40.184775','',0,0,1217.14,22,418,3,0,45000,0,4000,11000,0,0,1217.14,0,0,0,0,0,0,0,0,0),(2183,'2024-02-12','2024-02-13 07:50:40.193428','',0,0,0,20,300,3,0,0,0,0,0,0,0,0,0,0,0,0,0,0,0,0,0),(2184,'2024-02-12','2024-02-13 07:50:40.200842','',0,0,0,21,300,3,0,0,0,0,0,0,0,0,0,0,0,0,0,0,0,0,0),(2185,'2024-02-12','2024-02-13 08:23:23.788387','',25,76.242,1715.45,3,290,1,NULL,NULL,NULL,NULL,NULL,NULL,NULL,NULL,NULL,NULL,NULL,NULL,NULL,NULL,NULL,NULL,NULL),(2186,'2024-02-12','2024-02-13 08:23:23.794771','',25,80.425,1809.56,4,290,1,NULL,NULL,NULL,NULL,NULL,NULL,NULL,NULL,NULL,NULL,NULL,NULL,NULL,NULL,NULL,NULL,NULL),(2187,'2024-02-12','2024-02-13 08:23:23.800883','',1.7,47.34,1738.32,5,185,1,NULL,NULL,NULL,NULL,NULL,NULL,NULL,NULL,NULL,NULL,NULL,NULL,NULL,NULL,NULL,NULL,NULL),(2188,'2024-02-12','2024-02-13 08:23:23.806204','',21,10.25,378.37,6,24,1,NULL,NULL,NULL,NULL,NULL,NULL,NULL,NULL,NULL,NULL,NULL,NULL,NULL,NULL,NULL,NULL,NULL),(2189,'2024-02-12','2024-02-13 08:23:23.811200','',21,9.19,339.24,7,24,1,NULL,NULL,NULL,NULL,NULL,NULL,NULL,NULL,NULL,NULL,NULL,NULL,NULL,NULL,NULL,NULL,NULL),(2190,'2024-02-12','2024-02-13 08:23:23.817198','',21,0,0,8,24,1,NULL,NULL,NULL,NULL,NULL,NULL,NULL,NULL,NULL,NULL,NULL,NULL,NULL,NULL,NULL,NULL,NULL),(2191,'2024-02-12','2024-02-13 08:23:23.825089','',21,10.56,389.81,10,24,1,NULL,NULL,NULL,NULL,NULL,NULL,NULL,NULL,NULL,NULL,NULL,NULL,NULL,NULL,NULL,NULL,NULL),(2192,'2024-02-12','2024-02-13 08:23:23.838900','',21,554,526.3,11,24,1,NULL,NULL,NULL,NULL,NULL,NULL,NULL,NULL,NULL,NULL,NULL,NULL,NULL,NULL,NULL,NULL,NULL),(2193,'2024-02-12','2024-02-13 08:23:23.843897','',21,396,376.2,9,1100,1,NULL,NULL,NULL,NULL,NULL,NULL,NULL,NULL,NULL,NULL,NULL,NULL,NULL,NULL,NULL,NULL,NULL),(2194,'2024-02-12','2024-02-13 08:23:23.848893','',21,336,319.2,12,1100,1,NULL,NULL,NULL,NULL,NULL,NULL,NULL,NULL,NULL,NULL,NULL,NULL,NULL,NULL,NULL,NULL,NULL),(2195,'2024-02-12','2024-02-13 08:23:23.855091','',21,0,0,13,1100,1,NULL,NULL,NULL,NULL,NULL,NULL,NULL,NULL,NULL,NULL,NULL,NULL,NULL,NULL,NULL,NULL,NULL),(2196,'2024-02-12','2024-02-13 08:23:23.860087','',21,330,313.5,14,1100,1,NULL,NULL,NULL,NULL,NULL,NULL,NULL,NULL,NULL,NULL,NULL,NULL,NULL,NULL,NULL,NULL,NULL),(2197,'2024-02-12','2024-02-13 08:23:23.866084','',21,404,383.8,15,1050,1,NULL,NULL,NULL,NULL,NULL,NULL,NULL,NULL,NULL,NULL,NULL,NULL,NULL,NULL,NULL,NULL,NULL),(2198,'2024-02-12','2024-02-13 08:23:23.883295','',7,1026,1949.4,16,700,1,NULL,NULL,NULL,NULL,NULL,NULL,NULL,NULL,NULL,NULL,NULL,NULL,NULL,NULL,NULL,NULL,NULL),(2199,'2024-02-12','2024-02-13 08:23:23.888560','',7,7,638.4,17,78,1,NULL,NULL,NULL,NULL,NULL,NULL,NULL,NULL,NULL,NULL,NULL,NULL,NULL,NULL,NULL,NULL,NULL),(2200,'2024-02-12','2024-02-13 08:23:23.893557','',7,4,364.8,18,78,1,NULL,NULL,NULL,NULL,NULL,NULL,NULL,NULL,NULL,NULL,NULL,NULL,NULL,NULL,NULL,NULL,NULL),(2201,'2024-02-12','2024-02-13 08:23:23.898555','',7,4,364.8,19,78,1,NULL,NULL,NULL,NULL,NULL,NULL,NULL,NULL,NULL,NULL,NULL,NULL,NULL,NULL,NULL,NULL,NULL),(2202,'2024-02-12','2024-02-13 08:23:23.904814','',25,104.625,2354.06,3,290,2,NULL,NULL,NULL,NULL,NULL,NULL,NULL,NULL,NULL,NULL,NULL,NULL,NULL,NULL,NULL,NULL,NULL),(2203,'2024-02-12','2024-02-13 08:23:23.909809','',25,105.204,2367.09,4,290,2,NULL,NULL,NULL,NULL,NULL,NULL,NULL,NULL,NULL,NULL,NULL,NULL,NULL,NULL,NULL,NULL,NULL),(2204,'2024-02-12','2024-02-13 08:23:23.914806','',1.7,61.282,2250.28,5,185,2,NULL,NULL,NULL,NULL,NULL,NULL,NULL,NULL,NULL,NULL,NULL,NULL,NULL,NULL,NULL,NULL,NULL),(2205,'2024-02-12','2024-02-13 08:23:23.922905','',21,10.46,386.12,6,24,2,NULL,NULL,NULL,NULL,NULL,NULL,NULL,NULL,NULL,NULL,NULL,NULL,NULL,NULL,NULL,NULL,NULL),(2206,'2024-02-12','2024-02-13 08:23:23.927901','',21,10.36,382.43,7,24,2,NULL,NULL,NULL,NULL,NULL,NULL,NULL,NULL,NULL,NULL,NULL,NULL,NULL,NULL,NULL,NULL,NULL),(2207,'2024-02-12','2024-02-13 08:23:23.933922','',21,8.41,310.45,8,24,2,NULL,NULL,NULL,NULL,NULL,NULL,NULL,NULL,NULL,NULL,NULL,NULL,NULL,NULL,NULL,NULL,NULL),(2208,'2024-02-12','2024-02-13 08:23:23.938874','',21,9.64,355.85,10,24,2,NULL,NULL,NULL,NULL,NULL,NULL,NULL,NULL,NULL,NULL,NULL,NULL,NULL,NULL,NULL,NULL,NULL),(2209,'2024-02-12','2024-02-13 08:23:23.944870','',21,633,601.35,11,24,2,NULL,NULL,NULL,NULL,NULL,NULL,NULL,NULL,NULL,NULL,NULL,NULL,NULL,NULL,NULL,NULL,NULL),(2210,'2024-02-12','2024-02-13 08:23:23.953398','',21,387,367.65,9,1100,2,NULL,NULL,NULL,NULL,NULL,NULL,NULL,NULL,NULL,NULL,NULL,NULL,NULL,NULL,NULL,NULL,NULL),(2211,'2024-02-12','2024-02-13 08:23:23.958396','',21,386,366.7,12,1100,2,NULL,NULL,NULL,NULL,NULL,NULL,NULL,NULL,NULL,NULL,NULL,NULL,NULL,NULL,NULL,NULL,NULL),(2212,'2024-02-12','2024-02-13 08:23:23.964393','',21,168,159.6,13,1100,2,NULL,NULL,NULL,NULL,NULL,NULL,NULL,NULL,NULL,NULL,NULL,NULL,NULL,NULL,NULL,NULL,NULL),(2213,'2024-02-12','2024-02-13 08:23:23.971362','',21,194,184.3,14,1100,2,NULL,NULL,NULL,NULL,NULL,NULL,NULL,NULL,NULL,NULL,NULL,NULL,NULL,NULL,NULL,NULL,NULL),(2214,'2024-02-12','2024-02-13 08:23:23.976359','',21,616,585.2,15,1050,2,NULL,NULL,NULL,NULL,NULL,NULL,NULL,NULL,NULL,NULL,NULL,NULL,NULL,NULL,NULL,NULL,NULL),(2215,'2024-02-12','2024-02-13 08:23:23.982355','',7,1010,1919,16,700,2,NULL,NULL,NULL,NULL,NULL,NULL,NULL,NULL,NULL,NULL,NULL,NULL,NULL,NULL,NULL,NULL,NULL),(2216,'2024-02-12','2024-02-13 08:23:23.987545','',7,5,456,17,78,2,NULL,NULL,NULL,NULL,NULL,NULL,NULL,NULL,NULL,NULL,NULL,NULL,NULL,NULL,NULL,NULL,NULL),(2217,'2024-02-12','2024-02-13 08:23:23.992542','',7,8,729.6,18,78,2,NULL,NULL,NULL,NULL,NULL,NULL,NULL,NULL,NULL,NULL,NULL,NULL,NULL,NULL,NULL,NULL,NULL),(2218,'2024-02-12','2024-02-13 08:23:23.998537','',7,8,729.6,19,78,2,NULL,NULL,NULL,NULL,NULL,NULL,NULL,NULL,NULL,NULL,NULL,NULL,NULL,NULL,NULL,NULL,NULL),(2219,'2024-02-12','2024-02-13 08:23:24.005452','',25,106.675,2400.19,3,290,3,NULL,NULL,NULL,NULL,NULL,NULL,NULL,NULL,NULL,NULL,NULL,NULL,NULL,NULL,NULL,NULL,NULL),(2220,'2024-02-12','2024-02-13 08:23:24.012449','',25,98.788,2222.73,4,290,3,NULL,NULL,NULL,NULL,NULL,NULL,NULL,NULL,NULL,NULL,NULL,NULL,NULL,NULL,NULL,NULL,NULL),(2221,'2024-02-12','2024-02-13 08:23:24.018780','',1.7,53.819,1976.23,5,185,3,NULL,NULL,NULL,NULL,NULL,NULL,NULL,NULL,NULL,NULL,NULL,NULL,NULL,NULL,NULL,NULL,NULL),(2222,'2024-02-12','2024-02-13 08:23:24.024662','',21,11.15,411.59,6,24,3,NULL,NULL,NULL,NULL,NULL,NULL,NULL,NULL,NULL,NULL,NULL,NULL,NULL,NULL,NULL,NULL,NULL),(2223,'2024-02-12','2024-02-13 08:23:24.029659','',21,10.89,402,7,24,3,NULL,NULL,NULL,NULL,NULL,NULL,NULL,NULL,NULL,NULL,NULL,NULL,NULL,NULL,NULL,NULL,NULL),(2224,'2024-02-12','2024-02-13 08:23:24.035835','',21,9.86,363.97,8,24,3,NULL,NULL,NULL,NULL,NULL,NULL,NULL,NULL,NULL,NULL,NULL,NULL,NULL,NULL,NULL,NULL,NULL),(2225,'2024-02-12','2024-02-13 08:23:24.041833','',21,0,0,10,24,3,NULL,NULL,NULL,NULL,NULL,NULL,NULL,NULL,NULL,NULL,NULL,NULL,NULL,NULL,NULL,NULL,NULL),(2226,'2024-02-12','2024-02-13 08:23:24.046829','',21,660,627,11,24,3,NULL,NULL,NULL,NULL,NULL,NULL,NULL,NULL,NULL,NULL,NULL,NULL,NULL,NULL,NULL,NULL,NULL),(2227,'2024-02-12','2024-02-13 08:23:24.053130','',21,414,393.3,9,1100,3,NULL,NULL,NULL,NULL,NULL,NULL,NULL,NULL,NULL,NULL,NULL,NULL,NULL,NULL,NULL,NULL,NULL),(2228,'2024-02-12','2024-02-13 08:23:24.059127','',21,10.89,10.35,12,1100,3,NULL,NULL,NULL,NULL,NULL,NULL,NULL,NULL,NULL,NULL,NULL,NULL,NULL,NULL,NULL,NULL,NULL),(2229,'2024-02-12','2024-02-13 08:23:24.064123','',21,419,398.05,13,1100,3,NULL,NULL,NULL,NULL,NULL,NULL,NULL,NULL,NULL,NULL,NULL,NULL,NULL,NULL,NULL,NULL,NULL),(2230,'2024-02-12','2024-02-13 08:23:24.071250','',21,25,23.75,14,1100,3,NULL,NULL,NULL,NULL,NULL,NULL,NULL,NULL,NULL,NULL,NULL,NULL,NULL,NULL,NULL,NULL,NULL),(2231,'2024-02-12','2024-02-13 08:23:24.078207','',21,635,603.25,15,1050,3,NULL,NULL,NULL,NULL,NULL,NULL,NULL,NULL,NULL,NULL,NULL,NULL,NULL,NULL,NULL,NULL,NULL),(2232,'2024-02-12','2024-02-13 08:23:24.083204','',7,1055,2004.5,16,700,3,NULL,NULL,NULL,NULL,NULL,NULL,NULL,NULL,NULL,NULL,NULL,NULL,NULL,NULL,NULL,NULL,NULL),(2233,'2024-02-12','2024-02-13 08:23:24.091173','',7,8,729.6,17,78,3,NULL,NULL,NULL,NULL,NULL,NULL,NULL,NULL,NULL,NULL,NULL,NULL,NULL,NULL,NULL,NULL,NULL),(2234,'2024-02-12','2024-02-13 08:23:24.096169','',7,8,729.6,18,78,3,NULL,NULL,NULL,NULL,NULL,NULL,NULL,NULL,NULL,NULL,NULL,NULL,NULL,NULL,NULL,NULL,NULL),(2235,'2024-02-12','2024-02-13 08:23:24.102288','',7,8,729.6,19,78,3,NULL,NULL,NULL,NULL,NULL,NULL,NULL,NULL,NULL,NULL,NULL,NULL,NULL,NULL,NULL,NULL,NULL),(2236,'2024-01-23','2024-02-13 10:06:04.415706','',0,0,1508.57,22,418,1,4,45000,0,9000,5000,0,0,1508.57,0,0,0,0,0,0,0,0,0),(2237,'2024-01-23','2024-02-13 10:06:04.429450','',0,0,297.66,20,300,1,0,4700,0,13548,13572,100,136,297.66,5800,2695,3044,2158,2702,3662,5070,0,0),(2238,'2024-01-23','2024-02-13 10:06:04.436445','',0,0,373.41,21,300,1,0,4700,0,11072,11108,28688,28728,373.41,5800,570,5331,3716,1649,5284,3450,0,0),(2239,'2024-01-23','2024-02-13 10:06:04.443921','',0,0,1208.57,22,418,2,3,45000,0,5000,11000,0,0,1208.57,5800,2080,4956,2002,1808,3284,1987,0,0),(2240,'2024-01-23','2024-02-13 10:06:04.449918','',0,0,347.27,20,300,2,0,4700,0,46336,46372,136,172,347.27,5800,705,646,1217,122,2722,5539,0,0),(2241,'2024-01-23','2024-02-13 10:06:04.455914','',0,0,351.46,21,300,2,0,4700,0,11108,11144,28728,28764,351.46,5800,2080,4956,2002,1808,3284,1987,0,0),(2242,'2024-01-23','2024-02-13 10:06:04.463284','',0,0,1551.43,22,418,3,4,45000,0,11000,12000,0,0,1551.43,0,0,0,0,0,0,0,0,0),(2243,'2024-01-23','2024-02-13 10:06:04.469281','',0,0,347.86,20,300,3,0,4700,0,46372,46404,172,212,347.86,5800,2723,4361,1526,10,2100,953,0,0),(2244,'2024-01-23','2024-02-13 10:06:04.478813','',0,0,355.04,21,300,3,0,4700,0,11144,11180,28764,28800,355.04,5800,3571,3354,2754,3182,4118,3555,0,0),(2245,'2024-01-24','2024-02-13 10:38:58.534240','',0,0,1500,22,418,1,4,45000,0,12000,7000,0,0,1500,0,0,0,0,0,0,0,0,0),(2246,'2024-01-24','2024-02-13 10:38:58.541929','',0,0,391.68,20,300,1,0,4700,0,46404,46444,32976,33016,391.68,5800,5254,0,4312,4204,2092,3485,0,0),(2247,'2024-01-24','2024-02-13 10:38:58.548012','',0,0,414.21,21,300,1,0,4700,0,11220,11260,28836,28880,414.21,5800,4758,4228,2551,4820,3126,4475,0,0),(2248,'2024-01-24','2024-02-13 10:38:58.554665','',0,0,1097.14,22,418,2,3,45000,0,7000,0,0,0,1097.14,0,0,0,0,0,0,0,0,0),(2249,'2024-01-24','2024-02-13 10:38:58.563586','',0,0,367.06,20,300,2,0,4700,0,46444,46488,33016,33048,367.06,5800,388,656,161,5840,2025,3096,0,0),(2250,'2024-01-24','2024-02-13 10:38:58.570905','',0,0,398.82,21,300,2,0,4700,0,11220,11260,28836,28880,398.82,5800,206,349,319,330,3566,188,0,0),(2251,'2024-01-24','2024-02-13 10:38:58.577449','',0,0,1320,22,418,3,3,45000,0,0,19000,0,0,1320,0,0,0,0,0,0,0,0,0),(2252,'2024-01-24','2024-02-13 10:38:58.583238','',0,0,312.91,20,300,3,0,4700,0,46488,46516,33048,33084,312.91,5800,4525,2744,142,3028,1251,3258,0,0),(2253,'2024-01-24','2024-02-13 10:38:58.589466','',0,0,299.57,21,300,3,0,4700,0,11260,11288,28880,28912,299.57,5800,4817,1096,6151,4271,3062,2284,0,0),(2254,'2024-01-25','2024-02-13 12:10:01.246510','',0,0,1542.86,22,418,1,0,45000,0,19000,19000,0,0,1542.86,0,0,0,0,0,0,0,0,0),(2255,'2024-01-25','2024-02-13 12:10:01.254299','',0,0,368.89,20,300,1,0,4700,0,46516,46556,33084,33120,368.89,5800,4100,2276,2382,548,5125,0,0,0),(2256,'2024-01-25','2024-02-13 12:10:01.261700','',0,0,406.16,21,300,1,0,4700,0,11288,11332,28912,28952,406.16,5800,711,2718,163,555,4581,5293,0,0),(2257,'2024-01-25','2024-02-13 12:10:01.268197','',0,0,1517.14,22,418,2,0,45000,0,19000,16000,0,0,1517.14,0,0,0,0,0,0,0,0,0),(2258,'2024-01-25','2024-02-13 12:10:01.274057','',0,0,385.09,20,300,2,0,4700,0,46556,46596,33120,33160,385.09,5800,1454,176,4628,2734,970,1253,0,0),(2259,'2024-01-25','2024-02-13 12:10:01.280393','',0,0,371.83,21,300,2,0,4700,0,11332,11368,28952,28992,371.83,5800,2062,4976,1572,2534,5619,1289,0,0),(2260,'2024-01-25','2024-02-13 12:10:01.287439','',0,0,1491.43,22,418,3,0,45000,0,16000,10000,0,0,1491.43,0,0,0,0,0,0,0,0,0),(2261,'2024-01-25','2024-02-13 12:10:01.294949','',0,0,331.28,20,300,3,0,4700,0,46596,46628,33160,33196,331.28,5800,785,3696,888,1376,5858,1806,0,0),(2262,'2024-01-25','2024-02-13 12:10:01.302109','',0,0,0,21,300,3,0,4700,0,0,0,0,0,0,0,0,0,0,0,0,0,0,0),(2263,'2024-01-26','2024-02-13 12:24:08.976278','',0,0,1482.86,22,418,1,0,45000,0,10000,3000,0,0,1482.86,0,0,0,0,0,0,0,0,0),(2264,'2024-01-26','2024-02-13 12:24:08.984274','',0,0,328.74,20,300,1,0,4700,0,46628,46664,33196,33228,328.74,5800,695,1171,3550,4602,1263,0,0,0),(2265,'2024-01-26','2024-02-13 12:24:08.992727','',0,0,356.53,21,300,1,0,4700,0,11368,11404,28992,29028,356.53,5800,4314,3869,2370,4124,5374,2318,0,0),(2266,'2024-01-26','2024-02-13 12:24:08.998853','',0,0,1311.43,22,418,2,0,45000,0,3000,21000,0,0,1311.43,0,0,0,0,0,0,0,0,0),(2267,'2024-01-26','2024-02-13 12:24:09.004668','',0,0,370.28,20,300,2,0,4700,0,46664,46704,33228,33264,370.28,5800,3391,3655,157,4721,153,4068,0,0),(2268,'2024-01-26','2024-02-13 12:24:09.010729','',0,0,424.85,21,300,2,0,4700,0,11404,11448,29028,29072,424.85,5800,741,135,5087,468,1745,5707,0,0),(2269,'2024-01-26','2024-02-13 12:24:09.016980','',0,0,994.29,22,418,3,0,45000,0,21000,2000,0,0,994.29,0,0,0,0,0,0,0,0,0),(2270,'2024-01-26','2024-02-13 12:24:09.025324','',0,0,190.84,20,300,3,0,4700,0,46704,46724,33264,33284,190.84,5800,472,520,1048,24,547,888,0,0),(2271,'2024-01-26','2024-02-13 12:24:09.036951','',0,0,231.89,21,300,3,0,4700,0,11448,11472,29072,29096,231.89,5800,458,810,848,391,4552,707,0,0),(2272,'2024-01-27','2024-02-13 12:37:44.602566','',0,0,1508.57,22,418,1,0,45000,0,4000,0,0,0,1508.57,0,0,0,0,0,0,0,0,0),(2273,'2024-01-27','2024-02-13 12:37:44.609562','',0,0,387.53,20,300,1,0,4700,0,46792,46832,33356,33396,387.53,5800,168,3840,4885,1070,3009,1255,0,0),(2274,'2024-01-27','2024-02-13 12:37:44.616558','',0,0,389.68,21,300,1,0,4700,0,11548,11584,29172,29216,389.68,5800,4446,5222,4287,673,2252,0,0,0),(2275,'2024-01-27','2024-02-13 12:37:44.622939','',0,0,1268.57,22,418,2,0,45000,0,2000,15000,0,0,1268.57,0,0,0,0,0,0,0,0,0),(2276,'2024-01-27','2024-02-13 12:37:44.631000','',0,0,346.06,20,300,2,0,4700,0,46724,46760,33284,33320,346.06,5800,1846,1816,1623,1088,1601,1479,0,0),(2277,'2024-01-27','2024-02-13 12:37:44.637414','',0,0,374.3,21,300,2,0,4700,0,11472,11508,29096,29136,374.3,5800,4114,3571,3885,3358,2088,4088,0,0),(2278,'2024-01-27','2024-02-13 12:37:44.643614','',0,0,1594.29,22,418,3,0,45000,0,10000,16000,0,0,1594.29,0,0,0,0,0,0,0,0,0),(2279,'2024-01-27','2024-02-13 12:37:44.650638','',0,0,331.85,20,300,3,0,4700,0,46760,46792,33320,33356,331.85,5800,2101,3214,2022,435,3343,3997,0,0),(2280,'2024-01-27','2024-02-13 12:37:44.656198','',0,0,371.15,21,300,3,0,4700,0,11508,11548,29136,29172,371.15,5800,1168,2985,3892,398,3871,4901,0,0),(2281,'2024-02-13','2024-02-14 07:28:52.026883','',25,77.626,1746.59,3,290,1,NULL,NULL,NULL,NULL,NULL,NULL,NULL,NULL,NULL,NULL,NULL,NULL,NULL,NULL,NULL,NULL,NULL),(2282,'2024-02-13','2024-02-14 07:28:52.034509','',25,89.326,2009.83,4,290,1,NULL,NULL,NULL,NULL,NULL,NULL,NULL,NULL,NULL,NULL,NULL,NULL,NULL,NULL,NULL,NULL,NULL),(2283,'2024-02-13','2024-02-14 07:28:52.041068','',1.7,59.786,2195.34,5,185,1,NULL,NULL,NULL,NULL,NULL,NULL,NULL,NULL,NULL,NULL,NULL,NULL,NULL,NULL,NULL,NULL,NULL),(2284,'2024-02-13','2024-02-14 07:28:52.048236','',21,10.4,383.91,6,24,1,NULL,NULL,NULL,NULL,NULL,NULL,NULL,NULL,NULL,NULL,NULL,NULL,NULL,NULL,NULL,NULL,NULL),(2285,'2024-02-13','2024-02-14 07:28:52.053893','',21,10.52,388.34,7,24,1,NULL,NULL,NULL,NULL,NULL,NULL,NULL,NULL,NULL,NULL,NULL,NULL,NULL,NULL,NULL,NULL,NULL),(2286,'2024-02-13','2024-02-14 07:28:52.059274','',21,10.27,379.11,8,24,1,NULL,NULL,NULL,NULL,NULL,NULL,NULL,NULL,NULL,NULL,NULL,NULL,NULL,NULL,NULL,NULL,NULL),(2287,'2024-02-13','2024-02-14 07:28:52.065244','',21,6.66,245.85,10,24,1,NULL,NULL,NULL,NULL,NULL,NULL,NULL,NULL,NULL,NULL,NULL,NULL,NULL,NULL,NULL,NULL,NULL),(2288,'2024-02-13','2024-02-14 07:28:52.073440','',21,635,603.25,11,24,1,NULL,NULL,NULL,NULL,NULL,NULL,NULL,NULL,NULL,NULL,NULL,NULL,NULL,NULL,NULL,NULL,NULL),(2289,'2024-02-13','2024-02-14 07:28:52.079438','',21,401,380.95,9,1100,1,NULL,NULL,NULL,NULL,NULL,NULL,NULL,NULL,NULL,NULL,NULL,NULL,NULL,NULL,NULL,NULL,NULL),(2290,'2024-02-13','2024-02-14 07:28:52.085428','',21,380,361,12,1100,1,NULL,NULL,NULL,NULL,NULL,NULL,NULL,NULL,NULL,NULL,NULL,NULL,NULL,NULL,NULL,NULL,NULL),(2291,'2024-02-13','2024-02-14 07:28:52.091726','',21,367,348.65,13,1100,1,NULL,NULL,NULL,NULL,NULL,NULL,NULL,NULL,NULL,NULL,NULL,NULL,NULL,NULL,NULL,NULL,NULL),(2292,'2024-02-13','2024-02-14 07:28:52.097569','',21,118,112.1,14,1100,1,NULL,NULL,NULL,NULL,NULL,NULL,NULL,NULL,NULL,NULL,NULL,NULL,NULL,NULL,NULL,NULL,NULL),(2293,'2024-02-13','2024-02-14 07:28:52.105684','',21,620,589,15,1050,1,NULL,NULL,NULL,NULL,NULL,NULL,NULL,NULL,NULL,NULL,NULL,NULL,NULL,NULL,NULL,NULL,NULL),(2294,'2024-02-13','2024-02-14 07:28:52.111945','',7,966,1835.4,16,700,1,NULL,NULL,NULL,NULL,NULL,NULL,NULL,NULL,NULL,NULL,NULL,NULL,NULL,NULL,NULL,NULL,NULL),(2295,'2024-02-13','2024-02-14 07:28:52.118292','',7,7,638.4,17,78,1,NULL,NULL,NULL,NULL,NULL,NULL,NULL,NULL,NULL,NULL,NULL,NULL,NULL,NULL,NULL,NULL,NULL),(2296,'2024-02-13','2024-02-14 07:28:52.124663','',7,8,729.6,18,78,1,NULL,NULL,NULL,NULL,NULL,NULL,NULL,NULL,NULL,NULL,NULL,NULL,NULL,NULL,NULL,NULL,NULL),(2297,'2024-02-13','2024-02-14 07:28:52.129777','',7,8,729.6,19,78,1,NULL,NULL,NULL,NULL,NULL,NULL,NULL,NULL,NULL,NULL,NULL,NULL,NULL,NULL,NULL,NULL,NULL),(2298,'2024-02-13','2024-02-14 07:28:52.137874','',25,111.842,2516.45,3,290,2,NULL,NULL,NULL,NULL,NULL,NULL,NULL,NULL,NULL,NULL,NULL,NULL,NULL,NULL,NULL,NULL,NULL),(2299,'2024-02-13','2024-02-14 07:28:52.143697','',25,108.667,2445.01,4,290,2,NULL,NULL,NULL,NULL,NULL,NULL,NULL,NULL,NULL,NULL,NULL,NULL,NULL,NULL,NULL,NULL,NULL),(2300,'2024-02-13','2024-02-14 07:28:52.150018','',1.7,61.466,2257.03,5,185,2,NULL,NULL,NULL,NULL,NULL,NULL,NULL,NULL,NULL,NULL,NULL,NULL,NULL,NULL,NULL,NULL,NULL),(2301,'2024-02-13','2024-02-14 07:28:52.157983','',21,10.82,399.41,6,24,2,NULL,NULL,NULL,NULL,NULL,NULL,NULL,NULL,NULL,NULL,NULL,NULL,NULL,NULL,NULL,NULL,NULL),(2302,'2024-02-13','2024-02-14 07:28:52.163924','',21,10.92,403.1,7,24,2,NULL,NULL,NULL,NULL,NULL,NULL,NULL,NULL,NULL,NULL,NULL,NULL,NULL,NULL,NULL,NULL,NULL),(2303,'2024-02-13','2024-02-14 07:28:52.168666','',21,10.8,398.67,8,24,2,NULL,NULL,NULL,NULL,NULL,NULL,NULL,NULL,NULL,NULL,NULL,NULL,NULL,NULL,NULL,NULL,NULL),(2304,'2024-02-13','2024-02-14 07:28:52.174642','',21,9.38,346.26,10,24,2,NULL,NULL,NULL,NULL,NULL,NULL,NULL,NULL,NULL,NULL,NULL,NULL,NULL,NULL,NULL,NULL,NULL),(2305,'2024-02-13','2024-02-14 07:28:52.180638','',21,667,633.65,11,24,2,NULL,NULL,NULL,NULL,NULL,NULL,NULL,NULL,NULL,NULL,NULL,NULL,NULL,NULL,NULL,NULL,NULL),(2306,'2024-02-13','2024-02-14 07:28:52.185634','',21,417,396.15,9,1100,2,NULL,NULL,NULL,NULL,NULL,NULL,NULL,NULL,NULL,NULL,NULL,NULL,NULL,NULL,NULL,NULL,NULL),(2307,'2024-02-13','2024-02-14 07:28:52.191335','',21,397,377.15,12,1100,2,NULL,NULL,NULL,NULL,NULL,NULL,NULL,NULL,NULL,NULL,NULL,NULL,NULL,NULL,NULL,NULL,NULL),(2308,'2024-02-13','2024-02-14 07:28:52.196332','',21,414,393.3,13,1100,2,NULL,NULL,NULL,NULL,NULL,NULL,NULL,NULL,NULL,NULL,NULL,NULL,NULL,NULL,NULL,NULL,NULL),(2309,'2024-02-13','2024-02-14 07:28:52.202329','',21,313,297.35,14,1100,2,NULL,NULL,NULL,NULL,NULL,NULL,NULL,NULL,NULL,NULL,NULL,NULL,NULL,NULL,NULL,NULL,NULL),(2310,'2024-02-13','2024-02-14 07:28:52.208004','',21,648,615.6,15,1050,2,NULL,NULL,NULL,NULL,NULL,NULL,NULL,NULL,NULL,NULL,NULL,NULL,NULL,NULL,NULL,NULL,NULL),(2311,'2024-02-13','2024-02-14 07:28:52.222412','',7,1142,2169.8,16,700,2,NULL,NULL,NULL,NULL,NULL,NULL,NULL,NULL,NULL,NULL,NULL,NULL,NULL,NULL,NULL,NULL,NULL),(2312,'2024-02-13','2024-02-14 07:28:52.227410','',7,7,638.4,17,78,2,NULL,NULL,NULL,NULL,NULL,NULL,NULL,NULL,NULL,NULL,NULL,NULL,NULL,NULL,NULL,NULL,NULL),(2313,'2024-02-13','2024-02-14 07:28:52.234405','',7,8,729.6,18,78,2,NULL,NULL,NULL,NULL,NULL,NULL,NULL,NULL,NULL,NULL,NULL,NULL,NULL,NULL,NULL,NULL,NULL),(2314,'2024-02-13','2024-02-14 07:28:52.240103','',7,8,729.6,19,78,2,NULL,NULL,NULL,NULL,NULL,NULL,NULL,NULL,NULL,NULL,NULL,NULL,NULL,NULL,NULL,NULL,NULL),(2315,'2024-02-13','2024-02-14 07:28:52.246099','',25,113.994,2564.86,3,290,3,NULL,NULL,NULL,NULL,NULL,NULL,NULL,NULL,NULL,NULL,NULL,NULL,NULL,NULL,NULL,NULL,NULL),(2316,'2024-02-13','2024-02-14 07:28:52.251096','',25,86.09,1937.03,4,290,3,NULL,NULL,NULL,NULL,NULL,NULL,NULL,NULL,NULL,NULL,NULL,NULL,NULL,NULL,NULL,NULL,NULL),(2317,'2024-02-13','2024-02-14 07:28:52.257432','',1.7,51.109,1876.72,5,185,3,NULL,NULL,NULL,NULL,NULL,NULL,NULL,NULL,NULL,NULL,NULL,NULL,NULL,NULL,NULL,NULL,NULL),(2318,'2024-02-13','2024-02-14 07:28:52.262430','',21,10.66,393.51,6,24,3,NULL,NULL,NULL,NULL,NULL,NULL,NULL,NULL,NULL,NULL,NULL,NULL,NULL,NULL,NULL,NULL,NULL),(2319,'2024-02-13','2024-02-14 07:28:52.267427','',21,10.68,394.24,7,24,3,NULL,NULL,NULL,NULL,NULL,NULL,NULL,NULL,NULL,NULL,NULL,NULL,NULL,NULL,NULL,NULL,NULL),(2320,'2024-02-13','2024-02-14 07:28:52.274063','',21,10.81,399.04,8,24,3,NULL,NULL,NULL,NULL,NULL,NULL,NULL,NULL,NULL,NULL,NULL,NULL,NULL,NULL,NULL,NULL,NULL),(2321,'2024-02-13','2024-02-14 07:28:52.280060','',21,10.11,373.2,10,24,3,NULL,NULL,NULL,NULL,NULL,NULL,NULL,NULL,NULL,NULL,NULL,NULL,NULL,NULL,NULL,NULL,NULL),(2322,'2024-02-13','2024-02-14 07:28:52.285065','',21,653,620.35,11,24,3,NULL,NULL,NULL,NULL,NULL,NULL,NULL,NULL,NULL,NULL,NULL,NULL,NULL,NULL,NULL,NULL,NULL),(2323,'2024-02-13','2024-02-14 07:28:52.292741','',21,408,387.6,9,1100,3,NULL,NULL,NULL,NULL,NULL,NULL,NULL,NULL,NULL,NULL,NULL,NULL,NULL,NULL,NULL,NULL,NULL),(2324,'2024-02-13','2024-02-14 07:28:52.298414','',21,424,402.8,12,1100,3,NULL,NULL,NULL,NULL,NULL,NULL,NULL,NULL,NULL,NULL,NULL,NULL,NULL,NULL,NULL,NULL,NULL),(2325,'2024-02-13','2024-02-14 07:28:52.303489','',21,419,398.05,13,1100,3,NULL,NULL,NULL,NULL,NULL,NULL,NULL,NULL,NULL,NULL,NULL,NULL,NULL,NULL,NULL,NULL,NULL),(2326,'2024-02-13','2024-02-14 07:28:52.309291','',21,342,324.9,14,1100,3,NULL,NULL,NULL,NULL,NULL,NULL,NULL,NULL,NULL,NULL,NULL,NULL,NULL,NULL,NULL,NULL,NULL),(2327,'2024-02-13','2024-02-14 07:28:52.314274','',21,649,616.55,15,1050,3,NULL,NULL,NULL,NULL,NULL,NULL,NULL,NULL,NULL,NULL,NULL,NULL,NULL,NULL,NULL,NULL,NULL),(2328,'2024-02-13','2024-02-14 07:28:52.320271','',7,1189,2259.1,16,700,3,NULL,NULL,NULL,NULL,NULL,NULL,NULL,NULL,NULL,NULL,NULL,NULL,NULL,NULL,NULL,NULL,NULL),(2329,'2024-02-13','2024-02-14 07:28:52.325900','',7,8,729.6,17,78,3,NULL,NULL,NULL,NULL,NULL,NULL,NULL,NULL,NULL,NULL,NULL,NULL,NULL,NULL,NULL,NULL,NULL),(2330,'2024-02-13','2024-02-14 07:28:52.333243','',7,8,729.6,18,78,3,NULL,NULL,NULL,NULL,NULL,NULL,NULL,NULL,NULL,NULL,NULL,NULL,NULL,NULL,NULL,NULL,NULL),(2331,'2024-02-13','2024-02-14 07:28:52.338630','',7,8,729.6,19,78,3,NULL,NULL,NULL,NULL,NULL,NULL,NULL,NULL,NULL,NULL,NULL,NULL,NULL,NULL,NULL,NULL,NULL),(2332,'2024-01-28','2024-02-14 08:05:49.978980','',0,0,1542.86,22,418,1,0,45000,0,0,0,0,0,1542.86,0,0,0,0,0,0,0,0,0),(2333,'2024-01-28','2024-02-14 08:05:49.986976','',0,0,407.2,20,300,1,0,4700,0,46916,46960,33472,33512,407.2,5800,4575,1337,0,5094,1807,2491,0,0),(2334,'2024-01-28','2024-02-14 08:05:49.993344','',0,0,406,21,300,1,0,4700,0,11668,11708,29292,29336,406,5800,596,3286,4302,286,4445,905,0,0),(2335,'2024-01-28','2024-02-14 08:05:49.999401','',0,0,1268.57,22,418,2,0,45000,0,0,13000,0,0,1268.57,0,0,0,0,0,0,0,0,0),(2336,'2024-01-28','2024-02-14 08:05:50.006178','',0,0,406.22,20,300,2,0,4700,0,46832,46876,33396,33436,406.22,5800,3564,1270,2638,2148,293,4175,0,0),(2337,'2024-01-28','2024-02-14 08:05:50.015229','',0,0,425.02,21,300,2,0,4700,0,11584,11632,29216,29256,425.02,5800,3564,1270,2638,2148,293,4175,0,0),(2338,'2024-01-28','2024-02-14 08:05:50.020690','',0,0,1431.43,22,418,3,0,45000,0,13000,0,0,0,1431.43,0,0,0,0,0,0,0,0,0),(2339,'2024-01-28','2024-02-14 08:05:50.028119','',0,0,368.51,20,300,3,0,4700,0,46876,46916,33436,33472,368.51,5800,2890,1305,1090,4115,1005,3548,0,0),(2340,'2024-01-28','2024-02-14 08:05:50.034024','',0,0,349.71,21,300,3,0,4700,0,11632,11668,29256,29292,349.71,5800,2890,1305,1090,4115,1005,3548,0,0),(2341,'2024-01-30','2024-02-14 08:18:31.702466','',0,0,0,22,418,1,0,0,0,0,0,0,0,0,0,0,0,0,0,0,0,0,0),(2342,'2024-01-30','2024-02-14 08:18:31.717950','',0,0,411.97,20,300,1,0,4700,0,47168,47212,33712,33752,411.97,5800,3330,4637,1410,3443,5358,3012,0,0),(2343,'2024-01-30','2024-02-14 08:18:31.723469','',0,0,443.5,21,300,1,0,4700,0,11912,11956,29544,29592,443.5,5800,2062,4354,1565,2581,0,3132,0,0),(2344,'2024-01-30','2024-02-14 08:18:31.730537','',0,0,0,22,418,2,0,0,0,0,0,0,0,0,0,0,0,0,0,0,0,0,0),(2345,'2024-01-30','2024-02-14 08:18:31.736893','',0,0,407.28,20,300,2,0,4700,0,47084,47124,33632,33676,407.28,5800,3029,4559,1610,2444,2217,1536,0,0),(2346,'2024-01-30','2024-02-14 08:18:31.747936','',0,0,421.87,21,300,2,0,4700,0,11832,11876,29464,29508,421.87,5800,1198,1423,2425,1379,1130,2646,0,0),(2347,'2024-01-30','2024-02-14 08:18:31.754124','',0,0,0,22,418,3,0,0,0,0,0,0,0,0,0,0,0,0,0,0,0,0,0),(2348,'2024-01-30','2024-02-14 08:18:31.760006','',0,0,389.51,20,300,3,0,4700,0,47124,47168,33676,33712,389.51,5800,7,701,4728,2067,3824,5342,0,0),(2349,'2024-01-30','2024-02-14 08:18:31.766478','',0,0,358.92,21,300,3,0,4700,0,11876,11912,29508,29544,358.92,5800,4202,2869,5259,4633,2753,5608,0,0),(2350,'2024-02-04','2024-02-14 09:13:41.458335','',0,0,1542.86,22,418,1,0,45000,0,10000,10000,0,0,1542.86,0,0,0,0,0,0,0,0,0),(2351,'2024-02-04','2024-02-14 09:13:41.464331','',0,0,408.01,20,300,1,0,4700,0,47764,47808,34292,34332,408.01,5800,2172,2933,3746,483,4062,2902,0,0),(2352,'2024-02-04','2024-02-14 09:13:41.471441','',0,0,440.44,21,300,1,0,4700,0,12500,12548,30144,30188,440.44,5800,928,548,815,128,4850,2649,0,0),(2353,'2024-02-04','2024-02-14 09:13:41.478076','',0,0,857.14,22,418,2,0,45000,0,10000,20000,0,0,857.14,0,0,0,0,0,0,0,0,0),(2354,'2024-02-04','2024-02-14 09:13:41.484876','',0,0,403.74,20,300,2,0,4700,0,47808,47852,34332,34372,403.74,5800,133,4310,1317,531,621,4118,0,0),(2355,'2024-02-04','2024-02-14 09:13:41.493131','',0,0,370.86,21,300,2,0,4700,0,12548,12580,30188,30232,370.86,5800,4155,5306,2490,2823,1273,813,0,0),(2356,'2024-02-04','2024-02-14 09:13:41.499798','',0,0,1088.57,22,418,3,0,45000,0,18000,10000,0,0,1088.57,0,0,0,0,0,0,0,0,0),(2357,'2024-02-04','2024-02-14 09:13:41.505502','',0,0,353.41,20,300,3,0,4700,0,47728,47764,34256,34292,353.41,5800,4893,1647,4949,5426,1447,167,0,0),(2358,'2024-02-04','2024-02-14 09:13:41.511352','',0,0,390.5,21,300,3,0,4700,0,12460,12500,30104,30144,390.5,5800,4414,1066,3871,2446,1797,4304,0,0),(2359,'2024-02-07','2024-02-14 09:23:22.630460','',0,0,1028.57,22,418,1,0,45000,0,15000,0,0,0,1028.57,0,0,0,0,0,0,0,0,0),(2360,'2024-02-07','2024-02-14 09:23:22.637457','',0,0,447.17,20,300,1,0,4700,0,48144,48192,34664,34708,447.17,5800,2158,2666,3686,4040,5063,609,0,0),(2361,'2024-02-07','2024-02-14 09:23:22.644902','',0,0,409.52,21,300,1,0,4700,0,12880,12920,30520,30564,409.52,5800,4897,1616,3107,1323,3394,3825,0,0),(2362,'2024-02-07','2024-02-14 09:23:22.650329','',0,0,925.71,22,418,2,0,45000,0,0,18000,0,0,925.71,5800,3300,1100,2500,5400,2500,1300,0,0),(2363,'2024-02-07','2024-02-14 09:23:22.656859','',0,0,394.8,20,300,2,0,4700,0,48192,48236,34708,34748,394.8,0,0,0,0,0,0,0,0,0),(2364,'2024-02-07','2024-02-14 09:23:22.663152','',0,0,389.45,21,300,2,0,4700,0,12920,12960,30564,30604,389.45,5800,2800,3600,1300,2300,5200,1400,0,0),(2365,'2024-02-07','2024-02-14 09:23:22.668861','',0,0,1234.29,22,418,3,0,45000,0,6000,15000,0,0,1234.29,0,0,0,0,0,0,0,0,0),(2366,'2024-02-07','2024-02-14 09:23:22.676493','',0,0,391.05,20,300,3,0,4700,0,48108,48144,34620,34664,391.05,5800,4122,3460,5229,3116,564,2082,0,0),(2367,'2024-02-07','2024-02-14 09:23:22.683700','',0,0,384.96,21,300,3,0,4700,0,12840,12880,30480,30520,384.96,5800,3087,3659,0,3718,0,599,0,0),(2368,'2024-02-13','2024-02-14 09:33:34.546243','',0,0,1542.86,22,418,1,0,45000,0,4000,4000,0,0,1542.86,0,0,0,0,0,0,0,0,0),(2369,'2024-02-13','2024-02-14 09:33:34.555045','',0,0,239.24,20,300,1,0,4700,0,0,24,0,24,239.24,5800,3217,2812,3003,1731,2855,3214,0,0),(2370,'2024-02-13','2024-02-14 09:33:34.563014','',0,0,241.56,21,300,1,0,4700,0,0,24,0,24,241.56,5800,4080,2382,3760,2920,2565,3990,0,0),(2371,'2024-02-13','2024-02-14 09:33:34.568468','',0,0,111.43,22,418,2,0,45000,0,4000,17000,0,0,111.43,0,0,0,0,0,0,0,0,0),(2372,'2024-02-13','2024-02-14 09:33:34.574350','',0,0,462.26,20,300,2,0,4700,0,24,72,24,72,462.26,5800,2546,2839,2728,868,2158,2514,0,0),(2373,'2024-02-13','2024-02-14 09:33:34.579613','',0,0,447.39,21,300,2,0,4700,0,24,68,24,72,447.39,5800,3076,3821,2684,2650,2473,3800,0,0),(2374,'2024-02-13','2024-02-14 09:33:34.586038','',0,0,25.71,22,418,3,0,45000,0,17000,20000,0,0,25.71,0,0,0,0,0,0,0,0,0),(2375,'2024-02-13','2024-02-14 09:33:34.592003','',0,0,428.2,20,300,3,0,4700,0,72,120,72,112,428.2,5800,2603,2458,1270,5478,4916,1289,0,0),(2376,'2024-02-13','2024-02-14 09:33:34.597568','',0,0,-88.66,21,300,3,0,4700,0,68,0,72,120,-88.66,5800,1583,1120,765,480,28,2619,0,0),(2377,'2024-02-14','2024-02-15 06:15:24.140827','',25,88.904,2000.34,3,290,1,NULL,NULL,NULL,NULL,NULL,NULL,NULL,NULL,NULL,NULL,NULL,NULL,NULL,NULL,NULL,NULL,NULL),(2378,'2024-02-14','2024-02-15 06:15:24.156775','',25,100.163,2253.67,4,290,1,NULL,NULL,NULL,NULL,NULL,NULL,NULL,NULL,NULL,NULL,NULL,NULL,NULL,NULL,NULL,NULL,NULL),(2379,'2024-02-14','2024-02-15 06:15:24.162771','',1.7,55.922,2053.46,5,185,1,NULL,NULL,NULL,NULL,NULL,NULL,NULL,NULL,NULL,NULL,NULL,NULL,NULL,NULL,NULL,NULL,NULL),(2380,'2024-02-14','2024-02-15 06:15:24.168768','',21,11.15,411.59,6,24,1,NULL,NULL,NULL,NULL,NULL,NULL,NULL,NULL,NULL,NULL,NULL,NULL,NULL,NULL,NULL,NULL,NULL),(2381,'2024-02-14','2024-02-15 06:15:24.175367','',21,11.04,407.53,7,24,1,NULL,NULL,NULL,NULL,NULL,NULL,NULL,NULL,NULL,NULL,NULL,NULL,NULL,NULL,NULL,NULL,NULL),(2382,'2024-02-14','2024-02-15 06:15:24.180364','',21,10.07,371.73,8,24,1,NULL,NULL,NULL,NULL,NULL,NULL,NULL,NULL,NULL,NULL,NULL,NULL,NULL,NULL,NULL,NULL,NULL),(2383,'2024-02-14','2024-02-15 06:15:24.185361','',21,10.51,387.97,10,24,1,NULL,NULL,NULL,NULL,NULL,NULL,NULL,NULL,NULL,NULL,NULL,NULL,NULL,NULL,NULL,NULL,NULL),(2384,'2024-02-14','2024-02-15 06:15:24.191569','',21,661,627.95,11,24,1,NULL,NULL,NULL,NULL,NULL,NULL,NULL,NULL,NULL,NULL,NULL,NULL,NULL,NULL,NULL,NULL,NULL),(2385,'2024-02-14','2024-02-15 06:15:24.196565','',21,421,399.95,9,1100,1,NULL,NULL,NULL,NULL,NULL,NULL,NULL,NULL,NULL,NULL,NULL,NULL,NULL,NULL,NULL,NULL,NULL),(2386,'2024-02-14','2024-02-15 06:15:24.201562','',21,419,398.05,12,1100,1,NULL,NULL,NULL,NULL,NULL,NULL,NULL,NULL,NULL,NULL,NULL,NULL,NULL,NULL,NULL,NULL,NULL),(2387,'2024-02-14','2024-02-15 06:15:24.206909','',21,371,352.45,13,1100,1,NULL,NULL,NULL,NULL,NULL,NULL,NULL,NULL,NULL,NULL,NULL,NULL,NULL,NULL,NULL,NULL,NULL),(2388,'2024-02-14','2024-02-15 06:15:24.212905','',21,340,323,14,1100,1,NULL,NULL,NULL,NULL,NULL,NULL,NULL,NULL,NULL,NULL,NULL,NULL,NULL,NULL,NULL,NULL,NULL),(2389,'2024-02-14','2024-02-15 06:15:24.217903','',21,651,618.45,15,1050,1,NULL,NULL,NULL,NULL,NULL,NULL,NULL,NULL,NULL,NULL,NULL,NULL,NULL,NULL,NULL,NULL,NULL),(2390,'2024-02-14','2024-02-15 06:15:24.224107','',7,1120,2128,16,700,1,NULL,NULL,NULL,NULL,NULL,NULL,NULL,NULL,NULL,NULL,NULL,NULL,NULL,NULL,NULL,NULL,NULL),(2391,'2024-02-14','2024-02-15 06:15:24.229103','',7,8,729.6,17,78,1,NULL,NULL,NULL,NULL,NULL,NULL,NULL,NULL,NULL,NULL,NULL,NULL,NULL,NULL,NULL,NULL,NULL),(2392,'2024-02-14','2024-02-15 06:15:24.235101','',7,8,729.6,18,78,1,NULL,NULL,NULL,NULL,NULL,NULL,NULL,NULL,NULL,NULL,NULL,NULL,NULL,NULL,NULL,NULL,NULL),(2393,'2024-02-14','2024-02-15 06:15:24.241324','',7,8,729.6,19,78,1,NULL,NULL,NULL,NULL,NULL,NULL,NULL,NULL,NULL,NULL,NULL,NULL,NULL,NULL,NULL,NULL,NULL),(2394,'2024-02-14','2024-02-15 06:15:24.246320','',25,75.185,1691.66,3,290,2,NULL,NULL,NULL,NULL,NULL,NULL,NULL,NULL,NULL,NULL,NULL,NULL,NULL,NULL,NULL,NULL,NULL),(2395,'2024-02-14','2024-02-15 06:15:24.251318','',25,63.419,1426.93,4,290,2,NULL,NULL,NULL,NULL,NULL,NULL,NULL,NULL,NULL,NULL,NULL,NULL,NULL,NULL,NULL,NULL,NULL),(2396,'2024-02-14','2024-02-15 06:15:24.258753','',1.7,51.765,1900.81,5,185,2,NULL,NULL,NULL,NULL,NULL,NULL,NULL,NULL,NULL,NULL,NULL,NULL,NULL,NULL,NULL,NULL,NULL),(2397,'2024-02-14','2024-02-15 06:15:24.263750','',21,10.7,394.98,6,24,2,NULL,NULL,NULL,NULL,NULL,NULL,NULL,NULL,NULL,NULL,NULL,NULL,NULL,NULL,NULL,NULL,NULL),(2398,'2024-02-14','2024-02-15 06:15:24.269746','',21,10.45,385.75,7,24,2,NULL,NULL,NULL,NULL,NULL,NULL,NULL,NULL,NULL,NULL,NULL,NULL,NULL,NULL,NULL,NULL,NULL),(2399,'2024-02-14','2024-02-15 06:15:24.276546','',21,10.71,395.35,8,24,2,NULL,NULL,NULL,NULL,NULL,NULL,NULL,NULL,NULL,NULL,NULL,NULL,NULL,NULL,NULL,NULL,NULL),(2400,'2024-02-14','2024-02-15 06:15:24.281543','',21,10.91,402.73,10,24,2,NULL,NULL,NULL,NULL,NULL,NULL,NULL,NULL,NULL,NULL,NULL,NULL,NULL,NULL,NULL,NULL,NULL),(2401,'2024-02-14','2024-02-15 06:15:24.286539','',21,655,622.25,11,24,2,NULL,NULL,NULL,NULL,NULL,NULL,NULL,NULL,NULL,NULL,NULL,NULL,NULL,NULL,NULL,NULL,NULL),(2402,'2024-02-14','2024-02-15 06:15:24.292267','',21,413,392.35,9,1100,2,NULL,NULL,NULL,NULL,NULL,NULL,NULL,NULL,NULL,NULL,NULL,NULL,NULL,NULL,NULL,NULL,NULL),(2403,'2024-02-14','2024-02-15 06:15:24.297264','',21,389,369.55,12,1100,2,NULL,NULL,NULL,NULL,NULL,NULL,NULL,NULL,NULL,NULL,NULL,NULL,NULL,NULL,NULL,NULL,NULL),(2404,'2024-02-14','2024-02-15 06:15:24.303260','',21,404,383.8,13,1100,2,NULL,NULL,NULL,NULL,NULL,NULL,NULL,NULL,NULL,NULL,NULL,NULL,NULL,NULL,NULL,NULL,NULL),(2405,'2024-02-14','2024-02-15 06:15:24.309018','',21,356,338.2,14,1100,2,NULL,NULL,NULL,NULL,NULL,NULL,NULL,NULL,NULL,NULL,NULL,NULL,NULL,NULL,NULL,NULL,NULL),(2406,'2024-02-14','2024-02-15 06:15:24.314015','',21,667,633.65,15,1050,2,NULL,NULL,NULL,NULL,NULL,NULL,NULL,NULL,NULL,NULL,NULL,NULL,NULL,NULL,NULL,NULL,NULL),(2407,'2024-02-14','2024-02-15 06:15:24.319012','',7,1269,2411.1,16,700,2,NULL,NULL,NULL,NULL,NULL,NULL,NULL,NULL,NULL,NULL,NULL,NULL,NULL,NULL,NULL,NULL,NULL),(2408,'2024-02-14','2024-02-15 06:15:24.325912','',7,8,729.6,17,78,2,NULL,NULL,NULL,NULL,NULL,NULL,NULL,NULL,NULL,NULL,NULL,NULL,NULL,NULL,NULL,NULL,NULL),(2409,'2024-02-14','2024-02-15 06:15:24.330909','',7,8,729.6,18,78,2,NULL,NULL,NULL,NULL,NULL,NULL,NULL,NULL,NULL,NULL,NULL,NULL,NULL,NULL,NULL,NULL,NULL),(2410,'2024-02-14','2024-02-15 06:15:24.336905','',7,8,729.6,19,78,2,NULL,NULL,NULL,NULL,NULL,NULL,NULL,NULL,NULL,NULL,NULL,NULL,NULL,NULL,NULL,NULL,NULL),(2411,'2024-02-14','2024-02-15 06:15:24.342625','',25,69.651,1567.15,3,290,3,NULL,NULL,NULL,NULL,NULL,NULL,NULL,NULL,NULL,NULL,NULL,NULL,NULL,NULL,NULL,NULL,NULL),(2412,'2024-02-14','2024-02-15 06:15:24.348622','',25,74.41,1674.22,4,290,3,NULL,NULL,NULL,NULL,NULL,NULL,NULL,NULL,NULL,NULL,NULL,NULL,NULL,NULL,NULL,NULL,NULL),(2413,'2024-02-14','2024-02-15 06:15:24.356543','',1.7,49.57,1820.21,5,185,3,NULL,NULL,NULL,NULL,NULL,NULL,NULL,NULL,NULL,NULL,NULL,NULL,NULL,NULL,NULL,NULL,NULL),(2414,'2024-02-14','2024-02-15 06:15:24.363238','',21,10.28,379.48,6,24,3,NULL,NULL,NULL,NULL,NULL,NULL,NULL,NULL,NULL,NULL,NULL,NULL,NULL,NULL,NULL,NULL,NULL),(2415,'2024-02-14','2024-02-15 06:15:24.368234','',21,10.74,396.46,7,24,3,NULL,NULL,NULL,NULL,NULL,NULL,NULL,NULL,NULL,NULL,NULL,NULL,NULL,NULL,NULL,NULL,NULL),(2416,'2024-02-14','2024-02-15 06:15:24.374925','',21,9.63,355.48,8,24,3,NULL,NULL,NULL,NULL,NULL,NULL,NULL,NULL,NULL,NULL,NULL,NULL,NULL,NULL,NULL,NULL,NULL),(2417,'2024-02-14','2024-02-15 06:15:24.381920','',21,10.04,370.62,10,24,3,NULL,NULL,NULL,NULL,NULL,NULL,NULL,NULL,NULL,NULL,NULL,NULL,NULL,NULL,NULL,NULL,NULL),(2418,'2024-02-14','2024-02-15 06:15:24.389217','',21,662,628.9,11,24,3,NULL,NULL,NULL,NULL,NULL,NULL,NULL,NULL,NULL,NULL,NULL,NULL,NULL,NULL,NULL,NULL,NULL),(2419,'2024-02-14','2024-02-15 06:15:24.395022','',21,383,363.85,9,1100,3,NULL,NULL,NULL,NULL,NULL,NULL,NULL,NULL,NULL,NULL,NULL,NULL,NULL,NULL,NULL,NULL,NULL),(2420,'2024-02-14','2024-02-15 06:15:24.399020','',21,387,367.65,12,1100,3,NULL,NULL,NULL,NULL,NULL,NULL,NULL,NULL,NULL,NULL,NULL,NULL,NULL,NULL,NULL,NULL,NULL),(2421,'2024-02-14','2024-02-15 06:15:24.404017','',21,380,361,13,1100,3,NULL,NULL,NULL,NULL,NULL,NULL,NULL,NULL,NULL,NULL,NULL,NULL,NULL,NULL,NULL,NULL,NULL),(2422,'2024-02-14','2024-02-15 06:15:24.410255','',21,343,325.85,14,1100,3,NULL,NULL,NULL,NULL,NULL,NULL,NULL,NULL,NULL,NULL,NULL,NULL,NULL,NULL,NULL,NULL,NULL),(2423,'2024-02-14','2024-02-15 06:15:24.416251','',21,650,617.5,15,1050,3,NULL,NULL,NULL,NULL,NULL,NULL,NULL,NULL,NULL,NULL,NULL,NULL,NULL,NULL,NULL,NULL,NULL),(2424,'2024-02-14','2024-02-15 06:15:24.423696','',7,1208,2295.2,16,700,3,NULL,NULL,NULL,NULL,NULL,NULL,NULL,NULL,NULL,NULL,NULL,NULL,NULL,NULL,NULL,NULL,NULL),(2425,'2024-02-14','2024-02-15 06:15:24.449454','',7,8,729.6,17,78,3,NULL,NULL,NULL,NULL,NULL,NULL,NULL,NULL,NULL,NULL,NULL,NULL,NULL,NULL,NULL,NULL,NULL),(2426,'2024-02-14','2024-02-15 06:15:24.529638','',7,8,729.6,18,78,3,NULL,NULL,NULL,NULL,NULL,NULL,NULL,NULL,NULL,NULL,NULL,NULL,NULL,NULL,NULL,NULL,NULL),(2427,'2024-02-14','2024-02-15 06:15:24.536634','',7,8,729.6,19,78,3,NULL,NULL,NULL,NULL,NULL,NULL,NULL,NULL,NULL,NULL,NULL,NULL,NULL,NULL,NULL,NULL,NULL),(2428,'2024-02-14','2024-02-15 06:22:52.500011','',0,0,1508.57,22,418,1,4,45000,0,10000,6000,0,0,1508.57,0,0,0,0,0,0,0,0,0),(2429,'2024-02-14','2024-02-15 06:22:52.508007','',0,0,459.4,20,300,1,0,4700,0,120,168,112,160,459.4,5800,1601,733,670,4043,3078,0,0,0),(2430,'2024-02-14','2024-02-15 06:22:52.522019','',0,0,424.09,21,300,1,0,4700,0,116,160,120,164,424.09,5800,1245,0,4940,0,4986,1775,0,0),(2431,'2024-02-14','2024-02-15 06:22:52.528867','',0,0,1517.14,22,418,2,4,45000,0,6000,3000,0,0,1517.14,0,0,0,0,0,0,0,0,0),(2432,'2024-02-14','2024-02-15 06:22:52.547629','',0,0,422.49,20,300,2,0,4700,0,168,212,160,204,422.49,5800,406,0,4038,1975,2316,2239,0,0),(2433,'2024-02-14','2024-02-15 06:22:52.553757','',0,0,409.29,21,300,2,0,4700,0,160,200,164,208,409.29,5800,4802,3713,2700,3432,2286,945,0,0),(2434,'2024-02-14','2024-02-15 06:22:52.565203','',0,0,1242.86,22,418,3,3,45000,0,3000,13000,0,0,1242.86,0,0,0,0,0,0,0,0,0),(2435,'2024-02-14','2024-02-15 06:22:52.571826','',0,0,439.22,20,300,3,0,4700,0,212,256,204,252,439.22,5800,0,3559,3781,40,1018,14,0,0),(2436,'2024-02-14','2024-02-15 06:22:52.590258','',0,0,456.29,21,300,3,0,4700,0,200,248,208,256,456.29,5800,2678,1346,198,1325,736,0,0,0);
/*!40000 ALTER TABLE `dailyproduction` ENABLE KEYS */;
UNLOCK TABLES;

--
-- Table structure for table `django_admin_log`
--

DROP TABLE IF EXISTS `django_admin_log`;
/*!40101 SET @saved_cs_client     = @@character_set_client */;
/*!40101 SET character_set_client = utf8 */;
CREATE TABLE `django_admin_log` (
  `id` int(11) NOT NULL AUTO_INCREMENT,
  `action_time` datetime(6) NOT NULL,
  `object_id` longtext DEFAULT NULL,
  `object_repr` varchar(200) NOT NULL,
  `action_flag` smallint(5) unsigned NOT NULL,
  `change_message` longtext NOT NULL,
  `content_type_id` int(11) DEFAULT NULL,
  `user_id` int(11) NOT NULL,
  PRIMARY KEY (`id`),
  KEY `django_admin_log_content_type_id_c4bce8eb_fk_django_co` (`content_type_id`),
  KEY `django_admin_log_user_id_c564eba6_fk_auth_user_id` (`user_id`),
  CONSTRAINT `django_admin_log_content_type_id_c4bce8eb_fk_django_co` FOREIGN KEY (`content_type_id`) REFERENCES `django_content_type` (`id`),
  CONSTRAINT `django_admin_log_user_id_c564eba6_fk_auth_user_id` FOREIGN KEY (`user_id`) REFERENCES `auth_user` (`id`)
) ENGINE=InnoDB AUTO_INCREMENT=12 DEFAULT CHARSET=utf8 COLLATE=utf8_unicode_ci;
/*!40101 SET character_set_client = @saved_cs_client */;

--
-- Dumping data for table `django_admin_log`
--

LOCK TABLES `django_admin_log` WRITE;
/*!40000 ALTER TABLE `django_admin_log` DISABLE KEYS */;
INSERT INTO `django_admin_log` VALUES (1,'2023-12-18 09:01:23.580262','1','ضایعات',1,'[{\"added\": {}}]',17,1),(2,'2023-12-18 09:01:36.957631','1','پرز',2,'[{\"changed\": {\"fields\": [\"Name\"]}}]',17,1),(3,'2023-12-18 09:01:57.748400','2','سرنخ',1,'[{\"added\": {}}]',17,1),(4,'2023-12-19 05:30:01.127525','6','سرنخ - 312.0 kg',3,'',16,1),(5,'2023-12-19 05:30:01.132517','5','سرنخ - 312.0 kg',3,'',16,1),(6,'2023-12-19 05:30:01.141529','4','سرنخ - 312.0 kg',3,'',16,1),(7,'2023-12-19 05:30:01.145430','3','سرنخ - 21.0 kg',3,'',16,1),(8,'2023-12-19 05:30:01.148434','2','سرنخ - 12.0 kg',3,'',16,1),(9,'2023-12-19 05:30:01.152216','1','سرنخ - 12.0 kg',3,'',16,1),(10,'2023-12-31 09:10:38.342552','1','2 - 1',1,'[{\"added\": {}}]',18,1),(11,'2023-12-31 09:10:43.363942','2','3 - 3',1,'[{\"added\": {}}]',18,1);
/*!40000 ALTER TABLE `django_admin_log` ENABLE KEYS */;
UNLOCK TABLES;

--
-- Table structure for table `django_content_type`
--

DROP TABLE IF EXISTS `django_content_type`;
/*!40101 SET @saved_cs_client     = @@character_set_client */;
/*!40101 SET character_set_client = utf8 */;
CREATE TABLE `django_content_type` (
  `id` int(11) NOT NULL AUTO_INCREMENT,
  `app_label` varchar(100) NOT NULL,
  `model` varchar(100) NOT NULL,
  PRIMARY KEY (`id`),
  UNIQUE KEY `django_content_type_app_label_model_76bd3d3b_uniq` (`app_label`,`model`)
) ENGINE=InnoDB AUTO_INCREMENT=27 DEFAULT CHARSET=utf8 COLLATE=utf8_unicode_ci;
/*!40101 SET character_set_client = @saved_cs_client */;

--
-- Dumping data for table `django_content_type`
--

LOCK TABLES `django_content_type` WRITE;
/*!40000 ALTER TABLE `django_content_type` DISABLE KEYS */;
INSERT INTO `django_content_type` VALUES (1,'admin','logentry'),(3,'auth','group'),(2,'auth','permission'),(4,'auth','user'),(5,'contenttypes','contenttype'),(9,'mrp','asset'),(7,'mrp','assetcategory'),(19,'mrp','assetfailure'),(20,'mrp','assetrandemaninit'),(22,'mrp','assetrandemanlist'),(21,'mrp','assetrandemanpermonth'),(10,'mrp','dailyproduction'),(18,'mrp','failure'),(11,'mrp','formula'),(8,'mrp','machinecategory'),(23,'mrp','nezafatpadash'),(24,'mrp','nezafatranking'),(15,'mrp','productionstandard'),(13,'mrp','shift'),(14,'mrp','speedformula'),(12,'mrp','sysuser'),(25,'mrp','tolidpadash'),(26,'mrp','tolidranking'),(17,'mrp','zayeat'),(16,'mrp','zayeatvaz'),(6,'sessions','session');
/*!40000 ALTER TABLE `django_content_type` ENABLE KEYS */;
UNLOCK TABLES;

--
-- Table structure for table `django_migrations`
--

DROP TABLE IF EXISTS `django_migrations`;
/*!40101 SET @saved_cs_client     = @@character_set_client */;
/*!40101 SET character_set_client = utf8 */;
CREATE TABLE `django_migrations` (
  `id` bigint(20) NOT NULL AUTO_INCREMENT,
  `app` varchar(255) NOT NULL,
  `name` varchar(255) NOT NULL,
  `applied` datetime(6) NOT NULL,
  PRIMARY KEY (`id`)
) ENGINE=InnoDB AUTO_INCREMENT=53 DEFAULT CHARSET=utf8 COLLATE=utf8_unicode_ci;
/*!40101 SET character_set_client = @saved_cs_client */;

--
-- Dumping data for table `django_migrations`
--

LOCK TABLES `django_migrations` WRITE;
/*!40000 ALTER TABLE `django_migrations` DISABLE KEYS */;
INSERT INTO `django_migrations` VALUES (1,'contenttypes','0001_initial','2023-12-02 06:24:13.783483'),(2,'auth','0001_initial','2023-12-02 06:24:14.306854'),(3,'admin','0001_initial','2023-12-02 06:24:14.467969'),(4,'admin','0002_logentry_remove_auto_add','2023-12-02 06:24:14.479978'),(5,'admin','0003_logentry_add_action_flag_choices','2023-12-02 06:24:14.488984'),(6,'contenttypes','0002_remove_content_type_name','2023-12-02 06:24:14.550027'),(7,'auth','0002_alter_permission_name_max_length','2023-12-02 06:24:14.609068'),(8,'auth','0003_alter_user_email_max_length','2023-12-02 06:24:14.658104'),(9,'auth','0004_alter_user_username_opts','2023-12-02 06:24:14.669111'),(10,'auth','0005_alter_user_last_login_null','2023-12-02 06:24:14.698132'),(11,'auth','0006_require_contenttypes_0002','2023-12-02 06:24:14.701135'),(12,'auth','0007_alter_validators_add_error_messages','2023-12-02 06:24:14.714144'),(13,'auth','0008_alter_user_username_max_length','2023-12-02 06:24:14.784192'),(14,'auth','0009_alter_user_last_name_max_length','2023-12-02 06:24:14.852241'),(15,'auth','0010_alter_group_name_max_length','2023-12-02 06:24:14.895272'),(16,'auth','0011_update_proxy_permissions','2023-12-02 06:24:14.907282'),(17,'auth','0012_alter_user_first_name_max_length','2023-12-02 06:24:14.965322'),(18,'sessions','0001_initial','2023-12-02 06:24:15.009353'),(19,'mrp','0001_initial','2023-12-02 06:25:06.352450'),(20,'mrp','0002_asset_machinecategory','2023-12-02 06:26:56.001683'),(21,'mrp','0003_dailyproduction_formula','2023-12-02 08:08:20.450086'),(22,'mrp','0004_dailyproduction_speed','2023-12-03 03:36:18.525305'),(23,'mrp','0005_sysuser','2023-12-03 03:36:18.641388'),(24,'mrp','0006_auto_20231202_2059','2023-12-03 03:37:03.323095'),(25,'mrp','0007_remove_dailyproduction_shift','2023-12-03 03:37:03.329098'),(26,'mrp','0008_dailyproduction_shift','2023-12-03 03:37:03.334103'),(27,'mrp','0009_remove_dailyproduction_shift','2023-12-03 03:37:03.340106'),(28,'mrp','0010_dailyproduction_shift','2023-12-03 03:38:14.317473'),(29,'mrp','0011_speedformula','2023-12-03 05:26:20.336424'),(30,'mrp','0012_delete_speedformula','2023-12-03 05:27:26.992725'),(31,'mrp','0013_speedformula','2023-12-03 05:27:26.995727'),(32,'mrp','0014_delete_speedformula','2023-12-03 05:27:47.721434'),(33,'mrp','0015_speedformula','2023-12-03 05:28:02.280765'),(34,'mrp','0016_auto_20231205_0937','2023-12-05 06:07:40.216791'),(35,'mrp','0017_productionstandard','2023-12-05 06:56:38.863099'),(36,'mrp','0018_zayeat_zayeatvaz','2023-12-18 08:51:07.854573'),(37,'mrp','0019_auto_20231218_1228','2023-12-18 08:58:10.592329'),(38,'mrp','0020_zayeatvaz_dayofissue','2023-12-18 09:26:53.157079'),(39,'mrp','0021_zayeatvaz_shift','2023-12-19 04:54:29.641796'),(40,'mrp','0022_assetfailure_failure','2023-12-31 08:58:22.278272'),(41,'mrp','0023_auto_20231231_1318','2023-12-31 09:48:25.717589'),(42,'mrp','0024_auto_20240109_1354','2024-01-09 10:24:46.574230'),(43,'mrp','0025_assetrandemanpermonth','2024-01-10 06:10:14.371648'),(44,'mrp','0026_assetrandemanlist','2024-01-10 06:56:01.829428'),(45,'mrp','0027_auto_20240112_1534','2024-01-13 05:36:54.091834'),(46,'mrp','0028_auto_20240117_1052','2024-01-17 07:22:47.934822'),(47,'mrp','0029_auto_20240122_1121','2024-01-22 07:51:45.817471'),(48,'mrp','0030_auto_20240122_1142','2024-01-22 08:12:39.056234'),(49,'mrp','0031_auto_20240129_0458','2024-01-29 12:58:42.509719'),(50,'mrp','0031_auto_20240129_1627','2024-02-06 12:00:28.306476'),(51,'mrp','0032_alter_dailyproduction_unique_together','2024-02-06 12:00:28.379125'),(52,'mrp','0033_merge_20240206_0400','2024-02-06 12:00:28.394287');
/*!40000 ALTER TABLE `django_migrations` ENABLE KEYS */;
UNLOCK TABLES;

--
-- Table structure for table `django_session`
--

DROP TABLE IF EXISTS `django_session`;
/*!40101 SET @saved_cs_client     = @@character_set_client */;
/*!40101 SET character_set_client = utf8 */;
CREATE TABLE `django_session` (
  `session_key` varchar(40) NOT NULL,
  `session_data` longtext NOT NULL,
  `expire_date` datetime(6) NOT NULL,
  PRIMARY KEY (`session_key`),
  KEY `django_session_expire_date_a5c62663` (`expire_date`)
) ENGINE=InnoDB DEFAULT CHARSET=utf8 COLLATE=utf8_unicode_ci;
/*!40101 SET character_set_client = @saved_cs_client */;

--
-- Dumping data for table `django_session`
--

LOCK TABLES `django_session` WRITE;
/*!40000 ALTER TABLE `django_session` DISABLE KEYS */;
INSERT INTO `django_session` VALUES ('2fpjrkrm5q9n0nicit57umkbiueezz6m','.eJxVjDsOwjAQRO_iGlnrxbGzlPScwVr_cADZUpxUiLuTSCmgmWLem3kLx-tS3NrT7KYoLkKJ02_nOTxT3UF8cL03GVpd5snLXZEH7fLWYnpdD_fvoHAv2zplDibgQIxszwk0okGjGNjgOGxh2cTgIymfEcasIgRNFgA1EFkSny_g0jcw:1ra9pS:am7Whagd3fhPHzyxu5pogA_QS4kOQ7QNKuuu0n3OCDc','2024-02-28 07:37:14.927705'),('38qufhtnm9hqfp5k76qp6i56ekb927h2','.eJxVjDsOwjAQRO_iGlnrxbGzlPScwVr_cADZUpxUiLuTSCmgmWLem3kLx-tS3NrT7KYoLkKJ02_nOTxT3UF8cL03GVpd5snLXZEH7fLWYnpdD_fvoHAv2zplDibgQIxszwk0okGjGNjgOGxh2cTgIymfEcasIgRNFgA1EFkSny_g0jcw:1rUQOU:_DISoLeoKtOyFYV6CBJAcPvr1XiahMvijd2-LhqUDWA','2024-02-12 12:05:42.669927'),('7k0k2bpm4hsdf1ah62v5r6r0stn91fdf','.eJxVjDsOwjAQRO_iGlnrxbGzlPScwVr_cADZUpxUiLuTSCmgmWLem3kLx-tS3NrT7KYoLkKJ02_nOTxT3UF8cL03GVpd5snLXZEH7fLWYnpdD_fvoHAv2zplDibgQIxszwk0okGjGNjgOGxh2cTgIymfEcasIgRNFgA1EFkSny_g0jcw:1rDO2k:tXJZ--0FvCy1mLM9sr5ZYWYl0dtW8n9cKKDf_COydO0','2023-12-27 12:08:50.884359'),('au6ut6acjh8wqh54qhdb6s359q6whjho','.eJxVjDsOwjAQRO_iGlnrxbGzlPScwVr_cADZUpxUiLuTSCmgmWLem3kLx-tS3NrT7KYoLkKJ02_nOTxT3UF8cL03GVpd5snLXZEH7fLWYnpdD_fvoHAv2zplDibgQIxszwk0okGjGNjgOGxh2cTgIymfEcasIgRNFgA1EFkSny_g0jcw:1rJreV:_d-NjLvPO5zQVsRrZVBi7_dGwTteGk5R801tzWO4zE4','2024-01-14 08:58:35.369055'),('b39ggxssso96tkam2cfeusu5tf93u3k8','.eJxVjDsOwjAQRO_iGlnrxbGzlPScwVr_cADZUpxUiLuTSCmgmWLem3kLx-tS3NrT7KYoLkKJ02_nOTxT3UF8cL03GVpd5snLXZEH7fLWYnpdD_fvoHAv2zplDibgQIxszwk0okGjGNjgOGxh2cTgIymfEcasIgRNFgA1EFkSny_g0jcw:1rSERp:OnIxSvZCBKrETbGQLxrzWyvu2F7WtyMrnQEOQ6PgnKc','2024-02-06 10:56:05.101511'),('btkyg92ceh7lcktjevlh5624iw04toe4','.eJxVjDsOwjAQRO_iGlnrxbGzlPScwVr_cADZUpxUiLuTSCmgmWLem3kLx-tS3NrT7KYoLkKJ02_nOTxT3UF8cL03GVpd5snLXZEH7fLWYnpdD_fvoHAv2zplDibgQIxszwk0okGjGNjgOGxh2cTgIymfEcasIgRNFgA1EFkSny_g0jcw:1rU2Mt:hAVMPyfbKV2scJNmIER9hClMLRghbPqpOpICeW6oI4g','2024-02-11 10:26:27.312700'),('fauodtzdutn1geg2cz5oa9gzx1udbkfz','.eJxVjDsOwjAQRO_iGlnrxbGzlPScwVr_cADZUpxUiLuTSCmgmWLem3kLx-tS3NrT7KYoLkKJ02_nOTxT3UF8cL03GVpd5snLXZEH7fLWYnpdD_fvoHAv2zplDibgQIxszwk0okGjGNjgOGxh2cTgIymfEcasIgRNFgA1EFkSny_g0jcw:1rCyom:Mv_RcGJiW4EZCryGv_khmLKn6y6WqEgsjnXxN6enIjQ','2023-12-26 09:12:44.419167'),('i401su1yf08cove076pfewtxa20za59j','.eJxVjDsOwjAQRO_iGlnrxbGzlPScwVr_cADZUpxUiLuTSCmgmWLem3kLx-tS3NrT7KYoLkKJ02_nOTxT3UF8cL03GVpd5snLXZEH7fLWYnpdD_fvoHAv2zplDibgQIxszwk0okGjGNjgOGxh2cTgIymfEcasIgRNFgA1EFkSny_g0jcw:1rCcpp:WmvEx2qA5fFma9GPBf8QTBsna4m4Ctt4xCvntrN6-OE','2023-12-25 09:44:21.643394'),('mtts10yommv21feic40u4rao8jxk1o2k','.eJxVjDsOwjAQRO_iGlnrxbGzlPScwVr_cADZUpxUiLuTSCmgmWLem3kLx-tS3NrT7KYoLkKJ02_nOTxT3UF8cL03GVpd5snLXZEH7fLWYnpdD_fvoHAv2zplDibgQIxszwk0okGjGNjgOGxh2cTgIymfEcasIgRNFgA1EFkSny_g0jcw:1rUMtk:ToXmydYzg6QFBRmpo4z-znf7wpIMM3yHg_yWcgH7Nbw','2024-02-12 08:21:44.815977'),('ri3dp5ye4pasd1hiwn1huv061gs6dysv','.eJxVjDsOwjAQRO_iGlnrxbGzlPScwVr_cADZUpxUiLuTSCmgmWLem3kLx-tS3NrT7KYoLkKJ02_nOTxT3UF8cL03GVpd5snLXZEH7fLWYnpdD_fvoHAv2zplDibgQIxszwk0okGjGNjgOGxh2cTgIymfEcasIgRNFgA1EFkSny_g0jcw:1rN9hQ:4otptzdX6CzKkjfaiw9pAJXsbw4LKD9Dk7JHNjQiunY','2024-01-23 10:51:12.722759'),('s6wfxjzo3f09uelm511tcxpdben2k6xi','.eJxVjDsOwjAQRO_iGlnrxbGzlPScwVr_cADZUpxUiLuTSCmgmWLem3kLx-tS3NrT7KYoLkKJ02_nOTxT3UF8cL03GVpd5snLXZEH7fLWYnpdD_fvoHAv2zplDibgQIxszwk0okGjGNjgOGxh2cTgIymfEcasIgRNFgA1EFkSny_g0jcw:1rUQCu:Yf8lx6NQoR-2fcYZ-bHzkUBSn9C8nC7STOe9f_LozIY','2024-02-12 11:53:44.562747'),('t4wztmpyfyzsvnp31gn2wocp04vps2vm','.eJxVjDsOwjAQRO_iGlnrxbGzlPScwVr_cADZUpxUiLuTSCmgmWLem3kLx-tS3NrT7KYoLkKJ02_nOTxT3UF8cL03GVpd5snLXZEH7fLWYnpdD_fvoHAv2zplDibgQIxszwk0okGjGNjgOGxh2cTgIymfEcasIgRNFgA1EFkSny_g0jcw:1raqGW:4Wzv-NW0kykjFz0-QUIkDC85QvztxNjUyCZCvNbCEEM','2024-03-01 04:56:00.632375'),('tsgplhjmy4or4nf893eb3jivr8wni7rj','.eJxVjDsOwjAQRO_iGlnrxbGzlPScwVr_cADZUpxUiLuTSCmgmWLem3kLx-tS3NrT7KYoLkKJ02_nOTxT3UF8cL03GVpd5snLXZEH7fLWYnpdD_fvoHAv2zplDibgQIxszwk0okGjGNjgOGxh2cTgIymfEcasIgRNFgA1EFkSny_g0jcw:1rCdGz:2N1cMSHyz16I6DmA8r-WGoltBZ-nldhzJzDHic-Ch5Q','2023-12-25 10:12:25.036309'),('wbyc4lbc47skknr4089l9v9cn9zs54m1','.eJxVjDsOwjAQRO_iGlnrxbGzlPScwVr_cADZUpxUiLuTSCmgmWLem3kLx-tS3NrT7KYoLkKJ02_nOTxT3UF8cL03GVpd5snLXZEH7fLWYnpdD_fvoHAv2zplDibgQIxszwk0okGjGNjgOGxh2cTgIymfEcasIgRNFgA1EFkSny_g0jcw:1rM6AC:Z_1ouzEIJGo5v8829BzH_2SH7v9d23o19vGLWfN3pMQ','2024-01-20 12:52:32.051849'),('zkehen0fz757kgxxlymeqjjk73uys8iy','.eJxVjDsOwjAQRO_iGlnrxbGzlPScwVr_cADZUpxUiLuTSCmgmWLem3kLx-tS3NrT7KYoLkKJ02_nOTxT3UF8cL03GVpd5snLXZEH7fLWYnpdD_fvoHAv2zplDibgQIxszwk0okGjGNjgOGxh2cTgIymfEcasIgRNFgA1EFkSny_g0jcw:1rZRr1:mZWPTOj7v_9zxcnSNhMZDb1xxXGZJPgh-s2crdgUnhs','2024-02-26 08:39:55.061033');
/*!40000 ALTER TABLE `django_session` ENABLE KEYS */;
UNLOCK TABLES;

--
-- Table structure for table `failure`
--

DROP TABLE IF EXISTS `failure`;
/*!40101 SET @saved_cs_client     = @@character_set_client */;
/*!40101 SET character_set_client = utf8 */;
CREATE TABLE `failure` (
  `id` bigint(20) NOT NULL AUTO_INCREMENT,
  `code` varchar(50) NOT NULL,
  `name` varchar(100) NOT NULL,
  PRIMARY KEY (`id`)
) ENGINE=InnoDB AUTO_INCREMENT=26 DEFAULT CHARSET=utf8 COLLATE=utf8_unicode_ci;
/*!40101 SET character_set_client = @saved_cs_client */;

--
-- Dumping data for table `failure`
--

LOCK TABLES `failure` WRITE;
/*!40000 ALTER TABLE `failure` DISABLE KEYS */;
INSERT INTO `failure` VALUES (12,'01','برقی'),(13,'02','فنی'),(14,'03','کمبود مواد'),(15,'04','کمبود بانکه'),(16,'05','تعویض رنگ'),(17,'06','عدم نیاز'),(18,'07','کمبود نیرو'),(19,'08','استارت رینگ'),(20,'09','افت دما'),(21,'10','عقب افتادن ریل'),(22,'11','برقی و فنی'),(23,'12','پارگی نخ ها و سربندی مجدد'),(24,'13','عیب تاسیساتی'),(25,'14','نشتی هوای فشرده');
/*!40000 ALTER TABLE `failure` ENABLE KEYS */;
UNLOCK TABLES;

--
-- Table structure for table `formula`
--

DROP TABLE IF EXISTS `formula`;
/*!40101 SET @saved_cs_client     = @@character_set_client */;
/*!40101 SET character_set_client = utf8 */;
CREATE TABLE `formula` (
  `id` bigint(20) NOT NULL AUTO_INCREMENT,
  `formula` varchar(255) NOT NULL,
  `machine_id` bigint(20) NOT NULL,
  PRIMARY KEY (`id`),
  UNIQUE KEY `machine_id` (`machine_id`),
  CONSTRAINT `formula_machine_id_bc181d55_fk_assets_id` FOREIGN KEY (`machine_id`) REFERENCES `assets` (`id`)
) ENGINE=InnoDB AUTO_INCREMENT=21 DEFAULT CHARSET=utf8 COLLATE=utf8_unicode_ci;
/*!40101 SET character_set_client = @saved_cs_client */;

--
-- Dumping data for table `formula`
--

LOCK TABLES `formula` WRITE;
/*!40000 ALTER TABLE `formula` DISABLE KEYS */;
INSERT INTO `formula` VALUES (1,'(P*Q*90) /100',3),(2,'(P*Q*90) /100',4),(3,'(P*Q*24*90) /100',5),(4,'Q*816/P*95/100',6),(5,'Q*816/P*95/100',7),(6,'Q*816/P*95/100',8),(7,'Q*816/P*95/100',10),(8,'Q*95/100',11),(9,'Q*95/100',9),(10,'Q*95/100',12),(11,'Q*95/100',13),(12,'Q*95/100',14),(13,'Q*95/100',15),(14,'Q*1.9',16),(15,'Q*24*3.8',17),(16,'Q*24*3.8',18),(17,'Q*24*3.8',19),(18,'((P*Q)+(R-S))*60/7000',22),(19,'((R+S+T)*Q)/1000',20),(20,'((R+S+T)*Q)/1000',21);
/*!40000 ALTER TABLE `formula` ENABLE KEYS */;
UNLOCK TABLES;

--
-- Table structure for table `machinecategory`
--

DROP TABLE IF EXISTS `machinecategory`;
/*!40101 SET @saved_cs_client     = @@character_set_client */;
/*!40101 SET character_set_client = utf8 */;
CREATE TABLE `machinecategory` (
  `id` bigint(20) NOT NULL AUTO_INCREMENT,
  `name` varchar(50) NOT NULL,
  `description` varchar(50) NOT NULL,
  `isPartOf_id` bigint(20) DEFAULT NULL,
  PRIMARY KEY (`id`),
  KEY `machinecategory_isPartOf_id_3f0a4c08_fk_machinecategory_id` (`isPartOf_id`),
  CONSTRAINT `machinecategory_isPartOf_id_3f0a4c08_fk_machinecategory_id` FOREIGN KEY (`isPartOf_id`) REFERENCES `machinecategory` (`id`)
) ENGINE=InnoDB DEFAULT CHARSET=utf8 COLLATE=utf8_unicode_ci;
/*!40101 SET character_set_client = @saved_cs_client */;

--
-- Dumping data for table `machinecategory`
--

LOCK TABLES `machinecategory` WRITE;
/*!40000 ALTER TABLE `machinecategory` DISABLE KEYS */;
/*!40000 ALTER TABLE `machinecategory` ENABLE KEYS */;
UNLOCK TABLES;

--
-- Table structure for table `mrp_assetfailure`
--

DROP TABLE IF EXISTS `mrp_assetfailure`;
/*!40101 SET @saved_cs_client     = @@character_set_client */;
/*!40101 SET character_set_client = utf8 */;
CREATE TABLE `mrp_assetfailure` (
  `id` bigint(20) NOT NULL AUTO_INCREMENT,
  `duration` time(6) NOT NULL,
  `asset_name_id` bigint(20) NOT NULL,
  `failure_name_id` bigint(20) NOT NULL,
  `shift_id` bigint(20) NOT NULL,
  `dayOfIssue` date NOT NULL,
  `timestamp` datetime(6) NOT NULL,
  PRIMARY KEY (`id`),
  KEY `mrp_assetfailure_asset_name_id_c2925acd_fk_assets_id` (`asset_name_id`),
  KEY `mrp_assetfailure_failure_name_id_519162f5_fk_failure_id` (`failure_name_id`),
  KEY `mrp_assetfailure_shift_id_b5d785e5_fk_shift_id` (`shift_id`),
  CONSTRAINT `mrp_assetfailure_asset_name_id_c2925acd_fk_assets_id` FOREIGN KEY (`asset_name_id`) REFERENCES `assets` (`id`),
  CONSTRAINT `mrp_assetfailure_failure_name_id_519162f5_fk_failure_id` FOREIGN KEY (`failure_name_id`) REFERENCES `failure` (`id`),
  CONSTRAINT `mrp_assetfailure_shift_id_b5d785e5_fk_shift_id` FOREIGN KEY (`shift_id`) REFERENCES `shift` (`id`)
) ENGINE=InnoDB AUTO_INCREMENT=401 DEFAULT CHARSET=utf8 COLLATE=utf8_unicode_ci;
/*!40101 SET character_set_client = @saved_cs_client */;

--
-- Dumping data for table `mrp_assetfailure`
--

LOCK TABLES `mrp_assetfailure` WRITE;
/*!40000 ALTER TABLE `mrp_assetfailure` DISABLE KEYS */;
INSERT INTO `mrp_assetfailure` VALUES (14,'02:55:00.000000',4,14,3,'2024-02-02','2024-02-03 09:26:25.431170'),(15,'02:45:00.000000',3,15,3,'2024-02-02','2024-02-03 09:27:03.383039'),(16,'01:00:00.000000',5,14,3,'2024-02-02','2024-02-03 09:27:57.647637'),(17,'05:00:00.000000',7,13,3,'2024-02-02','2024-02-03 09:35:09.943003'),(18,'00:30:00.000000',8,19,3,'2024-02-02','2024-02-03 09:36:49.606656'),(19,'00:30:00.000000',10,19,3,'2024-02-02','2024-02-03 09:37:16.190295'),(20,'07:20:00.000000',12,14,3,'2024-02-02','2024-02-03 09:37:49.953901'),(21,'00:45:00.000000',12,14,3,'2024-02-02','2024-02-03 09:38:13.819211'),(22,'00:45:00.000000',14,14,3,'2024-02-02','2024-02-03 09:38:44.689210'),(23,'08:00:00.000000',3,17,1,'2024-02-02','2024-02-03 09:39:44.456422'),(24,'08:00:00.000000',4,17,1,'2024-02-02','2024-02-03 09:39:57.841181'),(25,'08:00:00.000000',5,17,1,'2024-02-02','2024-02-03 09:40:14.539903'),(26,'08:00:00.000000',6,17,1,'2024-02-02','2024-02-03 09:40:33.748079'),(28,'08:00:00.000000',7,17,1,'2024-02-02','2024-02-03 09:41:16.872858'),(29,'08:00:00.000000',8,17,1,'2024-02-02','2024-02-03 09:41:33.598562'),(30,'08:00:00.000000',10,17,1,'2024-02-02','2024-02-03 09:41:50.887921'),(31,'08:00:00.000000',11,17,1,'2024-02-02','2024-02-03 09:42:07.262841'),(32,'08:00:00.000000',9,17,1,'2024-02-02','2024-02-03 09:42:22.102706'),(33,'08:00:00.000000',12,17,1,'2024-02-02','2024-02-03 09:42:38.181809'),(34,'08:00:00.000000',13,17,1,'2024-02-02','2024-02-03 09:42:52.101241'),(35,'08:00:00.000000',14,17,1,'2024-02-02','2024-02-03 09:43:06.815185'),(36,'08:00:00.000000',15,17,1,'2024-02-02','2024-02-03 09:43:28.110694'),(37,'02:00:00.000000',3,15,2,'2024-02-02','2024-02-03 09:44:19.513719'),(38,'02:00:00.000000',4,14,2,'2024-02-02','2024-02-03 09:44:37.845436'),(39,'00:20:00.000000',5,13,2,'2024-02-02','2024-02-03 09:44:59.243264'),(40,'00:20:00.000000',5,14,2,'2024-02-02','2024-02-03 09:45:17.975813'),(41,'00:30:00.000000',22,20,1,'2024-02-02','2024-02-03 09:47:20.124930'),(42,'00:20:00.000000',22,20,2,'2024-02-02','2024-02-03 09:47:40.606397'),(43,'00:20:00.000000',22,13,3,'2024-02-02','2024-02-03 09:48:03.461910'),(44,'04:00:00.000000',3,15,3,'2024-02-03','2024-02-04 08:31:19.621171'),(45,'04:30:00.000000',4,14,3,'2024-02-03','2024-02-04 08:31:37.118741'),(46,'05:00:00.000000',5,14,3,'2024-02-03','2024-02-04 08:31:54.025308'),(47,'00:25:00.000000',6,21,3,'2024-02-03','2024-02-04 08:32:55.478916'),(48,'01:40:00.000000',8,21,3,'2024-02-03','2024-02-04 08:33:18.775869'),(49,'01:00:00.000000',11,13,3,'2024-02-03','2024-02-04 08:33:45.870671'),(50,'01:45:00.000000',9,13,3,'2024-02-03','2024-02-04 08:34:08.268632'),(51,'02:00:00.000000',8,12,3,'2024-02-03','2024-02-04 08:34:31.398515'),(52,'01:30:00.000000',15,14,3,'2024-02-03','2024-02-04 08:34:55.456233'),(53,'01:20:00.000000',16,14,3,'2024-02-03','2024-02-04 08:37:25.506387'),(54,'02:30:00.000000',3,15,1,'2024-02-03','2024-02-04 08:37:47.998586'),(55,'02:20:00.000000',4,15,1,'2024-02-03','2024-02-04 08:38:04.989842'),(56,'02:10:00.000000',5,14,1,'2024-02-03','2024-02-04 08:38:25.591330'),(57,'00:40:00.000000',6,21,1,'2024-02-03','2024-02-04 08:38:44.918730'),(58,'01:10:00.000000',8,21,1,'2024-02-03','2024-02-04 08:39:07.428688'),(59,'00:40:00.000000',11,12,1,'2024-02-03','2024-02-04 08:39:24.397742'),(60,'01:00:00.000000',13,12,1,'2024-02-03','2024-02-04 08:39:43.365729'),(61,'01:40:00.000000',3,15,2,'2024-02-03','2024-02-04 08:40:26.992362'),(62,'02:20:00.000000',4,14,2,'2024-02-03','2024-02-04 08:40:42.977895'),(63,'01:30:00.000000',5,14,2,'2024-02-03','2024-02-04 08:41:03.066904'),(64,'00:30:00.000000',8,21,2,'2024-02-03','2024-02-04 08:41:21.500072'),(65,'00:40:00.000000',13,12,2,'2024-02-03','2024-02-04 08:41:50.183766'),(66,'00:20:00.000000',22,20,1,'2024-02-03','2024-02-04 08:42:16.828212'),(67,'00:20:00.000000',22,13,2,'2024-02-03','2024-02-04 08:42:32.817676'),(68,'00:15:00.000000',20,20,1,'2024-02-03','2024-02-04 08:43:16.529229'),(69,'01:30:00.000000',3,15,1,'2024-01-21','2024-02-05 08:44:04.484767'),(70,'02:00:00.000000',4,15,1,'2024-01-21','2024-02-05 08:44:17.234150'),(72,'00:40:00.000000',12,22,1,'2024-01-21','2024-02-05 08:45:52.957000'),(73,'01:30:00.000000',3,15,2,'2024-01-21','2024-02-05 08:46:27.229600'),(74,'01:30:00.000000',4,15,2,'2024-01-21','2024-02-05 08:46:42.041163'),(75,'00:30:00.000000',5,13,2,'2024-01-21','2024-02-05 08:46:59.194867'),(76,'02:30:00.000000',3,15,3,'2024-01-21','2024-02-05 08:47:37.796756'),(77,'02:40:00.000000',4,15,3,'2024-01-21','2024-02-05 08:47:55.438563'),(78,'00:15:00.000000',12,13,3,'2024-01-21','2024-02-05 08:48:11.794511'),(79,'01:30:00.000000',3,15,1,'2024-01-22','2024-02-05 09:52:02.333817'),(80,'02:00:00.000000',4,15,1,'2024-01-22','2024-02-05 09:52:17.420315'),(81,'00:40:00.000000',5,13,1,'2024-01-22','2024-02-05 09:52:31.116619'),(82,'05:50:00.000000',3,16,2,'2024-01-22','2024-02-05 09:52:58.508805'),(83,'03:30:00.000000',4,16,2,'2024-01-22','2024-02-05 09:53:16.571560'),(84,'02:00:00.000000',3,16,3,'2024-01-22','2024-02-05 09:53:42.116136'),(85,'04:00:00.000000',4,16,3,'2024-01-22','2024-02-05 09:54:15.433119'),(86,'02:40:00.000000',3,15,1,'2024-01-23','2024-02-05 09:55:11.031055'),(87,'03:10:00.000000',4,15,1,'2024-01-23','2024-02-05 09:55:26.976855'),(88,'04:10:00.000000',5,16,1,'2024-01-23','2024-02-05 09:55:44.929679'),(89,'01:45:00.000000',6,16,1,'2024-01-23','2024-02-05 09:56:04.557408'),(90,'02:40:00.000000',3,15,2,'2024-01-23','2024-02-05 09:56:24.507877'),(91,'02:30:00.000000',4,15,2,'2024-01-23','2024-02-05 09:56:41.163370'),(92,'06:30:00.000000',6,16,2,'2024-01-23','2024-02-05 09:57:01.040112'),(93,'00:20:00.000000',7,19,2,'2024-01-23','2024-02-05 09:57:20.910249'),(94,'00:30:00.000000',8,19,2,'2024-01-23','2024-02-05 09:57:43.165510'),(95,'00:20:00.000000',10,19,2,'2024-01-23','2024-02-05 09:58:02.702061'),(96,'00:20:00.000000',11,19,2,'2024-01-23','2024-02-05 09:58:23.209597'),(97,'08:00:00.000000',9,16,2,'2024-01-23','2024-02-05 09:58:49.088860'),(98,'02:30:00.000000',3,15,3,'2024-01-23','2024-02-05 09:59:15.459740'),(99,'03:10:00.000000',4,15,3,'2024-01-23','2024-02-05 09:59:33.077822'),(100,'06:30:00.000000',7,16,3,'2024-01-23','2024-02-05 09:59:53.519079'),(101,'05:00:00.000000',12,16,3,'2024-01-23','2024-02-05 10:00:19.607579'),(102,'02:00:00.000000',3,15,1,'2024-01-24','2024-02-05 10:02:51.528488'),(103,'02:30:00.000000',4,15,1,'2024-01-24','2024-02-05 10:03:06.426209'),(104,'01:30:00.000000',7,16,1,'2024-01-24','2024-02-05 10:03:24.573320'),(105,'00:20:00.000000',8,19,1,'2024-01-24','2024-02-05 10:03:44.559879'),(106,'00:20:00.000000',10,19,1,'2024-01-24','2024-02-05 10:03:57.750755'),(107,'03:30:00.000000',12,14,1,'2024-01-24','2024-02-05 10:04:20.456795'),(108,'03:30:00.000000',3,15,2,'2024-01-24','2024-02-05 10:04:48.051248'),(109,'03:30:00.000000',4,15,2,'2024-01-24','2024-02-05 10:05:02.873562'),(110,'01:00:00.000000',5,13,2,'2024-01-24','2024-02-05 10:05:20.181814'),(111,'00:30:00.000000',5,12,2,'2024-01-24','2024-02-05 10:05:32.983616'),(112,'07:30:00.000000',11,16,2,'2024-01-24','2024-02-05 10:07:06.294016'),(113,'07:00:00.000000',15,16,2,'2024-01-24','2024-02-05 10:07:22.392073'),(114,'00:22:00.000000',16,16,2,'2024-01-24','2024-02-05 10:10:52.071082'),(115,'02:00:00.000000',18,13,2,'2024-01-24','2024-02-05 10:11:15.434626'),(116,'02:30:00.000000',3,15,3,'2024-01-24','2024-02-05 10:11:53.072484'),(117,'03:10:00.000000',4,15,3,'2024-01-24','2024-02-05 10:12:06.320191'),(118,'00:30:00.000000',6,21,3,'2024-01-24','2024-02-05 10:12:29.056152'),(119,'02:00:00.000000',8,16,3,'2024-01-24','2024-02-05 10:12:54.685012'),(120,'00:30:00.000000',8,19,3,'2024-01-24','2024-02-05 10:13:14.711857'),(121,'00:30:00.000000',10,19,3,'2024-01-24','2024-02-05 10:13:38.050394'),(122,'01:30:00.000000',11,16,3,'2024-01-24','2024-02-05 10:14:12.568559'),(123,'00:55:00.000000',9,13,3,'2024-01-24','2024-02-05 10:14:29.680718'),(124,'04:00:00.000000',15,14,3,'2024-01-24','2024-02-05 10:14:50.015245'),(125,'01:30:00.000000',16,16,3,'2024-01-24','2024-02-05 10:15:11.506952'),(126,'08:00:00.000000',18,13,3,'2024-01-24','2024-02-05 10:15:28.316048'),(127,'02:00:00.000000',3,16,3,'2024-02-05','2024-02-06 07:04:13.353789'),(128,'01:00:00.000000',4,12,3,'2024-02-05','2024-02-06 07:04:27.964730'),(129,'01:30:00.000000',4,15,3,'2024-02-05','2024-02-06 07:04:46.131618'),(130,'01:00:00.000000',14,13,3,'2024-02-05','2024-02-06 07:05:15.532851'),(131,'00:40:00.000000',22,20,3,'2024-02-05','2024-02-06 07:05:50.903573'),(132,'03:30:00.000000',3,16,1,'2024-02-05','2024-02-06 07:09:09.854880'),(133,'03:45:00.000000',4,16,1,'2024-02-05','2024-02-06 07:09:27.047378'),(134,'00:20:00.000000',11,13,1,'2024-02-05','2024-02-06 07:09:44.960945'),(135,'00:10:00.000000',22,20,1,'2024-02-05','2024-02-06 07:10:07.635827'),(136,'03:40:00.000000',3,14,2,'2024-02-05','2024-02-06 07:10:26.712928'),(137,'03:30:00.000000',4,14,2,'2024-02-05','2024-02-06 07:10:42.011468'),(138,'05:00:00.000000',5,16,2,'2024-02-05','2024-02-06 07:10:57.474551'),(139,'03:00:00.000000',6,16,2,'2024-02-05','2024-02-06 07:11:11.538180'),(140,'02:30:00.000000',9,14,2,'2024-02-05','2024-02-06 07:11:29.963169'),(141,'00:15:00.000000',22,20,2,'2024-02-05','2024-02-06 07:11:51.428940'),(143,'00:30:00.000000',4,15,1,'2024-01-25','2024-02-07 11:29:48.450727'),(144,'00:20:00.000000',6,19,1,'2024-01-25','2024-02-07 11:30:05.685927'),(145,'05:15:00.000000',8,16,1,'2024-01-25','2024-02-07 11:30:24.542532'),(146,'05:00:00.000000',11,12,1,'2024-01-25','2024-02-07 11:30:43.837152'),(147,'07:20:00.000000',13,16,1,'2024-01-25','2024-02-07 11:31:09.806836'),(148,'04:30:00.000000',15,14,1,'2024-01-25','2024-02-07 11:31:29.979981'),(149,'01:00:00.000000',17,16,1,'2024-01-25','2024-02-07 11:33:08.200922'),(150,'02:00:00.000000',18,16,1,'2024-01-25','2024-02-07 11:33:23.279589'),(151,'02:00:00.000000',3,14,2,'2024-01-25','2024-02-07 11:33:50.217983'),(152,'02:00:00.000000',4,14,2,'2024-01-25','2024-02-07 11:34:05.129023'),(153,'00:30:00.000000',6,19,2,'2024-01-25','2024-02-07 11:34:27.023596'),(154,'00:30:00.000000',7,19,2,'2024-01-25','2024-02-07 11:35:41.328737'),(155,'00:30:00.000000',8,19,2,'2024-01-25','2024-02-07 11:35:56.754521'),(156,'00:30:00.000000',10,19,2,'2024-01-25','2024-02-07 11:36:10.384899'),(157,'01:40:00.000000',10,16,2,'2024-01-25','2024-02-07 11:36:26.833061'),(158,'01:00:00.000000',14,14,2,'2024-01-25','2024-02-07 11:36:43.845575'),(159,'02:10:00.000000',15,14,2,'2024-01-25','2024-02-07 11:37:08.209382'),(160,'04:00:00.000000',17,16,2,'2024-01-25','2024-02-07 11:39:00.418667'),(161,'04:00:00.000000',19,16,2,'2024-01-25','2024-02-07 11:39:21.026606'),(162,'03:00:00.000000',19,16,2,'2024-01-25','2024-02-07 11:39:39.935112'),(163,'01:45:00.000000',3,15,3,'2024-01-25','2024-02-07 11:40:06.158754'),(164,'02:00:00.000000',4,15,3,'2024-01-25','2024-02-07 11:40:45.802874'),(165,'00:25:00.000000',6,21,3,'2024-01-25','2024-02-07 11:41:07.833545'),(166,'08:00:00.000000',10,16,3,'2024-01-25','2024-02-07 11:41:27.512602'),(167,'00:25:00.000000',9,12,3,'2024-01-25','2024-02-07 11:41:43.360130'),(168,'08:00:00.000000',14,16,3,'2024-01-25','2024-02-07 11:42:18.135045'),(169,'08:00:00.000000',6,17,1,'2024-01-26','2024-02-07 11:57:59.122016'),(170,'08:00:00.000000',7,17,1,'2024-01-26','2024-02-07 11:58:10.932969'),(171,'08:00:00.000000',8,17,1,'2024-01-26','2024-02-07 11:58:25.846868'),(172,'08:00:00.000000',10,17,1,'2024-01-26','2024-02-07 11:58:40.422817'),(173,'08:00:00.000000',11,17,1,'2024-01-26','2024-02-07 11:58:55.075711'),(174,'08:00:00.000000',9,17,1,'2024-01-26','2024-02-07 11:59:13.835290'),(175,'08:00:00.000000',12,17,1,'2024-01-26','2024-02-07 11:59:30.673632'),(176,'08:00:00.000000',13,17,1,'2024-01-26','2024-02-07 11:59:52.476655'),(177,'08:00:00.000000',14,17,1,'2024-01-26','2024-02-07 12:00:08.175929'),(178,'08:00:00.000000',15,17,1,'2024-01-26','2024-02-07 12:00:25.124877'),(179,'04:00:00.000000',19,16,1,'2024-01-26','2024-02-07 12:00:47.794982'),(180,'08:00:00.000000',3,17,2,'2024-01-26','2024-02-07 12:01:50.288347'),(181,'08:00:00.000000',4,17,2,'2024-01-26','2024-02-07 12:02:12.595199'),(182,'00:45:00.000000',5,13,2,'2024-01-26','2024-02-10 09:52:26.005086'),(183,'08:00:00.000000',6,17,2,'2024-01-26','2024-02-10 10:18:18.586207'),(184,'08:00:00.000000',7,17,2,'2024-01-26','2024-02-10 10:18:31.598411'),(185,'08:00:00.000000',8,17,2,'2024-01-26','2024-02-10 10:18:48.713847'),(186,'08:00:00.000000',10,17,2,'2024-01-26','2024-02-10 10:19:01.388218'),(187,'08:00:00.000000',11,17,2,'2024-01-26','2024-02-10 10:19:15.082740'),(188,'08:00:00.000000',9,17,2,'2024-01-26','2024-02-10 10:19:32.701916'),(189,'08:00:00.000000',12,17,2,'2024-01-26','2024-02-10 10:19:46.234397'),(190,'08:00:00.000000',13,17,2,'2024-01-26','2024-02-10 10:20:05.128955'),(191,'08:00:00.000000',14,17,2,'2024-01-26','2024-02-10 10:20:19.743720'),(192,'08:00:00.000000',15,17,2,'2024-01-26','2024-02-10 10:20:33.230079'),(193,'08:00:00.000000',16,17,2,'2024-01-26','2024-02-10 10:20:45.601991'),(194,'08:00:00.000000',17,17,2,'2024-01-26','2024-02-10 10:20:59.134230'),(195,'08:00:00.000000',18,17,2,'2024-01-26','2024-02-10 10:21:10.600787'),(196,'08:00:00.000000',19,17,2,'2024-01-26','2024-02-10 10:21:27.898778'),(197,'08:00:00.000000',3,17,3,'2024-01-26','2024-02-10 10:21:58.478383'),(198,'08:00:00.000000',4,17,3,'2024-01-26','2024-02-10 10:22:12.731387'),(199,'08:00:00.000000',5,17,3,'2024-01-26','2024-02-10 10:22:26.004976'),(200,'08:00:00.000000',5,17,3,'2024-01-26','2024-02-10 10:22:39.571955'),(201,'08:00:00.000000',6,17,3,'2024-01-26','2024-02-10 10:22:53.481076'),(202,'08:00:00.000000',6,17,3,'2024-01-26','2024-02-10 10:23:07.915410'),(203,'08:00:00.000000',7,17,3,'2024-01-26','2024-02-10 10:23:21.914227'),(204,'08:00:00.000000',8,17,3,'2024-01-26','2024-02-10 10:23:35.406095'),(205,'08:00:00.000000',10,17,3,'2024-01-26','2024-02-10 10:23:48.001630'),(206,'08:00:00.000000',15,17,3,'2024-01-26','2024-02-10 10:24:13.377163'),(207,'08:00:00.000000',9,17,3,'2024-01-26','2024-02-10 10:24:33.720706'),(208,'08:00:00.000000',12,17,3,'2024-01-26','2024-02-10 10:24:49.687524'),(209,'08:00:00.000000',13,17,3,'2024-01-26','2024-02-10 11:40:42.299598'),(210,'08:00:00.000000',14,17,3,'2024-01-26','2024-02-10 11:40:56.041301'),(211,'08:00:00.000000',15,17,3,'2024-01-26','2024-02-10 11:41:10.272520'),(212,'08:00:00.000000',16,17,3,'2024-01-26','2024-02-10 11:41:31.573113'),(213,'08:00:00.000000',17,17,3,'2024-01-26','2024-02-10 11:41:46.220693'),(214,'08:00:00.000000',18,17,3,'2024-01-26','2024-02-10 11:42:00.318604'),(215,'08:00:00.000000',19,17,3,'2024-01-26','2024-02-10 11:42:23.287976'),(216,'02:40:00.000000',3,14,1,'2024-02-10','2024-02-12 08:08:05.948713'),(217,'05:00:00.000000',4,16,1,'2024-02-10','2024-02-12 08:08:38.625845'),(218,'07:00:00.000000',5,16,1,'2024-02-10','2024-02-12 08:08:56.724734'),(219,'00:50:00.000000',6,19,1,'2024-02-10','2024-02-12 08:09:19.807909'),(220,'00:50:00.000000',7,19,1,'2024-02-10','2024-02-12 08:09:33.396678'),(221,'00:50:00.000000',8,19,1,'2024-02-10','2024-02-12 08:09:45.733127'),(222,'00:50:00.000000',10,19,1,'2024-02-10','2024-02-12 08:10:01.059178'),(223,'08:00:00.000000',20,14,1,'2024-02-10','2024-02-12 08:10:37.521230'),(224,'08:00:00.000000',21,14,1,'2024-02-10','2024-02-12 08:10:56.961948'),(225,'01:00:00.000000',3,15,2,'2024-02-10','2024-02-12 08:11:14.877902'),(226,'02:30:00.000000',4,14,2,'2024-02-10','2024-02-12 08:11:35.679951'),(227,'03:20:00.000000',5,16,2,'2024-02-10','2024-02-12 08:12:13.234699'),(228,'00:40:00.000000',11,13,2,'2024-02-10','2024-02-12 08:13:00.154250'),(229,'08:01:00.000000',20,14,2,'2024-02-10','2024-02-12 08:46:25.721370'),(230,'08:01:00.000000',21,14,2,'2024-02-10','2024-02-12 08:46:25.725367'),(231,'01:00:00.000000',3,15,3,'2024-02-10','2024-02-12 08:47:15.088542'),(232,'02:00:00.000000',4,14,3,'2024-02-10','2024-02-12 08:47:30.434543'),(233,'07:30:00.000000',6,16,3,'2024-02-10','2024-02-12 08:47:52.119666'),(234,'07:15:00.000000',9,16,3,'2024-02-10','2024-02-12 08:48:15.581901'),(235,'08:00:00.000000',20,14,3,'2024-02-10','2024-02-12 08:48:47.146834'),(236,'08:00:00.000000',21,14,3,'2024-02-10','2024-02-12 08:48:47.146834'),(237,'01:10:00.000000',22,23,1,'2024-02-11','2024-02-12 09:30:49.425569'),(238,'01:05:00.000000',22,23,3,'2024-02-11','2024-02-12 09:31:17.779332'),(239,'00:45:00.000000',22,23,1,'2024-02-10','2024-02-12 09:32:56.026482'),(240,'00:20:00.000000',22,23,3,'2024-02-10','2024-02-12 09:33:18.046336'),(241,'00:40:00.000000',22,13,1,'2024-02-09','2024-02-12 09:33:50.933007'),(242,'00:30:00.000000',22,13,2,'2024-02-09','2024-02-12 09:34:04.945543'),(243,'00:40:00.000000',22,20,3,'2024-02-09','2024-02-12 09:34:25.955181'),(244,'00:35:00.000000',22,23,3,'2024-02-08','2024-02-12 09:36:11.000842'),(245,'03:00:00.000000',3,15,1,'2024-02-12','2024-02-13 07:40:03.708139'),(246,'02:45:00.000000',4,15,1,'2024-02-12','2024-02-13 07:40:17.903010'),(247,'00:30:00.000000',6,19,1,'2024-02-12','2024-02-13 07:40:42.218095'),(248,'00:30:00.000000',7,19,1,'2024-02-12','2024-02-13 07:40:42.221061'),(249,'00:30:00.000000',10,19,1,'2024-02-12','2024-02-13 07:40:42.224244'),(250,'00:40:00.000000',7,13,1,'2024-02-12','2024-02-13 07:41:06.076054'),(251,'08:00:00.000000',8,16,1,'2024-02-12','2024-02-13 07:41:35.330028'),(252,'08:00:00.000000',13,16,1,'2024-02-12','2024-02-13 07:41:35.330028'),(253,'01:30:00.000000',11,16,1,'2024-02-12','2024-02-13 07:42:03.641785'),(254,'03:30:00.000000',15,14,1,'2024-02-12','2024-02-13 07:42:27.601606'),(255,'01:01:00.000000',17,16,1,'2024-02-12','2024-02-13 07:43:04.691544'),(256,'04:00:00.000000',18,16,1,'2024-02-12','2024-02-13 07:43:28.996701'),(257,'04:00:00.000000',19,16,1,'2024-02-12','2024-02-13 07:43:28.996701'),(258,'08:00:00.000000',20,14,1,'2024-02-12','2024-02-13 07:43:53.511109'),(259,'08:00:00.000000',21,14,1,'2024-02-12','2024-02-13 07:43:53.513432'),(260,'08:00:00.000000',20,14,2,'2024-02-12','2024-02-13 07:44:09.314906'),(261,'08:00:00.000000',21,14,2,'2024-02-12','2024-02-13 07:44:09.314906'),(262,'08:00:00.000000',20,14,3,'2024-02-12','2024-02-13 07:44:27.033712'),(263,'08:00:00.000000',21,14,3,'2024-02-12','2024-02-13 07:44:27.037223'),(264,'01:30:00.000000',3,15,2,'2024-02-12','2024-02-13 07:44:49.345862'),(265,'01:30:00.000000',4,15,2,'2024-02-12','2024-02-13 07:44:49.349569'),(266,'00:30:00.000000',6,19,2,'2024-02-12','2024-02-13 07:45:23.162546'),(267,'00:30:00.000000',7,19,2,'2024-02-12','2024-02-13 07:45:23.162546'),(268,'00:30:00.000000',14,19,2,'2024-02-12','2024-02-13 07:45:23.162546'),(269,'00:30:00.000000',15,19,2,'2024-02-12','2024-02-13 07:45:23.172547'),(270,'01:00:00.000000',8,16,2,'2024-02-12','2024-02-13 07:45:47.916264'),(271,'01:00:00.000000',8,21,2,'2024-02-12','2024-02-13 07:46:01.296804'),(272,'02:00:00.000000',13,13,2,'2024-02-12','2024-02-13 07:46:28.568161'),(273,'02:00:00.000000',13,14,2,'2024-02-12','2024-02-13 07:46:46.973856'),(274,'03:00:00.000000',17,16,2,'2024-02-12','2024-02-13 07:47:13.802668'),(275,'03:30:00.000000',22,13,2,'2024-02-12','2024-02-13 07:47:49.346157'),(276,'00:40:00.000000',22,20,3,'2024-02-12','2024-02-13 07:48:15.709660'),(277,'00:30:00.000000',8,21,3,'2024-02-12','2024-02-13 07:48:41.600797'),(278,'08:00:00.000000',10,16,3,'2024-02-12','2024-02-13 07:49:10.993705'),(279,'07:30:00.000000',13,16,3,'2024-02-12','2024-02-13 07:49:31.462298'),(280,'02:10:00.000000',3,15,1,'2024-02-11','2024-02-13 08:24:35.948577'),(281,'03:15:00.000000',4,15,1,'2024-02-11','2024-02-13 08:24:51.813252'),(282,'02:00:00.000000',5,13,1,'2024-02-11','2024-02-13 08:25:06.297360'),(283,'01:00:00.000000',6,16,1,'2024-02-11','2024-02-13 08:25:19.164523'),(284,'04:00:00.000000',7,16,1,'2024-02-11','2024-02-13 08:25:45.084144'),(285,'00:25:00.000000',8,19,1,'2024-02-11','2024-02-13 08:26:08.940442'),(286,'00:25:00.000000',10,19,1,'2024-02-11','2024-02-13 08:26:08.940442'),(287,'03:00:00.000000',9,14,1,'2024-02-11','2024-02-13 08:26:33.151492'),(288,'06:00:00.000000',12,16,1,'2024-02-11','2024-02-13 08:26:54.359298'),(289,'08:00:00.000000',20,14,1,'2024-02-11','2024-02-13 08:27:28.553018'),(290,'08:00:00.000000',21,14,1,'2024-02-11','2024-02-13 08:27:28.556017'),(291,'08:00:00.000000',20,14,2,'2024-02-11','2024-02-13 08:27:44.558615'),(292,'08:00:00.000000',21,14,2,'2024-02-11','2024-02-13 08:27:44.560030'),(293,'08:00:00.000000',20,14,3,'2024-02-11','2024-02-13 08:28:00.175544'),(294,'08:00:00.000000',21,14,3,'2024-02-11','2024-02-13 08:28:00.175745'),(295,'02:20:00.000000',3,15,2,'2024-02-11','2024-02-13 08:28:26.704384'),(296,'03:20:00.000000',4,15,2,'2024-02-11','2024-02-13 08:28:39.141785'),(297,'00:30:00.000000',6,19,2,'2024-02-11','2024-02-13 08:29:02.793333'),(298,'00:30:00.000000',8,19,2,'2024-02-11','2024-02-13 08:29:02.802417'),(299,'00:30:00.000000',10,19,2,'2024-02-11','2024-02-13 08:29:02.802417'),(300,'03:00:00.000000',7,16,2,'2024-02-11','2024-02-13 08:29:18.375081'),(301,'02:30:00.000000',11,16,2,'2024-02-11','2024-02-13 08:29:37.810861'),(302,'05:00:00.000000',12,14,2,'2024-02-11','2024-02-13 08:29:54.065058'),(303,'03:00:00.000000',15,14,2,'2024-02-11','2024-02-13 08:30:08.615438'),(304,'00:30:00.000000',16,16,2,'2024-02-11','2024-02-13 08:30:44.294633'),(305,'02:00:00.000000',3,15,3,'2024-02-11','2024-02-13 08:31:03.393218'),(306,'02:00:00.000000',4,15,3,'2024-02-11','2024-02-13 08:31:03.406211'),(307,'00:30:00.000000',8,16,3,'2024-02-11','2024-02-13 08:31:23.120166'),(308,'08:00:00.000000',11,16,3,'2024-02-11','2024-02-13 08:31:36.803661'),(309,'08:00:00.000000',15,16,3,'2024-02-11','2024-02-13 08:31:53.378054'),(310,'01:45:00.000000',16,16,3,'2024-02-11','2024-02-13 08:32:24.397822'),(311,'00:20:00.000000',3,25,3,'2024-02-09','2024-02-13 08:39:20.086463'),(312,'00:20:00.000000',4,25,3,'2024-02-09','2024-02-13 08:39:20.089064'),(313,'00:20:00.000000',5,25,3,'2024-02-09','2024-02-13 08:39:20.101427'),(315,'00:20:00.000000',7,25,3,'2024-02-09','2024-02-13 08:39:20.111424'),(316,'00:20:00.000000',8,25,3,'2024-02-09','2024-02-13 08:39:20.121422'),(317,'00:20:00.000000',10,25,3,'2024-02-09','2024-02-13 08:39:20.138236'),(318,'00:20:00.000000',11,25,3,'2024-02-09','2024-02-13 08:39:20.140263'),(319,'00:20:00.000000',9,25,3,'2024-02-09','2024-02-13 08:39:20.151236'),(320,'00:20:00.000000',12,25,3,'2024-02-09','2024-02-13 08:39:20.154440'),(321,'00:20:00.000000',13,25,3,'2024-02-09','2024-02-13 08:39:20.171192'),(322,'00:20:00.000000',14,25,3,'2024-02-09','2024-02-13 08:39:20.174066'),(323,'00:20:00.000000',15,25,3,'2024-02-09','2024-02-13 08:39:20.182264'),(324,'00:20:00.000000',16,25,3,'2024-02-09','2024-02-13 08:39:20.185850'),(326,'00:20:00.000000',18,25,3,'2024-02-09','2024-02-13 08:39:20.205572'),(327,'00:20:00.000000',19,25,3,'2024-02-09','2024-02-13 08:39:20.213623'),(328,'02:30:00.000000',3,14,3,'2024-02-09','2024-02-13 08:39:53.573157'),(329,'04:30:00.000000',4,14,3,'2024-02-09','2024-02-13 08:40:09.256618'),(330,'07:00:00.000000',8,14,3,'2024-02-09','2024-02-13 08:40:24.514340'),(331,'01:00:00.000000',11,21,3,'2024-02-09','2024-02-13 08:40:42.676540'),(332,'06:00:00.000000',13,14,3,'2024-02-09','2024-02-13 08:41:07.287130'),(333,'01:15:00.000000',15,12,3,'2024-02-09','2024-02-13 08:41:24.007299'),(334,'00:20:00.000000',6,25,3,'2024-02-09','2024-02-13 08:43:43.494831'),(335,'08:00:00.000000',20,14,3,'2024-02-09','2024-02-13 08:44:28.203714'),(336,'08:00:00.000000',21,14,3,'2024-02-09','2024-02-13 08:44:28.207059'),(337,'08:00:00.000000',20,14,2,'2024-02-09','2024-02-13 08:45:38.661848'),(338,'08:00:00.000000',21,14,2,'2024-02-09','2024-02-13 08:45:38.661848'),(339,'08:00:00.000000',20,14,1,'2024-02-09','2024-02-13 08:45:51.876679'),(340,'08:00:00.000000',21,14,1,'2024-02-09','2024-02-13 08:45:51.879933'),(341,'01:30:00.000000',3,15,1,'2024-02-09','2024-02-13 08:46:14.303236'),(342,'01:00:00.000000',4,15,1,'2024-02-09','2024-02-13 08:46:25.028177'),(343,'01:40:00.000000',5,15,1,'2024-02-09','2024-02-13 08:46:42.149908'),(344,'08:00:00.000000',3,17,1,'2024-02-09','2024-02-13 08:47:41.844263'),(345,'08:00:00.000000',4,17,1,'2024-02-09','2024-02-13 08:47:41.847407'),(346,'08:00:00.000000',5,17,1,'2024-02-09','2024-02-13 08:47:41.848547'),(347,'08:00:00.000000',6,17,1,'2024-02-09','2024-02-13 08:47:41.848547'),(348,'08:00:00.000000',7,17,1,'2024-02-09','2024-02-13 08:47:41.848547'),(349,'08:00:00.000000',8,17,1,'2024-02-09','2024-02-13 08:47:41.858548'),(350,'08:00:00.000000',10,17,1,'2024-02-09','2024-02-13 08:47:41.858548'),(351,'08:00:00.000000',11,17,1,'2024-02-09','2024-02-13 08:47:41.858548'),(352,'08:00:00.000000',9,17,1,'2024-02-09','2024-02-13 08:47:41.868546'),(353,'08:00:00.000000',12,17,1,'2024-02-09','2024-02-13 08:47:41.868546'),(354,'08:00:00.000000',13,17,1,'2024-02-09','2024-02-13 08:47:41.868546'),(355,'08:00:00.000000',14,17,1,'2024-02-09','2024-02-13 08:47:41.868546'),(356,'08:00:00.000000',15,17,1,'2024-02-09','2024-02-13 08:47:41.878547'),(357,'08:00:00.000000',16,17,1,'2024-02-09','2024-02-13 08:47:41.888547'),(358,'08:00:00.000000',17,17,1,'2024-02-09','2024-02-13 08:47:41.888547'),(359,'08:00:00.000000',18,17,1,'2024-02-09','2024-02-13 08:47:41.888547'),(360,'08:00:00.000000',19,17,1,'2024-02-09','2024-02-13 08:47:41.888547'),(361,'08:00:00.000000',3,16,2,'2024-02-09','2024-02-13 08:49:24.228151'),(362,'06:00:00.000000',4,16,2,'2024-02-09','2024-02-13 08:49:40.725747'),(363,'08:00:00.000000',3,17,2,'2024-02-09','2024-02-13 08:51:01.747953'),(364,'08:00:00.000000',4,17,2,'2024-02-09','2024-02-13 08:51:01.747953'),(365,'08:00:00.000000',5,17,2,'2024-02-09','2024-02-13 08:51:01.757954'),(366,'08:00:00.000000',6,17,2,'2024-02-09','2024-02-13 08:51:01.757954'),(367,'08:00:00.000000',7,17,2,'2024-02-09','2024-02-13 08:51:01.757954'),(368,'08:00:00.000000',8,17,2,'2024-02-09','2024-02-13 08:51:01.757954'),(369,'08:00:00.000000',10,17,2,'2024-02-09','2024-02-13 08:51:01.767952'),(370,'08:00:00.000000',11,17,2,'2024-02-09','2024-02-13 08:51:01.767952'),(371,'08:00:00.000000',9,17,2,'2024-02-09','2024-02-13 08:51:01.767952'),(372,'08:00:00.000000',12,17,2,'2024-02-09','2024-02-13 08:51:01.777956'),(373,'08:00:00.000000',13,17,2,'2024-02-09','2024-02-13 08:51:01.777956'),(374,'08:00:00.000000',14,17,2,'2024-02-09','2024-02-13 08:51:01.777956'),(375,'08:00:00.000000',15,17,2,'2024-02-09','2024-02-13 08:51:01.777956'),(376,'08:00:00.000000',16,17,2,'2024-02-09','2024-02-13 08:51:01.787954'),(377,'08:00:00.000000',17,17,2,'2024-02-09','2024-02-13 08:51:01.787954'),(378,'08:00:00.000000',18,17,2,'2024-02-09','2024-02-13 08:51:01.787954'),(379,'08:00:00.000000',19,17,2,'2024-02-09','2024-02-13 08:51:01.797951'),(380,'03:10:00.000000',3,13,1,'2024-02-13','2024-02-14 07:39:27.654293'),(381,'02:40:00.000000',4,14,1,'2024-02-13','2024-02-14 07:41:06.690740'),(382,'00:25:00.000000',6,19,1,'2024-02-13','2024-02-14 07:41:33.819489'),(383,'00:25:00.000000',7,19,1,'2024-02-13','2024-02-14 07:41:33.823062'),(384,'00:25:00.000000',8,19,1,'2024-02-13','2024-02-14 07:41:33.826256'),(385,'00:25:00.000000',11,19,1,'2024-02-13','2024-02-14 07:41:33.829527'),(386,'03:00:00.000000',10,16,1,'2024-02-13','2024-02-14 07:41:50.422410'),(387,'05:00:00.000000',14,14,1,'2024-02-13','2024-02-14 07:42:07.452149'),(388,'01:36:00.000000',16,14,1,'2024-02-13','2024-02-14 07:43:21.648807'),(389,'01:00:00.000000',17,16,1,'2024-02-13','2024-02-14 07:43:41.556748'),(390,'02:40:00.000000',20,16,1,'2024-02-13','2024-02-14 07:44:03.648414'),(391,'02:40:00.000000',21,16,1,'2024-02-13','2024-02-14 07:44:03.658414'),(392,'01:00:00.000000',3,15,2,'2024-02-13','2024-02-14 07:44:27.710285'),(393,'01:10:00.000000',4,15,2,'2024-02-13','2024-02-14 07:44:57.181237'),(394,'01:10:00.000000',10,21,2,'2024-02-13','2024-02-14 07:45:16.652129'),(395,'00:30:00.000000',12,13,2,'2024-02-13','2024-02-14 07:45:33.930560'),(396,'02:00:00.000000',14,13,2,'2024-02-13','2024-02-14 07:45:47.859180'),(397,'01:00:00.000000',17,16,2,'2024-02-13','2024-02-14 07:46:05.688752'),(398,'01:00:00.000000',3,15,3,'2024-02-13','2024-02-14 07:46:31.704874'),(399,'02:30:00.000000',4,14,3,'2024-02-13','2024-02-14 07:46:47.528178'),(400,'02:15:00.000000',22,13,2,'2024-02-13','2024-02-14 07:47:30.569176');
/*!40000 ALTER TABLE `mrp_assetfailure` ENABLE KEYS */;
UNLOCK TABLES;

--
-- Table structure for table `nezafatpadash`
--

DROP TABLE IF EXISTS `nezafatpadash`;
/*!40101 SET @saved_cs_client     = @@character_set_client */;
/*!40101 SET character_set_client = utf8 */;
CREATE TABLE `nezafatpadash` (
  `id` bigint(20) NOT NULL AUTO_INCREMENT,
  `rank` int(11) NOT NULL,
  `price_personnel` decimal(10,2) NOT NULL,
  `description` longtext NOT NULL,
  `price_sarshift` decimal(10,2) NOT NULL,
  PRIMARY KEY (`id`)
) ENGINE=InnoDB AUTO_INCREMENT=4 DEFAULT CHARSET=utf8 COLLATE=utf8_unicode_ci;
/*!40101 SET character_set_client = @saved_cs_client */;

--
-- Dumping data for table `nezafatpadash`
--

LOCK TABLES `nezafatpadash` WRITE;
/*!40000 ALTER TABLE `nezafatpadash` DISABLE KEYS */;
INSERT INTO `nezafatpadash` VALUES (1,1,50000000.00,'رتبه اول نظافت',80000000.00),(2,2,35000000.00,'رتبه دوم نظافت',60000000.00),(3,3,20000000.00,'رتبه سوم نظافت',40000000.00);
/*!40000 ALTER TABLE `nezafatpadash` ENABLE KEYS */;
UNLOCK TABLES;

--
-- Table structure for table `nezafatranking`
--

DROP TABLE IF EXISTS `nezafatranking`;
/*!40101 SET @saved_cs_client     = @@character_set_client */;
/*!40101 SET character_set_client = utf8 */;
CREATE TABLE `nezafatranking` (
  `id` bigint(20) NOT NULL AUTO_INCREMENT,
  `rank` int(11) NOT NULL,
  `asset_randeman_list_id` bigint(20) NOT NULL,
  `shift_id` bigint(20) NOT NULL,
  PRIMARY KEY (`id`),
  KEY `nezafatranking_asset_randeman_list__5722f5aa_fk_assetrand` (`asset_randeman_list_id`),
  KEY `nezafatranking_shift_id_e3755b1c_fk_shift_id` (`shift_id`),
  CONSTRAINT `nezafatranking_asset_randeman_list__5722f5aa_fk_assetrand` FOREIGN KEY (`asset_randeman_list_id`) REFERENCES `assetrandemanlist` (`id`),
  CONSTRAINT `nezafatranking_shift_id_e3755b1c_fk_shift_id` FOREIGN KEY (`shift_id`) REFERENCES `shift` (`id`)
) ENGINE=InnoDB AUTO_INCREMENT=19 DEFAULT CHARSET=utf8 COLLATE=utf8_unicode_ci;
/*!40101 SET character_set_client = @saved_cs_client */;

--
-- Dumping data for table `nezafatranking`
--

LOCK TABLES `nezafatranking` WRITE;
/*!40000 ALTER TABLE `nezafatranking` DISABLE KEYS */;
INSERT INTO `nezafatranking` VALUES (7,2,26,1),(8,3,26,2),(9,1,26,3),(16,1,29,1),(17,2,29,2),(18,3,29,3);
/*!40000 ALTER TABLE `nezafatranking` ENABLE KEYS */;
UNLOCK TABLES;

--
-- Table structure for table `productionstandard`
--

DROP TABLE IF EXISTS `productionstandard`;
/*!40101 SET @saved_cs_client     = @@character_set_client */;
/*!40101 SET character_set_client = utf8 */;
CREATE TABLE `productionstandard` (
  `id` bigint(20) NOT NULL AUTO_INCREMENT,
  `good_production_rate` int(11) NOT NULL,
  `mean_production_rate` int(11) NOT NULL,
  `bad_production_rate` int(11) NOT NULL,
  `machine_name_id` bigint(20) NOT NULL,
  PRIMARY KEY (`id`),
  KEY `productionstandard_machine_name_id_df3d2ff2_fk_assets_id` (`machine_name_id`),
  CONSTRAINT `productionstandard_machine_name_id_df3d2ff2_fk_assets_id` FOREIGN KEY (`machine_name_id`) REFERENCES `assets` (`id`)
) ENGINE=InnoDB AUTO_INCREMENT=21 DEFAULT CHARSET=utf8 COLLATE=utf8_unicode_ci;
/*!40101 SET character_set_client = @saved_cs_client */;

--
-- Dumping data for table `productionstandard`
--

LOCK TABLES `productionstandard` WRITE;
/*!40000 ALTER TABLE `productionstandard` DISABLE KEYS */;
INSERT INTO `productionstandard` VALUES (1,8000,7000,7000,3),(2,7000,6000,6000,4),(3,8000,7000,7000,5),(4,1250,1120,1120,6),(5,1250,1120,1120,7),(6,1250,1120,1120,8),(7,1250,1120,1120,10),(8,1800,1600,1600,11),(9,1250,1120,1120,9),(10,1250,1120,1120,12),(11,1250,1120,1120,13),(12,1250,1120,1120,14),(13,1800,1600,1600,15),(14,6600,6000,6000,16),(15,2600,2100,2100,17),(16,2600,2100,2100,18),(17,2600,2100,2100,19),(18,4600,4200,4200,22),(19,1200,1000,1000,20),(20,1200,1000,1000,21);
/*!40000 ALTER TABLE `productionstandard` ENABLE KEYS */;
UNLOCK TABLES;

--
-- Table structure for table `shift`
--

DROP TABLE IF EXISTS `shift`;
/*!40101 SET @saved_cs_client     = @@character_set_client */;
/*!40101 SET character_set_client = utf8 */;
CREATE TABLE `shift` (
  `id` bigint(20) NOT NULL AUTO_INCREMENT,
  `name` varchar(255) NOT NULL,
  PRIMARY KEY (`id`)
) ENGINE=InnoDB AUTO_INCREMENT=4 DEFAULT CHARSET=utf8 COLLATE=utf8_unicode_ci;
/*!40101 SET character_set_client = @saved_cs_client */;

--
-- Dumping data for table `shift`
--

LOCK TABLES `shift` WRITE;
/*!40000 ALTER TABLE `shift` DISABLE KEYS */;
INSERT INTO `shift` VALUES (1,'زین الدین A'),(2,'فعله گری B'),(3,'ابریشمی C');
/*!40000 ALTER TABLE `shift` ENABLE KEYS */;
UNLOCK TABLES;

--
-- Table structure for table `speedformula`
--

DROP TABLE IF EXISTS `speedformula`;
/*!40101 SET @saved_cs_client     = @@character_set_client */;
/*!40101 SET character_set_client = utf8 */;
CREATE TABLE `speedformula` (
  `id` bigint(20) NOT NULL AUTO_INCREMENT,
  `formula` varchar(255) NOT NULL,
  `machine_id` bigint(20) NOT NULL,
  PRIMARY KEY (`id`),
  UNIQUE KEY `machine_id` (`machine_id`),
  CONSTRAINT `speedformula_machine_id_3269048b_fk_assets_id` FOREIGN KEY (`machine_id`) REFERENCES `assets` (`id`)
) ENGINE=InnoDB AUTO_INCREMENT=21 DEFAULT CHARSET=utf8 COLLATE=utf8_unicode_ci;
/*!40101 SET character_set_client = @saved_cs_client */;

--
-- Dumping data for table `speedformula`
--

LOCK TABLES `speedformula` WRITE;
/*!40000 ALTER TABLE `speedformula` DISABLE KEYS */;
INSERT INTO `speedformula` VALUES (1,'Z*60*8*3*P/1000',3),(2,'Z*60*8*3*P/1000',4),(3,'Z*60*8*3*24*P/1000',5),(4,'Z*60*8*3*816/(P*1000)',6),(5,'Z*60*8*3*816/(P*1000)',7),(6,'Z*60*8*3*816/(P*1000)',8),(7,'Z*60*8*3*816/(P*1000)',10),(8,'(Z*60*8*3*1200)/(1000*21.1)',11),(9,'(Z*60*8*3*28)/(1000*21.1)',9),(10,'(Z*60*8*3*28)/(1000*21.1)',12),(11,'(Z*60*8*3*28)/(1000*21.1)',13),(12,'(Z*60*8*3*28)/(1000*21.1)',14),(13,'(Z*60*8*3*40)/(1000*21.1)',15),(14,'630*60*8*3*60/7000',16),(15,'Z*60*24*191/7000',17),(16,'Z*60*24*191/7000',18),(17,'Z*60*24*191/7000',19),(18,'Z*60*24*60/7000',22),(19,'Z*60*8*3*24/7000',20),(20,'Z*60*8*3*24/7000',21);
/*!40000 ALTER TABLE `speedformula` ENABLE KEYS */;
UNLOCK TABLES;

--
-- Table structure for table `sysusers`
--

DROP TABLE IF EXISTS `sysusers`;
/*!40101 SET @saved_cs_client     = @@character_set_client */;
/*!40101 SET character_set_client = utf8 */;
CREATE TABLE `sysusers` (
  `id` bigint(20) NOT NULL AUTO_INCREMENT,
  `password` varchar(20) NOT NULL,
  `token` varchar(20) DEFAULT NULL,
  `fullName` varchar(50) NOT NULL,
  `personalCode` varchar(50) NOT NULL,
  `title` varchar(50) DEFAULT NULL,
  `email` varchar(70) DEFAULT NULL,
  `tel1` varchar(50) DEFAULT NULL,
  `tel2` varchar(50) DEFAULT NULL,
  `addr1` varchar(50) DEFAULT NULL,
  `addr2` varchar(50) DEFAULT NULL,
  `city` varchar(50) DEFAULT NULL,
  `state` varchar(50) DEFAULT NULL,
  `country` varchar(50) DEFAULT NULL,
  `postalCode` varchar(50) DEFAULT NULL,
  `hourlyRate` double DEFAULT NULL,
  `defaultLoginLocation` double DEFAULT NULL,
  `profileImage` varchar(100) NOT NULL,
  `userStatus` tinyint(1) NOT NULL,
  `userId_id` int(11) DEFAULT NULL,
  PRIMARY KEY (`id`),
  UNIQUE KEY `email` (`email`),
  UNIQUE KEY `userId_id` (`userId_id`),
  CONSTRAINT `sysusers_userId_id_f6b44698_fk_auth_user_id` FOREIGN KEY (`userId_id`) REFERENCES `auth_user` (`id`)
) ENGINE=InnoDB DEFAULT CHARSET=utf8 COLLATE=utf8_unicode_ci;
/*!40101 SET character_set_client = @saved_cs_client */;

--
-- Dumping data for table `sysusers`
--

LOCK TABLES `sysusers` WRITE;
/*!40000 ALTER TABLE `sysusers` DISABLE KEYS */;
/*!40000 ALTER TABLE `sysusers` ENABLE KEYS */;
UNLOCK TABLES;

--
-- Table structure for table `tolidpadash`
--

DROP TABLE IF EXISTS `tolidpadash`;
/*!40101 SET @saved_cs_client     = @@character_set_client */;
/*!40101 SET character_set_client = utf8 */;
CREATE TABLE `tolidpadash` (
  `id` bigint(20) NOT NULL AUTO_INCREMENT,
  `description` longtext NOT NULL,
  `rank` int(11) NOT NULL,
  `price_sarshift` decimal(10,2) NOT NULL,
  `price_personnel` decimal(10,2) NOT NULL,
  PRIMARY KEY (`id`)
) ENGINE=InnoDB AUTO_INCREMENT=4 DEFAULT CHARSET=utf8 COLLATE=utf8_unicode_ci;
/*!40101 SET character_set_client = @saved_cs_client */;

--
-- Dumping data for table `tolidpadash`
--

LOCK TABLES `tolidpadash` WRITE;
/*!40000 ALTER TABLE `tolidpadash` DISABLE KEYS */;
INSERT INTO `tolidpadash` VALUES (1,'رتبه اول تولید',1,95000000.00,95000000.00),(2,'رتبه دوم تولید',2,75000000.00,75000000.00),(3,'رتبه سوم تولید',3,55000000.00,55000000.00);
/*!40000 ALTER TABLE `tolidpadash` ENABLE KEYS */;
UNLOCK TABLES;

--
-- Table structure for table `tolidranking`
--

DROP TABLE IF EXISTS `tolidranking`;
/*!40101 SET @saved_cs_client     = @@character_set_client */;
/*!40101 SET character_set_client = utf8 */;
CREATE TABLE `tolidranking` (
  `id` bigint(20) NOT NULL AUTO_INCREMENT,
  `rank` int(11) NOT NULL,
  `asset_randeman_list_id` bigint(20) NOT NULL,
  `shift_id` bigint(20) NOT NULL,
  PRIMARY KEY (`id`),
  KEY `tolidranking_asset_randeman_list__eaf3b438_fk_assetrand` (`asset_randeman_list_id`),
  KEY `tolidranking_shift_id_c556bbb1_fk_shift_id` (`shift_id`),
  CONSTRAINT `tolidranking_asset_randeman_list__eaf3b438_fk_assetrand` FOREIGN KEY (`asset_randeman_list_id`) REFERENCES `assetrandemanlist` (`id`),
  CONSTRAINT `tolidranking_shift_id_c556bbb1_fk_shift_id` FOREIGN KEY (`shift_id`) REFERENCES `shift` (`id`)
) ENGINE=InnoDB AUTO_INCREMENT=19 DEFAULT CHARSET=utf8 COLLATE=utf8_unicode_ci;
/*!40101 SET character_set_client = @saved_cs_client */;

--
-- Dumping data for table `tolidranking`
--

LOCK TABLES `tolidranking` WRITE;
/*!40000 ALTER TABLE `tolidranking` DISABLE KEYS */;
INSERT INTO `tolidranking` VALUES (7,2,26,1),(8,1,26,2),(9,3,26,3),(16,1,29,1),(17,2,29,2),(18,3,29,3);
/*!40000 ALTER TABLE `tolidranking` ENABLE KEYS */;
UNLOCK TABLES;

--
-- Table structure for table `zayeat`
--

DROP TABLE IF EXISTS `zayeat`;
/*!40101 SET @saved_cs_client     = @@character_set_client */;
/*!40101 SET character_set_client = utf8 */;
CREATE TABLE `zayeat` (
  `id` bigint(20) NOT NULL AUTO_INCREMENT,
  `name` varchar(100) NOT NULL,
  PRIMARY KEY (`id`)
) ENGINE=InnoDB AUTO_INCREMENT=3 DEFAULT CHARSET=utf8 COLLATE=utf8_unicode_ci;
/*!40101 SET character_set_client = @saved_cs_client */;

--
-- Dumping data for table `zayeat`
--

LOCK TABLES `zayeat` WRITE;
/*!40000 ALTER TABLE `zayeat` DISABLE KEYS */;
INSERT INTO `zayeat` VALUES (1,'پرز'),(2,'سرنخ');
/*!40000 ALTER TABLE `zayeat` ENABLE KEYS */;
UNLOCK TABLES;

--
-- Table structure for table `zayeat_assets`
--

DROP TABLE IF EXISTS `zayeat_assets`;
/*!40101 SET @saved_cs_client     = @@character_set_client */;
/*!40101 SET character_set_client = utf8 */;
CREATE TABLE `zayeat_assets` (
  `id` bigint(20) NOT NULL AUTO_INCREMENT,
  `zayeat_id` bigint(20) NOT NULL,
  `asset_id` bigint(20) NOT NULL,
  PRIMARY KEY (`id`),
  UNIQUE KEY `mrp_zayeat_assets_zayeat_id_asset_id_e84cfd31_uniq` (`zayeat_id`,`asset_id`),
  KEY `mrp_zayeat_assets_asset_id_d73e4418_fk_assets_id` (`asset_id`),
  CONSTRAINT `mrp_zayeat_assets_asset_id_d73e4418_fk_assets_id` FOREIGN KEY (`asset_id`) REFERENCES `assets` (`id`),
  CONSTRAINT `mrp_zayeat_assets_zayeat_id_697cea95_fk_mrp_zayeat_id` FOREIGN KEY (`zayeat_id`) REFERENCES `zayeat` (`id`)
) ENGINE=InnoDB AUTO_INCREMENT=3 DEFAULT CHARSET=utf8 COLLATE=utf8_unicode_ci;
/*!40101 SET character_set_client = @saved_cs_client */;

--
-- Dumping data for table `zayeat_assets`
--

LOCK TABLES `zayeat_assets` WRITE;
/*!40000 ALTER TABLE `zayeat_assets` DISABLE KEYS */;
INSERT INTO `zayeat_assets` VALUES (1,1,2),(2,2,2);
/*!40000 ALTER TABLE `zayeat_assets` ENABLE KEYS */;
UNLOCK TABLES;

--
-- Table structure for table `zayeatvazn`
--

DROP TABLE IF EXISTS `zayeatvazn`;
/*!40101 SET @saved_cs_client     = @@character_set_client */;
/*!40101 SET character_set_client = utf8 */;
CREATE TABLE `zayeatvazn` (
  `id` bigint(20) NOT NULL AUTO_INCREMENT,
  `vazn` double NOT NULL,
  `zayeat_id` bigint(20) NOT NULL,
  `dayOfIssue` date NOT NULL,
  `shift_id` bigint(20) NOT NULL,
  PRIMARY KEY (`id`),
  KEY `mrp_zayeatvaz_zayeat_id_71c38b28_fk_mrp_zayeat_id` (`zayeat_id`),
  KEY `zayeatvazn_shift_id_76d1507f_fk_shift_id` (`shift_id`),
  CONSTRAINT `mrp_zayeatvaz_zayeat_id_71c38b28_fk_mrp_zayeat_id` FOREIGN KEY (`zayeat_id`) REFERENCES `zayeat` (`id`),
  CONSTRAINT `zayeatvazn_shift_id_76d1507f_fk_shift_id` FOREIGN KEY (`shift_id`) REFERENCES `shift` (`id`)
) ENGINE=InnoDB AUTO_INCREMENT=73 DEFAULT CHARSET=utf8 COLLATE=utf8_unicode_ci;
/*!40101 SET character_set_client = @saved_cs_client */;

--
-- Dumping data for table `zayeatvazn`
--

LOCK TABLES `zayeatvazn` WRITE;
/*!40000 ALTER TABLE `zayeatvazn` DISABLE KEYS */;
/*!40000 ALTER TABLE `zayeatvazn` ENABLE KEYS */;
UNLOCK TABLES;
/*!40103 SET TIME_ZONE=@OLD_TIME_ZONE */;

/*!40101 SET SQL_MODE=@OLD_SQL_MODE */;
/*!40014 SET FOREIGN_KEY_CHECKS=@OLD_FOREIGN_KEY_CHECKS */;
/*!40014 SET UNIQUE_CHECKS=@OLD_UNIQUE_CHECKS */;
/*!40101 SET CHARACTER_SET_CLIENT=@OLD_CHARACTER_SET_CLIENT */;
/*!40101 SET CHARACTER_SET_RESULTS=@OLD_CHARACTER_SET_RESULTS */;
/*!40101 SET COLLATION_CONNECTION=@OLD_COLLATION_CONNECTION */;
/*!40111 SET SQL_NOTES=@OLD_SQL_NOTES */;

-- Dump completed on 2024-02-16  8:56:29
